2026-03-07 16:44:10,236 - INFO - ============================================================
2026-03-07 16:44:10,239 - INFO - INICIANDO COLETA DE LICITACOES DE TI
2026-03-07 16:44:10,241 - INFO - ============================================================
2026-03-07 16:44:10,242 - INFO - Periodo: 2026-02-28 a 2026-03-07
2026-03-07 16:44:10,245 - INFO - 
--- COLETANDO MODALIDADE 1 ---
2026-03-07 16:44:10,247 - INFO - Pagina 1 (Modalidade: 1)
2026-03-07 16:44:10,249 - INFO - Requisicao (tentativa 1/5): https://pncp.gov.br/api/consulta/v1/contratacoes/publicacao
2026-03-07 16:44:10,662 - INFO - Requisicao bem-sucedida
2026-03-07 16:44:10,664 - INFO -   2 licitacoes TI nesta pagina
2026-03-07 16:44:10,664 - INFO -   Total: 2 de 10
2026-03-07 16:44:11,674 - INFO - Pagina 2 (Modalidade: 1)
2026-03-07 16:44:11,676 - INFO - Requisicao (tentativa 1/5): https://pncp.gov.br/api/consulta/v1/contratacoes/publicacao
2026-03-07 16:46:11,687 - WARNING - Timeout na requisicao (tentativa 1/5)
2026-03-07 16:46:13,696 - INFO - Requisicao (tentativa 2/5): https://pncp.gov.br/api/consulta/v1/contratacoes/publicacao
2026-03-07 16:46:14,185 - INFO - Requisicao bem-sucedida
2026-03-07 16:46:14,187 - INFO -   4 licitacoes TI nesta pagina
2026-03-07 16:46:14,187 - INFO -   Total: 6 de 20
2026-03-07 16:46:15,197 - INFO - Pagina 3 (Modalidade: 1)
2026-03-07 16:46:15,198 - INFO - Requisicao (tentativa 1/5): https://pncp.gov.br/api/consulta/v1/contratacoes/publicacao
2026-03-07 16:46:15,537 - INFO - Requisicao bem-sucedida
2026-03-07 16:46:15,538 - INFO -   4 licitacoes TI nesta pagina
2026-03-07 16:46:15,539 - INFO -   Total: 10 de 30
2026-03-07 16:46:16,541 - INFO - Pagina 4 (Modalidade: 1)
2026-03-07 16:46:16,541 - INFO - Requisicao (tentativa 1/5): https://pncp.gov.br/api/consulta/v1/contratacoes/publicacao
2026-03-07 16:46:16,733 - INFO - Requisicao bem-sucedida
2026-03-07 16:46:16,734 - INFO -   2 licitacoes TI nesta pagina
2026-03-07 16:46:16,735 - INFO -   Total: 12 de 36
2026-03-07 16:46:17,738 - INFO - Pagina 5 (Modalidade: 1)
2026-03-07 16:46:17,739 - INFO - Requisicao (tentativa 1/5): https://pncp.gov.br/api/consulta/v1/contratacoes/publicacao
2026-03-07 16:46:18,046 - INFO - Sem conteudo (fim da paginacao)
2026-03-07 16:46:18,046 - INFO - Resposta nula - fim da paginacao
2026-03-07 16:46:18,047 - INFO - 
--- COLETANDO MODALIDADE 3 ---
2026-03-07 16:46:18,047 - INFO - Pagina 1 (Modalidade: 3)
2026-03-07 16:46:18,047 - INFO - Requisicao (tentativa 1/5): https://pncp.gov.br/api/consulta/v1/contratacoes/publicacao
2026-03-07 16:46:18,228 - INFO - Requisicao bem-sucedida
2026-03-07 16:46:18,229 - INFO -   4 licitacoes TI nesta pagina
2026-03-07 16:46:18,230 - INFO -   Total: 16 de 41
2026-03-07 16:46:19,237 - INFO - Pagina 2 (Modalidade: 3)
2026-03-07 16:46:19,237 - INFO - Requisicao (tentativa 1/5): https://pncp.gov.br/api/consulta/v1/contratacoes/publicacao
2026-03-07 16:46:19,514 - INFO - Sem conteudo (fim da paginacao)
2026-03-07 16:46:19,514 - INFO - Resposta nula - fim da paginacao
2026-03-07 16:46:19,514 - INFO - 
--- COLETANDO MODALIDADE 8 ---
2026-03-07 16:46:19,515 - INFO - Pagina 1 (Modalidade: 8)
2026-03-07 16:46:19,515 - INFO - Requisicao (tentativa 1/5): https://pncp.gov.br/api/consulta/v1/contratacoes/publicacao
2026-03-07 16:46:20,047 - INFO - Requisicao bem-sucedida
2026-03-07 16:46:20,048 - INFO -   8 licitacoes TI nesta pagina
2026-03-07 16:46:20,049 - INFO -   Total: 24 de 51
2026-03-07 16:46:21,056 - INFO - Pagina 2 (Modalidade: 8)
2026-03-07 16:46:21,056 - INFO - Requisicao (tentativa 1/5): https://pncp.gov.br/api/consulta/v1/contratacoes/publicacao
2026-03-07 16:46:21,283 - INFO - Requisicao bem-sucedida
2026-03-07 16:46:21,284 - INFO -   6 licitacoes TI nesta pagina
2026-03-07 16:46:21,284 - INFO -   Total: 30 de 61
2026-03-07 16:46:22,294 - INFO - Pagina 3 (Modalidade: 8)
2026-03-07 16:46:22,294 - INFO - Requisicao (tentativa 1/5): https://pncp.gov.br/api/consulta/v1/contratacoes/publicacao
2026-03-07 16:46:22,828 - INFO - Requisicao bem-sucedida
2026-03-07 16:46:22,829 - INFO -   3 licitacoes TI nesta pagina
2026-03-07 16:46:22,830 - INFO -   Total: 33 de 71
2026-03-07 16:46:23,840 - INFO - Pagina 4 (Modalidade: 8)
2026-03-07 16:46:23,840 - INFO - Requisicao (tentativa 1/5): https://pncp.gov.br/api/consulta/v1/contratacoes/publicacao
2026-03-07 16:46:24,672 - INFO - Requisicao bem-sucedida
2026-03-07 16:46:24,673 - INFO -   5 licitacoes TI nesta pagina
2026-03-07 16:46:24,673 - INFO -   Total: 38 de 81
2026-03-07 16:46:25,683 - INFO - Pagina 5 (Modalidade: 8)
2026-03-07 16:46:25,684 - INFO - Requisicao (tentativa 1/5): https://pncp.gov.br/api/consulta/v1/contratacoes/publicacao
2026-03-07 16:46:26,177 - INFO - Requisicao bem-sucedida
2026-03-07 16:46:26,177 - INFO -   7 licitacoes TI nesta pagina
2026-03-07 16:46:26,178 - INFO -   Total: 45 de 91
2026-03-07 16:46:27,193 - INFO - Pagina 6 (Modalidade: 8)
2026-03-07 16:46:27,193 - INFO - Requisicao (tentativa 1/5): https://pncp.gov.br/api/consulta/v1/contratacoes/publicacao
2026-03-07 16:46:27,663 - INFO - Requisicao bem-sucedida
2026-03-07 16:46:27,664 - INFO -   6 licitacoes TI nesta pagina
2026-03-07 16:46:27,664 - INFO -   Total: 51 de 101
2026-03-07 16:46:28,679 - INFO - Pagina 7 (Modalidade: 8)
2026-03-07 16:46:28,680 - INFO - Requisicao (tentativa 1/5): https://pncp.gov.br/api/consulta/v1/contratacoes/publicacao
2026-03-07 16:46:29,215 - INFO - Requisicao bem-sucedida
2026-03-07 16:46:29,216 - INFO -   7 licitacoes TI nesta pagina
2026-03-07 16:46:29,217 - INFO -   Total: 58 de 111
2026-03-07 16:46:30,224 - INFO - Pagina 8 (Modalidade: 8)
2026-03-07 16:46:30,226 - INFO - Requisicao (tentativa 1/5): https://pncp.gov.br/api/consulta/v1/contratacoes/publicacao
2026-03-07 16:46:30,455 - INFO - Requisicao bem-sucedida
2026-03-07 16:46:30,457 - INFO -   10 licitacoes TI nesta pagina
2026-03-07 16:46:30,457 - INFO -   Total: 68 de 121
2026-03-07 16:46:31,471 - INFO - Pagina 9 (Modalidade: 8)
2026-03-07 16:46:31,471 - INFO - Requisicao (tentativa 1/5): https://pncp.gov.br/api/consulta/v1/contratacoes/publicacao
2026-03-07 16:46:31,687 - INFO - Requisicao bem-sucedida
2026-03-07 16:46:31,688 - INFO -   8 licitacoes TI nesta pagina
2026-03-07 16:46:31,688 - INFO -   Total: 76 de 131
2026-03-07 16:46:32,703 - INFO - Pagina 10 (Modalidade: 8)
2026-03-07 16:46:32,704 - INFO - Requisicao (tentativa 1/5): https://pncp.gov.br/api/consulta/v1/contratacoes/publicacao
2026-03-07 16:46:33,256 - INFO - Requisicao bem-sucedida
2026-03-07 16:46:33,259 - INFO -   7 licitacoes TI nesta pagina
2026-03-07 16:46:33,259 - INFO -   Total: 83 de 141
2026-03-07 16:46:34,261 - INFO - Pagina 11 (Modalidade: 8)
2026-03-07 16:46:34,261 - INFO - Requisicao (tentativa 1/5): https://pncp.gov.br/api/consulta/v1/contratacoes/publicacao
2026-03-07 16:46:34,773 - INFO - Requisicao bem-sucedida
2026-03-07 16:46:34,774 - INFO -   8 licitacoes TI nesta pagina
2026-03-07 16:46:34,774 - INFO -   Total: 91 de 151
2026-03-07 16:46:35,781 - INFO - Pagina 12 (Modalidade: 8)
2026-03-07 16:46:35,781 - INFO - Requisicao (tentativa 1/5): https://pncp.gov.br/api/consulta/v1/contratacoes/publicacao
2026-03-07 16:46:36,010 - INFO - Requisicao bem-sucedida
2026-03-07 16:46:36,011 - INFO -   7 licitacoes TI nesta pagina
2026-03-07 16:46:36,012 - INFO -   Total: 98 de 161
2026-03-07 16:46:37,027 - INFO - Pagina 13 (Modalidade: 8)
2026-03-07 16:46:37,027 - INFO - Requisicao (tentativa 1/5): https://pncp.gov.br/api/consulta/v1/contratacoes/publicacao
2026-03-07 16:46:37,544 - INFO - Requisicao bem-sucedida
2026-03-07 16:46:37,545 - INFO -   8 licitacoes TI nesta pagina
2026-03-07 16:46:37,545 - INFO -   Total: 106 de 171
2026-03-07 16:46:38,556 - INFO - Pagina 14 (Modalidade: 8)
2026-03-07 16:46:38,556 - INFO - Requisicao (tentativa 1/5): https://pncp.gov.br/api/consulta/v1/contratacoes/publicacao
2026-03-07 16:46:38,824 - INFO - Requisicao bem-sucedida
2026-03-07 16:46:38,826 - INFO -   10 licitacoes TI nesta pagina
2026-03-07 16:46:38,826 - INFO -   Total: 116 de 181
2026-03-07 16:46:39,833 - INFO - Pagina 15 (Modalidade: 8)
2026-03-07 16:46:39,834 - INFO - Requisicao (tentativa 1/5): https://pncp.gov.br/api/consulta/v1/contratacoes/publicacao
2026-03-07 16:46:40,138 - INFO - Requisicao bem-sucedida
2026-03-07 16:46:40,139 - INFO -   10 licitacoes TI nesta pagina
2026-03-07 16:46:40,140 - INFO -   Total: 126 de 191
2026-03-07 16:46:41,152 - INFO - Pagina 16 (Modalidade: 8)
2026-03-07 16:46:41,152 - INFO - Requisicao (tentativa 1/5): https://pncp.gov.br/api/consulta/v1/contratacoes/publicacao
2026-03-07 16:46:41,377 - INFO - Requisicao bem-sucedida
2026-03-07 16:46:41,378 - INFO -   9 licitacoes TI nesta pagina
2026-03-07 16:46:41,378 - INFO -   Total: 135 de 201
2026-03-07 16:46:42,388 - INFO - Pagina 17 (Modalidade: 8)
2026-03-07 16:46:42,389 - INFO - Requisicao (tentativa 1/5): https://pncp.gov.br/api/consulta/v1/contratacoes/publicacao
2026-03-07 16:46:42,640 - INFO - Requisicao bem-sucedida
2026-03-07 16:46:42,642 - INFO -   7 licitacoes TI nesta pagina
2026-03-07 16:46:42,642 - INFO -   Total: 142 de 211
2026-03-07 16:46:43,647 - INFO - Pagina 18 (Modalidade: 8)
2026-03-07 16:46:43,647 - INFO - Requisicao (tentativa 1/5): https://pncp.gov.br/api/consulta/v1/contratacoes/publicacao
2026-03-07 16:46:44,192 - INFO - Requisicao bem-sucedida
2026-03-07 16:46:44,194 - INFO -   6 licitacoes TI nesta pagina
2026-03-07 16:46:44,194 - INFO -   Total: 148 de 221
2026-03-07 16:46:45,208 - INFO - Pagina 19 (Modalidade: 8)
2026-03-07 16:46:45,209 - INFO - Requisicao (tentativa 1/5): https://pncp.gov.br/api/consulta/v1/contratacoes/publicacao
2026-03-07 16:46:45,434 - INFO - Requisicao bem-sucedida
2026-03-07 16:46:45,434 - INFO -   5 licitacoes TI nesta pagina
2026-03-07 16:46:45,435 - INFO -   Total: 153 de 231
2026-03-07 16:46:46,450 - INFO - Pagina 20 (Modalidade: 8)
2026-03-07 16:46:46,451 - INFO - Requisicao (tentativa 1/5): https://pncp.gov.br/api/consulta/v1/contratacoes/publicacao
2026-03-07 16:46:46,675 - INFO - Requisicao bem-sucedida
2026-03-07 16:46:46,676 - INFO -   6 licitacoes TI nesta pagina
2026-03-07 16:46:46,677 - INFO -   Total: 159 de 241
2026-03-07 16:46:47,684 - INFO - Pagina 21 (Modalidade: 8)
2026-03-07 16:46:47,684 - INFO - Requisicao (tentativa 1/5): https://pncp.gov.br/api/consulta/v1/contratacoes/publicacao
2026-03-07 16:46:48,235 - INFO - Requisicao bem-sucedida
2026-03-07 16:46:48,236 - INFO -   4 licitacoes TI nesta pagina
2026-03-07 16:46:48,236 - INFO -   Total: 163 de 251
2026-03-07 16:46:49,247 - INFO - Pagina 22 (Modalidade: 8)
2026-03-07 16:46:49,247 - INFO - Requisicao (tentativa 1/5): https://pncp.gov.br/api/consulta/v1/contratacoes/publicacao
2026-03-07 16:46:49,480 - INFO - Requisicao bem-sucedida
2026-03-07 16:46:49,482 - INFO -   6 licitacoes TI nesta pagina
2026-03-07 16:46:49,482 - INFO -   Total: 169 de 261
2026-03-07 16:46:50,495 - INFO - Pagina 23 (Modalidade: 8)
2026-03-07 16:46:50,495 - INFO - Requisicao (tentativa 1/5): https://pncp.gov.br/api/consulta/v1/contratacoes/publicacao
2026-03-07 16:46:51,018 - INFO - Requisicao bem-sucedida
2026-03-07 16:46:51,019 - INFO -   8 licitacoes TI nesta pagina
2026-03-07 16:46:51,020 - INFO -   Total: 177 de 271
2026-03-07 16:46:52,028 - INFO - Pagina 24 (Modalidade: 8)
2026-03-07 16:46:52,028 - INFO - Requisicao (tentativa 1/5): https://pncp.gov.br/api/consulta/v1/contratacoes/publicacao
2026-03-07 16:46:52,243 - INFO - Requisicao bem-sucedida
2026-03-07 16:46:52,243 - INFO -   3 licitacoes TI nesta pagina
2026-03-07 16:46:52,245 - INFO -   Total: 180 de 281
2026-03-07 16:46:53,259 - INFO - Pagina 25 (Modalidade: 8)
2026-03-07 16:46:53,259 - INFO - Requisicao (tentativa 1/5): https://pncp.gov.br/api/consulta/v1/contratacoes/publicacao
2026-03-07 16:46:53,812 - INFO - Requisicao bem-sucedida
2026-03-07 16:46:53,812 - INFO -   5 licitacoes TI nesta pagina
2026-03-07 16:46:53,813 - INFO -   Total: 185 de 291
2026-03-07 16:46:54,820 - INFO - Pagina 26 (Modalidade: 8)
2026-03-07 16:46:54,822 - INFO - Requisicao (tentativa 1/5): https://pncp.gov.br/api/consulta/v1/contratacoes/publicacao
2026-03-07 16:46:55,700 - INFO - Requisicao bem-sucedida
2026-03-07 16:46:55,708 - INFO -   2 licitacoes TI nesta pagina
2026-03-07 16:46:55,709 - INFO -   Total: 187 de 301
2026-03-07 16:46:56,711 - INFO - Pagina 27 (Modalidade: 8)
2026-03-07 16:46:56,717 - INFO - Requisicao (tentativa 1/5): https://pncp.gov.br/api/consulta/v1/contratacoes/publicacao
2026-03-07 16:46:56,965 - INFO - Requisicao bem-sucedida
2026-03-07 16:46:56,967 - INFO -   4 licitacoes TI nesta pagina
2026-03-07 16:46:56,967 - INFO -   Total: 191 de 311
2026-03-07 16:46:57,977 - INFO - Pagina 28 (Modalidade: 8)
2026-03-07 16:46:57,978 - INFO - Requisicao (tentativa 1/5): https://pncp.gov.br/api/consulta/v1/contratacoes/publicacao
2026-03-07 16:48:57,994 - WARNING - Timeout na requisicao (tentativa 1/5)
2026-03-07 16:49:00,003 - INFO - Requisicao (tentativa 2/5): https://pncp.gov.br/api/consulta/v1/contratacoes/publicacao
2026-03-07 16:51:00,207 - WARNING - Timeout na requisicao (tentativa 2/5)
2026-03-07 16:51:02,223 - INFO - Requisicao (tentativa 3/5): https://pncp.gov.br/api/consulta/v1/contratacoes/publicacao
2026-03-07 16:51:02,913 - INFO - Requisicao bem-sucedida
2026-03-07 16:51:02,914 - INFO -   3 licitacoes TI nesta pagina
2026-03-07 16:51:02,915 - INFO -   Total: 194 de 321
2026-03-07 16:51:03,919 - INFO - Pagina 29 (Modalidade: 8)
2026-03-07 16:51:03,920 - INFO - Requisicao (tentativa 1/5): https://pncp.gov.br/api/consulta/v1/contratacoes/publicacao
2026-03-07 16:51:04,157 - INFO - Requisicao bem-sucedida
2026-03-07 16:51:04,159 - INFO -   6 licitacoes TI nesta pagina
2026-03-07 16:51:04,159 - INFO -   Total: 200 de 331
2026-03-07 16:51:05,169 - INFO - Pagina 30 (Modalidade: 8)
2026-03-07 16:51:05,169 - INFO - Requisicao (tentativa 1/5): https://pncp.gov.br/api/consulta/v1/contratacoes/publicacao
2026-03-07 16:51:05,425 - INFO - Requisicao bem-sucedida
2026-03-07 16:51:05,427 - INFO -   5 licitacoes TI nesta pagina
2026-03-07 16:51:05,427 - INFO -   Total: 205 de 341
2026-03-07 16:51:06,439 - INFO - Pagina 31 (Modalidade: 8)
2026-03-07 16:51:06,439 - INFO - Requisicao (tentativa 1/5): https://pncp.gov.br/api/consulta/v1/contratacoes/publicacao
2026-03-07 16:51:06,659 - INFO - Requisicao bem-sucedida
2026-03-07 16:51:06,661 - INFO -   6 licitacoes TI nesta pagina
2026-03-07 16:51:06,661 - INFO -   Total: 211 de 351
2026-03-07 16:51:07,668 - INFO - Pagina 32 (Modalidade: 8)
2026-03-07 16:51:07,668 - INFO - Requisicao (tentativa 1/5): https://pncp.gov.br/api/consulta/v1/contratacoes/publicacao
2026-03-07 16:51:08,203 - INFO - Requisicao bem-sucedida
2026-03-07 16:51:08,204 - INFO -   5 licitacoes TI nesta pagina
2026-03-07 16:51:08,205 - INFO -   Total: 216 de 361
2026-03-07 16:51:09,212 - INFO - Pagina 33 (Modalidade: 8)
2026-03-07 16:51:09,212 - INFO - Requisicao (tentativa 1/5): https://pncp.gov.br/api/consulta/v1/contratacoes/publicacao
2026-03-07 16:51:09,460 - INFO - Requisicao bem-sucedida
2026-03-07 16:51:09,461 - INFO -   6 licitacoes TI nesta pagina
2026-03-07 16:51:09,462 - INFO -   Total: 222 de 371
2026-03-07 16:51:10,469 - INFO - Pagina 34 (Modalidade: 8)
2026-03-07 16:51:10,469 - INFO - Requisicao (tentativa 1/5): https://pncp.gov.br/api/consulta/v1/contratacoes/publicacao
2026-03-07 16:51:11,044 - INFO - Requisicao bem-sucedida
2026-03-07 16:51:11,046 - INFO -   4 licitacoes TI nesta pagina
2026-03-07 16:51:11,046 - INFO -   Total: 226 de 381
2026-03-07 16:51:12,050 - INFO - Pagina 35 (Modalidade: 8)
2026-03-07 16:51:12,050 - INFO - Requisicao (tentativa 1/5): https://pncp.gov.br/api/consulta/v1/contratacoes/publicacao
2026-03-07 16:53:12,070 - WARNING - Timeout na requisicao (tentativa 1/5)
2026-03-07 16:53:14,080 - INFO - Requisicao (tentativa 2/5): https://pncp.gov.br/api/consulta/v1/contratacoes/publicacao
2026-03-07 16:53:14,755 - INFO - Requisicao bem-sucedida
2026-03-07 16:53:14,756 - INFO -   7 licitacoes TI nesta pagina
2026-03-07 16:53:14,757 - INFO -   Total: 233 de 391
2026-03-07 16:53:15,769 - INFO - Pagina 36 (Modalidade: 8)
2026-03-07 16:53:15,769 - INFO - Requisicao (tentativa 1/5): https://pncp.gov.br/api/consulta/v1/contratacoes/publicacao
2026-03-07 16:55:15,792 - WARNING - Timeout na requisicao (tentativa 1/5)
2026-03-07 16:55:17,805 - INFO - Requisicao (tentativa 2/5): https://pncp.gov.br/api/consulta/v1/contratacoes/publicacao
2026-03-07 16:55:18,176 - INFO - Requisicao bem-sucedida
2026-03-07 16:55:18,177 - INFO -   4 licitacoes TI nesta pagina
2026-03-07 16:55:18,177 - INFO -   Total: 237 de 401
2026-03-07 16:55:19,182 - INFO - Pagina 37 (Modalidade: 8)
2026-03-07 16:55:19,182 - INFO - Requisicao (tentativa 1/5): https://pncp.gov.br/api/consulta/v1/contratacoes/publicacao
2026-03-07 16:55:19,759 - INFO - Requisicao bem-sucedida
2026-03-07 16:55:19,764 - INFO -   3 licitacoes TI nesta pagina
2026-03-07 16:55:19,764 - INFO -   Total: 240 de 411
2026-03-07 16:55:20,771 - INFO - Pagina 38 (Modalidade: 8)
2026-03-07 16:55:20,781 - INFO - Requisicao (tentativa 1/5): https://pncp.gov.br/api/consulta/v1/contratacoes/publicacao
2026-03-07 16:55:21,341 - INFO - Requisicao bem-sucedida
2026-03-07 16:55:21,342 - INFO -   4 licitacoes TI nesta pagina
2026-03-07 16:55:21,344 - INFO -   Total: 244 de 421
2026-03-07 16:55:22,353 - INFO - Pagina 39 (Modalidade: 8)
2026-03-07 16:55:22,354 - INFO - Requisicao (tentativa 1/5): https://pncp.gov.br/api/consulta/v1/contratacoes/publicacao
2026-03-07 16:57:22,364 - WARNING - Timeout na requisicao (tentativa 1/5)
2026-03-07 16:57:24,374 - INFO - Requisicao (tentativa 2/5): https://pncp.gov.br/api/consulta/v1/contratacoes/publicacao
2026-03-07 16:57:24,751 - INFO - Requisicao bem-sucedida
2026-03-07 16:57:24,752 - INFO -   6 licitacoes TI nesta pagina
2026-03-07 16:57:24,752 - INFO -   Total: 250 de 431
2026-03-07 16:57:25,759 - INFO - Pagina 40 (Modalidade: 8)
2026-03-07 16:57:25,760 - INFO - Requisicao (tentativa 1/5): https://pncp.gov.br/api/consulta/v1/contratacoes/publicacao
2026-03-07 16:57:25,998 - INFO - Requisicao bem-sucedida
2026-03-07 16:57:26,000 - INFO -   6 licitacoes TI nesta pagina
2026-03-07 16:57:26,000 - INFO -   Total: 256 de 441
2026-03-07 16:57:27,012 - INFO - Pagina 41 (Modalidade: 8)
2026-03-07 16:57:27,013 - INFO - Requisicao (tentativa 1/5): https://pncp.gov.br/api/consulta/v1/contratacoes/publicacao
2026-03-07 16:57:27,858 - INFO - Requisicao bem-sucedida
2026-03-07 16:57:27,859 - INFO -   5 licitacoes TI nesta pagina
2026-03-07 16:57:27,860 - INFO -   Total: 261 de 451
2026-03-07 16:57:28,869 - INFO - Pagina 42 (Modalidade: 8)
2026-03-07 16:57:28,870 - INFO - Requisicao (tentativa 1/5): https://pncp.gov.br/api/consulta/v1/contratacoes/publicacao
2026-03-07 16:57:29,995 - INFO - Requisicao bem-sucedida
2026-03-07 16:57:29,996 - INFO -   3 licitacoes TI nesta pagina
2026-03-07 16:57:29,996 - INFO -   Total: 264 de 461
2026-03-07 16:57:31,004 - INFO - Pagina 43 (Modalidade: 8)
2026-03-07 16:57:31,004 - INFO - Requisicao (tentativa 1/5): https://pncp.gov.br/api/consulta/v1/contratacoes/publicacao
2026-03-07 16:57:31,811 - INFO - Requisicao bem-sucedida
2026-03-07 16:57:31,812 - INFO -   3 licitacoes TI nesta pagina
2026-03-07 16:57:31,813 - INFO -   Total: 267 de 471
2026-03-07 16:57:32,816 - INFO - Pagina 44 (Modalidade: 8)
2026-03-07 16:57:32,816 - INFO - Requisicao (tentativa 1/5): https://pncp.gov.br/api/consulta/v1/contratacoes/publicacao
2026-03-07 16:57:33,374 - INFO - Requisicao bem-sucedida
2026-03-07 16:57:33,375 - INFO -   3 licitacoes TI nesta pagina
2026-03-07 16:57:33,376 - INFO -   Total: 270 de 481
2026-03-07 16:57:34,393 - INFO - Pagina 45 (Modalidade: 8)
2026-03-07 16:57:34,394 - INFO - Requisicao (tentativa 1/5): https://pncp.gov.br/api/consulta/v1/contratacoes/publicacao
2026-03-07 16:57:35,406 - INFO - Requisicao bem-sucedida
2026-03-07 16:57:35,407 - INFO -   6 licitacoes TI nesta pagina
2026-03-07 16:57:35,408 - INFO -   Total: 276 de 491
2026-03-07 16:57:36,417 - INFO - Pagina 46 (Modalidade: 8)
2026-03-07 16:57:36,418 - INFO - Requisicao (tentativa 1/5): https://pncp.gov.br/api/consulta/v1/contratacoes/publicacao
2026-03-07 16:57:37,225 - INFO - Requisicao bem-sucedida
2026-03-07 16:57:37,227 - INFO -   8 licitacoes TI nesta pagina
2026-03-07 16:57:37,227 - INFO -   Total: 284 de 501
2026-03-07 16:57:38,236 - INFO - Pagina 47 (Modalidade: 8)
2026-03-07 16:57:38,236 - INFO - Requisicao (tentativa 1/5): https://pncp.gov.br/api/consulta/v1/contratacoes/publicacao
2026-03-07 16:57:38,877 - INFO - Requisicao bem-sucedida
2026-03-07 16:57:38,879 - INFO -   5 licitacoes TI nesta pagina
2026-03-07 16:57:38,879 - INFO -   Total: 289 de 511
2026-03-07 16:57:39,880 - INFO - Pagina 48 (Modalidade: 8)
2026-03-07 16:57:39,880 - INFO - Requisicao (tentativa 1/5): https://pncp.gov.br/api/consulta/v1/contratacoes/publicacao
2026-03-07 16:57:40,179 - INFO - Requisicao bem-sucedida
2026-03-07 16:57:40,179 - INFO -   1 licitacoes TI nesta pagina
2026-03-07 16:57:40,180 - INFO -   Total: 290 de 521
2026-03-07 16:57:41,188 - INFO - Pagina 49 (Modalidade: 8)
2026-03-07 16:57:41,188 - INFO - Requisicao (tentativa 1/5): https://pncp.gov.br/api/consulta/v1/contratacoes/publicacao
2026-03-07 16:57:41,791 - INFO - Requisicao bem-sucedida
2026-03-07 16:57:41,793 - INFO -   6 licitacoes TI nesta pagina
2026-03-07 16:57:41,794 - INFO -   Total: 296 de 531
2026-03-07 16:57:42,806 - INFO - Pagina 50 (Modalidade: 8)
2026-03-07 16:57:42,807 - INFO - Requisicao (tentativa 1/5): https://pncp.gov.br/api/consulta/v1/contratacoes/publicacao
2026-03-07 16:57:43,187 - INFO - Requisicao bem-sucedida
2026-03-07 16:57:43,188 - INFO -   3 licitacoes TI nesta pagina
2026-03-07 16:57:43,189 - INFO -   Total: 299 de 541
2026-03-07 16:57:44,190 - INFO - Pagina 51 (Modalidade: 8)
2026-03-07 16:57:44,193 - INFO - Requisicao (tentativa 1/5): https://pncp.gov.br/api/consulta/v1/contratacoes/publicacao
2026-03-07 16:57:44,620 - INFO - Requisicao bem-sucedida
2026-03-07 16:57:44,622 - INFO -   5 licitacoes TI nesta pagina
2026-03-07 16:57:44,622 - INFO -   Total: 304 de 551
2026-03-07 16:57:45,638 - INFO - Pagina 52 (Modalidade: 8)
2026-03-07 16:57:45,639 - INFO - Requisicao (tentativa 1/5): https://pncp.gov.br/api/consulta/v1/contratacoes/publicacao
2026-03-07 16:57:47,038 - INFO - Requisicao bem-sucedida
2026-03-07 16:57:47,039 - INFO -   3 licitacoes TI nesta pagina
2026-03-07 16:57:47,041 - INFO -   Total: 307 de 561
2026-03-07 16:57:48,053 - INFO - Pagina 53 (Modalidade: 8)
2026-03-07 16:57:48,054 - INFO - Requisicao (tentativa 1/5): https://pncp.gov.br/api/consulta/v1/contratacoes/publicacao
2026-03-07 16:57:48,484 - INFO - Requisicao bem-sucedida
2026-03-07 16:57:48,485 - INFO -   5 licitacoes TI nesta pagina
2026-03-07 16:57:48,485 - INFO -   Total: 312 de 571
2026-03-07 16:57:49,501 - INFO - Pagina 54 (Modalidade: 8)
2026-03-07 16:57:49,501 - INFO - Requisicao (tentativa 1/5): https://pncp.gov.br/api/consulta/v1/contratacoes/publicacao
2026-03-07 16:57:49,783 - INFO - Requisicao bem-sucedida
2026-03-07 16:57:49,784 - INFO -   8 licitacoes TI nesta pagina
2026-03-07 16:57:49,785 - INFO -   Total: 320 de 581
2026-03-07 16:57:50,792 - INFO - Pagina 55 (Modalidade: 8)
2026-03-07 16:57:50,796 - INFO - Requisicao (tentativa 1/5): https://pncp.gov.br/api/consulta/v1/contratacoes/publicacao
2026-03-07 16:57:51,140 - INFO - Requisicao bem-sucedida
2026-03-07 16:57:51,142 - INFO -   2 licitacoes TI nesta pagina
2026-03-07 16:57:51,142 - INFO -   Total: 322 de 591
2026-03-07 16:57:52,151 - INFO - Pagina 56 (Modalidade: 8)
2026-03-07 16:57:52,151 - INFO - Requisicao (tentativa 1/5): https://pncp.gov.br/api/consulta/v1/contratacoes/publicacao
2026-03-07 16:57:52,694 - INFO - Requisicao bem-sucedida
2026-03-07 16:57:52,695 - INFO -   4 licitacoes TI nesta pagina
2026-03-07 16:57:52,696 - INFO -   Total: 326 de 601
2026-03-07 16:57:53,707 - INFO - Pagina 57 (Modalidade: 8)
2026-03-07 16:57:53,708 - INFO - Requisicao (tentativa 1/5): https://pncp.gov.br/api/consulta/v1/contratacoes/publicacao
2026-03-07 16:57:54,283 - INFO - Requisicao bem-sucedida
2026-03-07 16:57:54,285 - INFO -   1 licitacoes TI nesta pagina
2026-03-07 16:57:54,286 - INFO -   Total: 327 de 611
2026-03-07 16:57:55,298 - INFO - Pagina 58 (Modalidade: 8)
2026-03-07 16:57:55,300 - INFO - Requisicao (tentativa 1/5): https://pncp.gov.br/api/consulta/v1/contratacoes/publicacao
2026-03-07 16:59:55,322 - WARNING - Timeout na requisicao (tentativa 1/5)
2026-03-07 16:59:57,333 - INFO - Requisicao (tentativa 2/5): https://pncp.gov.br/api/consulta/v1/contratacoes/publicacao
2026-03-07 16:59:57,686 - INFO - Requisicao bem-sucedida
2026-03-07 16:59:57,687 - INFO -   4 licitacoes TI nesta pagina
2026-03-07 16:59:57,687 - INFO -   Total: 331 de 621
2026-03-07 16:59:58,702 - INFO - Pagina 59 (Modalidade: 8)
2026-03-07 16:59:58,703 - INFO - Requisicao (tentativa 1/5): https://pncp.gov.br/api/consulta/v1/contratacoes/publicacao
2026-03-07 16:59:58,959 - INFO - Requisicao bem-sucedida
2026-03-07 16:59:58,960 - INFO -   4 licitacoes TI nesta pagina
2026-03-07 16:59:58,960 - INFO -   Total: 335 de 631
2026-03-07 16:59:59,965 - INFO - Pagina 60 (Modalidade: 8)
2026-03-07 16:59:59,965 - INFO - Requisicao (tentativa 1/5): https://pncp.gov.br/api/consulta/v1/contratacoes/publicacao
2026-03-07 17:00:00,221 - INFO - Requisicao bem-sucedida
2026-03-07 17:00:00,222 - INFO -   3 licitacoes TI nesta pagina
2026-03-07 17:00:00,222 - INFO -   Total: 338 de 641
2026-03-07 17:00:01,232 - INFO - Pagina 61 (Modalidade: 8)
2026-03-07 17:00:01,232 - INFO - Requisicao (tentativa 1/5): https://pncp.gov.br/api/consulta/v1/contratacoes/publicacao
2026-03-07 17:00:01,909 - INFO - Requisicao bem-sucedida
2026-03-07 17:00:01,910 - INFO -   4 licitacoes TI nesta pagina
2026-03-07 17:00:01,911 - INFO -   Total: 342 de 651
2026-03-07 17:00:02,917 - INFO - Pagina 62 (Modalidade: 8)
2026-03-07 17:00:02,918 - INFO - Requisicao (tentativa 1/5): https://pncp.gov.br/api/consulta/v1/contratacoes/publicacao
2026-03-07 17:02:02,927 - WARNING - Timeout na requisicao (tentativa 1/5)
2026-03-07 17:02:04,938 - INFO - Requisicao (tentativa 2/5): https://pncp.gov.br/api/consulta/v1/contratacoes/publicacao
2026-03-07 17:02:05,533 - INFO - Requisicao bem-sucedida
2026-03-07 17:02:05,534 - INFO -   2 licitacoes TI nesta pagina
2026-03-07 17:02:05,534 - INFO -   Total: 344 de 661
2026-03-07 17:02:06,543 - INFO - Pagina 63 (Modalidade: 8)
2026-03-07 17:02:06,544 - INFO - Requisicao (tentativa 1/5): https://pncp.gov.br/api/consulta/v1/contratacoes/publicacao
2026-03-07 17:02:06,942 - INFO - Requisicao bem-sucedida
2026-03-07 17:02:06,943 - INFO -   4 licitacoes TI nesta pagina
2026-03-07 17:02:06,943 - INFO -   Total: 348 de 671
2026-03-07 17:02:07,951 - INFO - Pagina 64 (Modalidade: 8)
2026-03-07 17:02:07,951 - INFO - Requisicao (tentativa 1/5): https://pncp.gov.br/api/consulta/v1/contratacoes/publicacao
2026-03-07 17:02:08,715 - INFO - Requisicao bem-sucedida
2026-03-07 17:02:08,716 - INFO -   2 licitacoes TI nesta pagina
2026-03-07 17:02:08,716 - INFO -   Total: 350 de 681
2026-03-07 17:02:09,727 - INFO - Pagina 65 (Modalidade: 8)
2026-03-07 17:02:09,728 - INFO - Requisicao (tentativa 1/5): https://pncp.gov.br/api/consulta/v1/contratacoes/publicacao
2026-03-07 17:02:09,993 - INFO - Requisicao bem-sucedida
2026-03-07 17:02:09,993 - INFO -   7 licitacoes TI nesta pagina
2026-03-07 17:02:09,993 - INFO -   Total: 357 de 691
2026-03-07 17:02:11,008 - INFO - Pagina 66 (Modalidade: 8)
2026-03-07 17:02:11,009 - INFO - Requisicao (tentativa 1/5): https://pncp.gov.br/api/consulta/v1/contratacoes/publicacao
2026-03-07 17:02:12,050 - INFO - Requisicao bem-sucedida
2026-03-07 17:02:12,051 - INFO -   6 licitacoes TI nesta pagina
2026-03-07 17:02:12,052 - INFO -   Total: 363 de 701
2026-03-07 17:02:13,065 - INFO - Pagina 67 (Modalidade: 8)
2026-03-07 17:02:13,065 - INFO - Requisicao (tentativa 1/5): https://pncp.gov.br/api/consulta/v1/contratacoes/publicacao
2026-03-07 17:02:13,308 - INFO - Requisicao bem-sucedida
2026-03-07 17:02:13,309 - INFO -   5 licitacoes TI nesta pagina
2026-03-07 17:02:13,309 - INFO -   Total: 368 de 711
2026-03-07 17:02:14,315 - INFO - Pagina 68 (Modalidade: 8)
2026-03-07 17:02:14,315 - INFO - Requisicao (tentativa 1/5): https://pncp.gov.br/api/consulta/v1/contratacoes/publicacao
2026-03-07 17:02:14,894 - INFO - Requisicao bem-sucedida
2026-03-07 17:02:14,895 - INFO -   4 licitacoes TI nesta pagina
2026-03-07 17:02:14,895 - INFO -   Total: 372 de 721
2026-03-07 17:02:15,903 - INFO - Pagina 69 (Modalidade: 8)
2026-03-07 17:02:15,903 - INFO - Requisicao (tentativa 1/5): https://pncp.gov.br/api/consulta/v1/contratacoes/publicacao
2026-03-07 17:02:16,160 - INFO - Requisicao bem-sucedida
2026-03-07 17:02:16,161 - INFO -   3 licitacoes TI nesta pagina
2026-03-07 17:02:16,161 - INFO -   Total: 375 de 731
2026-03-07 17:02:17,166 - INFO - Pagina 70 (Modalidade: 8)
2026-03-07 17:02:17,167 - INFO - Requisicao (tentativa 1/5): https://pncp.gov.br/api/consulta/v1/contratacoes/publicacao
2026-03-07 17:02:17,613 - INFO - Requisicao bem-sucedida
2026-03-07 17:02:17,614 - INFO -   5 licitacoes TI nesta pagina
2026-03-07 17:02:17,614 - INFO -   Total: 380 de 741
2026-03-07 17:02:18,623 - INFO - Pagina 71 (Modalidade: 8)
2026-03-07 17:02:18,623 - INFO - Requisicao (tentativa 1/5): https://pncp.gov.br/api/consulta/v1/contratacoes/publicacao
2026-03-07 17:02:19,252 - INFO - Requisicao bem-sucedida
2026-03-07 17:02:19,254 - INFO -   4 licitacoes TI nesta pagina
2026-03-07 17:02:19,255 - INFO -   Total: 384 de 751
2026-03-07 17:02:20,270 - INFO - Pagina 72 (Modalidade: 8)
2026-03-07 17:02:20,271 - INFO - Requisicao (tentativa 1/5): https://pncp.gov.br/api/consulta/v1/contratacoes/publicacao
2026-03-07 17:02:21,416 - INFO - Requisicao bem-sucedida
2026-03-07 17:02:21,418 - INFO -   6 licitacoes TI nesta pagina
2026-03-07 17:02:21,418 - INFO -   Total: 390 de 761
2026-03-07 17:02:22,421 - INFO - Pagina 73 (Modalidade: 8)
2026-03-07 17:02:22,427 - INFO - Requisicao (tentativa 1/5): https://pncp.gov.br/api/consulta/v1/contratacoes/publicacao
2026-03-07 17:02:22,740 - INFO - Requisicao bem-sucedida
2026-03-07 17:02:22,740 - INFO -   5 licitacoes TI nesta pagina
2026-03-07 17:02:22,741 - INFO -   Total: 395 de 771
2026-03-07 17:02:23,753 - INFO - Pagina 74 (Modalidade: 8)
2026-03-07 17:02:23,753 - INFO - Requisicao (tentativa 1/5): https://pncp.gov.br/api/consulta/v1/contratacoes/publicacao
2026-03-07 17:02:24,039 - INFO - Requisicao bem-sucedida
2026-03-07 17:02:24,040 - INFO -   5 licitacoes TI nesta pagina
2026-03-07 17:02:24,040 - INFO -   Total: 400 de 781
2026-03-07 17:02:25,047 - INFO - Pagina 75 (Modalidade: 8)
2026-03-07 17:02:25,050 - INFO - Requisicao (tentativa 1/5): https://pncp.gov.br/api/consulta/v1/contratacoes/publicacao
2026-03-07 17:02:25,824 - INFO - Requisicao bem-sucedida
2026-03-07 17:02:25,825 - INFO -   1 licitacoes TI nesta pagina
2026-03-07 17:02:25,825 - INFO -   Total: 401 de 791
2026-03-07 17:02:26,838 - INFO - Pagina 76 (Modalidade: 8)
2026-03-07 17:02:26,840 - INFO - Requisicao (tentativa 1/5): https://pncp.gov.br/api/consulta/v1/contratacoes/publicacao
2026-03-07 17:02:27,903 - INFO - Requisicao bem-sucedida
2026-03-07 17:02:27,904 - INFO -   5 licitacoes TI nesta pagina
2026-03-07 17:02:27,904 - INFO -   Total: 406 de 801
2026-03-07 17:02:28,913 - INFO - Pagina 77 (Modalidade: 8)
2026-03-07 17:02:28,913 - INFO - Requisicao (tentativa 1/5): https://pncp.gov.br/api/consulta/v1/contratacoes/publicacao
2026-03-07 17:02:30,017 - INFO - Requisicao bem-sucedida
2026-03-07 17:02:30,025 - INFO -   5 licitacoes TI nesta pagina
2026-03-07 17:02:30,025 - INFO -   Total: 411 de 811
2026-03-07 17:02:31,033 - INFO - Pagina 78 (Modalidade: 8)
2026-03-07 17:02:31,035 - INFO - Requisicao (tentativa 1/5): https://pncp.gov.br/api/consulta/v1/contratacoes/publicacao
2026-03-07 17:02:31,909 - INFO - Requisicao bem-sucedida
2026-03-07 17:02:31,910 - INFO -   6 licitacoes TI nesta pagina
2026-03-07 17:02:31,910 - INFO -   Total: 417 de 821
2026-03-07 17:02:32,921 - INFO - Pagina 79 (Modalidade: 8)
2026-03-07 17:02:32,927 - INFO - Requisicao (tentativa 1/5): https://pncp.gov.br/api/consulta/v1/contratacoes/publicacao
2026-03-07 17:02:33,701 - INFO - Requisicao bem-sucedida
2026-03-07 17:02:33,702 - INFO -   6 licitacoes TI nesta pagina
2026-03-07 17:02:33,704 - INFO -   Total: 423 de 831
2026-03-07 17:02:34,715 - INFO - Pagina 80 (Modalidade: 8)
2026-03-07 17:02:34,716 - INFO - Requisicao (tentativa 1/5): https://pncp.gov.br/api/consulta/v1/contratacoes/publicacao
2026-03-07 17:02:35,267 - INFO - Requisicao bem-sucedida
2026-03-07 17:02:35,268 - INFO -   8 licitacoes TI nesta pagina
2026-03-07 17:02:35,268 - INFO -   Total: 431 de 841
2026-03-07 17:02:36,275 - INFO - Pagina 81 (Modalidade: 8)
2026-03-07 17:02:36,276 - INFO - Requisicao (tentativa 1/5): https://pncp.gov.br/api/consulta/v1/contratacoes/publicacao
2026-03-07 17:02:36,866 - INFO - Requisicao bem-sucedida
2026-03-07 17:02:36,867 - INFO -   4 licitacoes TI nesta pagina
2026-03-07 17:02:36,867 - INFO -   Total: 435 de 851
2026-03-07 17:02:37,869 - INFO - Pagina 82 (Modalidade: 8)
2026-03-07 17:02:37,870 - INFO - Requisicao (tentativa 1/5): https://pncp.gov.br/api/consulta/v1/contratacoes/publicacao
2026-03-07 17:02:38,256 - INFO - Requisicao bem-sucedida
2026-03-07 17:02:38,258 - INFO -   1 licitacoes TI nesta pagina
2026-03-07 17:02:38,259 - INFO -   Total: 436 de 861
2026-03-07 17:02:39,261 - INFO - Pagina 83 (Modalidade: 8)
2026-03-07 17:02:39,262 - INFO - Requisicao (tentativa 1/5): https://pncp.gov.br/api/consulta/v1/contratacoes/publicacao
2026-03-07 17:02:40,224 - INFO - Requisicao bem-sucedida
2026-03-07 17:02:40,225 - INFO -   4 licitacoes TI nesta pagina
2026-03-07 17:02:40,225 - INFO -   Total: 440 de 871
2026-03-07 17:02:41,228 - INFO - Pagina 84 (Modalidade: 8)
2026-03-07 17:02:41,228 - INFO - Requisicao (tentativa 1/5): https://pncp.gov.br/api/consulta/v1/contratacoes/publicacao
2026-03-07 17:02:41,674 - INFO - Requisicao bem-sucedida
2026-03-07 17:02:41,675 - INFO -   6 licitacoes TI nesta pagina
2026-03-07 17:02:41,675 - INFO -   Total: 446 de 881
2026-03-07 17:02:42,679 - INFO - Pagina 85 (Modalidade: 8)
2026-03-07 17:02:42,679 - INFO - Requisicao (tentativa 1/5): https://pncp.gov.br/api/consulta/v1/contratacoes/publicacao
2026-03-07 17:02:43,430 - INFO - Requisicao bem-sucedida
2026-03-07 17:02:43,431 - INFO -   4 licitacoes TI nesta pagina
2026-03-07 17:02:43,431 - INFO -   Total: 450 de 891
2026-03-07 17:02:44,439 - INFO - Pagina 86 (Modalidade: 8)
2026-03-07 17:02:44,439 - INFO - Requisicao (tentativa 1/5): https://pncp.gov.br/api/consulta/v1/contratacoes/publicacao
2026-03-07 17:02:45,220 - INFO - Requisicao bem-sucedida
2026-03-07 17:02:45,221 - INFO -   5 licitacoes TI nesta pagina
2026-03-07 17:02:45,222 - INFO -   Total: 455 de 901
2026-03-07 17:02:46,230 - INFO - Pagina 87 (Modalidade: 8)
2026-03-07 17:02:46,230 - INFO - Requisicao (tentativa 1/5): https://pncp.gov.br/api/consulta/v1/contratacoes/publicacao
2026-03-07 17:02:47,027 - INFO - Requisicao bem-sucedida
2026-03-07 17:02:47,028 - INFO -   1 licitacoes TI nesta pagina
2026-03-07 17:02:47,028 - INFO -   Total: 456 de 911
2026-03-07 17:02:48,038 - INFO - Pagina 88 (Modalidade: 8)
2026-03-07 17:02:48,038 - INFO - Requisicao (tentativa 1/5): https://pncp.gov.br/api/consulta/v1/contratacoes/publicacao
2026-03-07 17:02:48,270 - INFO - Requisicao bem-sucedida
2026-03-07 17:02:48,272 - INFO -   2 licitacoes TI nesta pagina
2026-03-07 17:02:48,272 - INFO -   Total: 458 de 921
2026-03-07 17:02:49,286 - INFO - Pagina 89 (Modalidade: 8)
2026-03-07 17:02:49,286 - INFO - Requisicao (tentativa 1/5): https://pncp.gov.br/api/consulta/v1/contratacoes/publicacao
2026-03-07 17:02:49,913 - INFO - Requisicao bem-sucedida
2026-03-07 17:02:49,913 - INFO -   1 licitacoes TI nesta pagina
2026-03-07 17:02:49,914 - INFO -   Total: 459 de 931
2026-03-07 17:02:50,921 - INFO - Pagina 90 (Modalidade: 8)
2026-03-07 17:02:50,922 - INFO - Requisicao (tentativa 1/5): https://pncp.gov.br/api/consulta/v1/contratacoes/publicacao
2026-03-07 17:02:51,823 - INFO - Requisicao bem-sucedida
2026-03-07 17:02:51,825 - INFO -   3 licitacoes TI nesta pagina
2026-03-07 17:02:51,825 - INFO -   Total: 462 de 941
2026-03-07 17:02:52,826 - INFO - Pagina 91 (Modalidade: 8)
2026-03-07 17:02:52,827 - INFO - Requisicao (tentativa 1/5): https://pncp.gov.br/api/consulta/v1/contratacoes/publicacao
2026-03-07 17:02:53,741 - INFO - Requisicao bem-sucedida
2026-03-07 17:02:53,742 - INFO -   2 licitacoes TI nesta pagina
2026-03-07 17:02:53,742 - INFO -   Total: 464 de 951
2026-03-07 17:02:54,746 - INFO - Pagina 92 (Modalidade: 8)
2026-03-07 17:02:54,746 - INFO - Requisicao (tentativa 1/5): https://pncp.gov.br/api/consulta/v1/contratacoes/publicacao
2026-03-07 17:02:55,615 - INFO - Requisicao bem-sucedida
2026-03-07 17:02:55,616 - INFO -   6 licitacoes TI nesta pagina
2026-03-07 17:02:55,616 - INFO -   Total: 470 de 961
2026-03-07 17:02:56,616 - INFO - Pagina 93 (Modalidade: 8)
2026-03-07 17:02:56,617 - INFO - Requisicao (tentativa 1/5): https://pncp.gov.br/api/consulta/v1/contratacoes/publicacao
2026-03-07 17:02:57,516 - INFO - Requisicao bem-sucedida
2026-03-07 17:02:57,517 - INFO -   5 licitacoes TI nesta pagina
2026-03-07 17:02:57,517 - INFO -   Total: 475 de 971
2026-03-07 17:02:58,532 - INFO - Pagina 94 (Modalidade: 8)
2026-03-07 17:02:58,532 - INFO - Requisicao (tentativa 1/5): https://pncp.gov.br/api/consulta/v1/contratacoes/publicacao
2026-03-07 17:02:59,137 - INFO - Requisicao bem-sucedida
2026-03-07 17:02:59,138 - INFO -   3 licitacoes TI nesta pagina
2026-03-07 17:02:59,138 - INFO -   Total: 478 de 981
2026-03-07 17:03:00,141 - INFO - Pagina 95 (Modalidade: 8)
2026-03-07 17:03:00,141 - INFO - Requisicao (tentativa 1/5): https://pncp.gov.br/api/consulta/v1/contratacoes/publicacao
2026-03-07 17:03:00,708 - INFO - Requisicao bem-sucedida
2026-03-07 17:03:00,708 - INFO -   5 licitacoes TI nesta pagina
2026-03-07 17:03:00,710 - INFO -   Total: 483 de 991
2026-03-07 17:03:01,714 - INFO - Pagina 96 (Modalidade: 8)
2026-03-07 17:03:01,715 - INFO - Requisicao (tentativa 1/5): https://pncp.gov.br/api/consulta/v1/contratacoes/publicacao
2026-03-07 17:03:02,067 - INFO - Requisicao bem-sucedida
2026-03-07 17:03:02,068 - INFO -   3 licitacoes TI nesta pagina
2026-03-07 17:03:02,068 - INFO -   Total: 486 de 1001
2026-03-07 17:03:03,073 - INFO - Pagina 97 (Modalidade: 8)
2026-03-07 17:03:03,073 - INFO - Requisicao (tentativa 1/5): https://pncp.gov.br/api/consulta/v1/contratacoes/publicacao
2026-03-07 17:03:03,880 - INFO - Requisicao bem-sucedida
2026-03-07 17:03:03,882 - INFO -   6 licitacoes TI nesta pagina
2026-03-07 17:03:03,882 - INFO -   Total: 492 de 1011
2026-03-07 17:03:04,897 - INFO - Pagina 98 (Modalidade: 8)
2026-03-07 17:03:04,897 - INFO - Requisicao (tentativa 1/5): https://pncp.gov.br/api/consulta/v1/contratacoes/publicacao
2026-03-07 17:03:05,488 - INFO - Requisicao bem-sucedida
2026-03-07 17:03:05,489 - INFO -   1 licitacoes TI nesta pagina
2026-03-07 17:03:05,489 - INFO -   Total: 493 de 1021
2026-03-07 17:03:06,498 - INFO - Pagina 99 (Modalidade: 8)
2026-03-07 17:03:06,498 - INFO - Requisicao (tentativa 1/5): https://pncp.gov.br/api/consulta/v1/contratacoes/publicacao
2026-03-07 17:03:07,278 - INFO - Requisicao bem-sucedida
2026-03-07 17:03:07,279 - INFO -   3 licitacoes TI nesta pagina
2026-03-07 17:03:07,279 - INFO -   Total: 496 de 1031
2026-03-07 17:03:08,280 - INFO - Pagina 100 (Modalidade: 8)
2026-03-07 17:03:08,280 - INFO - Requisicao (tentativa 1/5): https://pncp.gov.br/api/consulta/v1/contratacoes/publicacao
2026-03-07 17:03:09,057 - INFO - Requisicao bem-sucedida
2026-03-07 17:03:09,059 - INFO -   3 licitacoes TI nesta pagina
2026-03-07 17:03:09,060 - INFO -   Total: 499 de 1041
2026-03-07 17:03:10,061 - INFO - Pagina 101 (Modalidade: 8)
2026-03-07 17:03:10,062 - INFO - Requisicao (tentativa 1/5): https://pncp.gov.br/api/consulta/v1/contratacoes/publicacao
2026-03-07 17:03:10,663 - INFO - Requisicao bem-sucedida
2026-03-07 17:03:10,665 - INFO -   3 licitacoes TI nesta pagina
2026-03-07 17:03:10,666 - INFO -   Total: 502 de 1051
2026-03-07 17:03:11,680 - INFO - Pagina 102 (Modalidade: 8)
2026-03-07 17:03:11,680 - INFO - Requisicao (tentativa 1/5): https://pncp.gov.br/api/consulta/v1/contratacoes/publicacao
2026-03-07 17:03:12,383 - INFO - Requisicao bem-sucedida
2026-03-07 17:03:12,384 - INFO -   5 licitacoes TI nesta pagina
2026-03-07 17:03:12,385 - INFO -   Total: 507 de 1061
2026-03-07 17:03:13,397 - INFO - Pagina 103 (Modalidade: 8)
2026-03-07 17:03:13,397 - INFO - Requisicao (tentativa 1/5): https://pncp.gov.br/api/consulta/v1/contratacoes/publicacao
2026-03-07 17:03:14,243 - INFO - Requisicao bem-sucedida
2026-03-07 17:03:14,244 - INFO -   6 licitacoes TI nesta pagina
2026-03-07 17:03:14,244 - INFO -   Total: 513 de 1071
2026-03-07 17:03:15,250 - INFO - Pagina 104 (Modalidade: 8)
2026-03-07 17:03:15,251 - INFO - Requisicao (tentativa 1/5): https://pncp.gov.br/api/consulta/v1/contratacoes/publicacao
2026-03-07 17:03:15,850 - INFO - Requisicao bem-sucedida
2026-03-07 17:03:15,851 - INFO -   7 licitacoes TI nesta pagina
2026-03-07 17:03:15,851 - INFO -   Total: 520 de 1081
2026-03-07 17:03:16,860 - INFO - Pagina 105 (Modalidade: 8)
2026-03-07 17:03:16,862 - INFO - Requisicao (tentativa 1/5): https://pncp.gov.br/api/consulta/v1/contratacoes/publicacao
2026-03-07 17:03:17,136 - INFO - Requisicao bem-sucedida
2026-03-07 17:03:17,137 - INFO -   7 licitacoes TI nesta pagina
2026-03-07 17:03:17,137 - INFO -   Total: 527 de 1091
2026-03-07 17:03:18,138 - INFO - Pagina 106 (Modalidade: 8)
2026-03-07 17:03:18,139 - INFO - Requisicao (tentativa 1/5): https://pncp.gov.br/api/consulta/v1/contratacoes/publicacao
2026-03-07 17:03:18,954 - INFO - Requisicao bem-sucedida
2026-03-07 17:03:18,955 - INFO -   6 licitacoes TI nesta pagina
2026-03-07 17:03:18,955 - INFO -   Total: 533 de 1101
2026-03-07 17:03:19,970 - INFO - Pagina 107 (Modalidade: 8)
2026-03-07 17:03:19,970 - INFO - Requisicao (tentativa 1/5): https://pncp.gov.br/api/consulta/v1/contratacoes/publicacao
2026-03-07 17:03:20,547 - INFO - Requisicao bem-sucedida
2026-03-07 17:03:20,549 - INFO -   4 licitacoes TI nesta pagina
2026-03-07 17:03:20,550 - INFO -   Total: 537 de 1111
2026-03-07 17:03:21,557 - INFO - Pagina 108 (Modalidade: 8)
2026-03-07 17:03:21,557 - INFO - Requisicao (tentativa 1/5): https://pncp.gov.br/api/consulta/v1/contratacoes/publicacao
2026-03-07 17:03:21,798 - INFO - Requisicao bem-sucedida
2026-03-07 17:03:21,798 - INFO -   5 licitacoes TI nesta pagina
2026-03-07 17:03:21,799 - INFO -   Total: 542 de 1121
2026-03-07 17:03:22,809 - INFO - Pagina 109 (Modalidade: 8)
2026-03-07 17:03:22,809 - INFO - Requisicao (tentativa 1/5): https://pncp.gov.br/api/consulta/v1/contratacoes/publicacao
2026-03-07 17:03:23,369 - INFO - Requisicao bem-sucedida
2026-03-07 17:03:23,370 - INFO -   5 licitacoes TI nesta pagina
2026-03-07 17:03:23,370 - INFO -   Total: 547 de 1131
2026-03-07 17:03:24,371 - INFO - Pagina 110 (Modalidade: 8)
2026-03-07 17:03:24,376 - INFO - Requisicao (tentativa 1/5): https://pncp.gov.br/api/consulta/v1/contratacoes/publicacao
2026-03-07 17:03:24,973 - INFO - Requisicao bem-sucedida
2026-03-07 17:03:24,974 - INFO -   3 licitacoes TI nesta pagina
2026-03-07 17:03:24,974 - INFO -   Total: 550 de 1141
2026-03-07 17:03:25,982 - INFO - Pagina 111 (Modalidade: 8)
2026-03-07 17:03:25,982 - INFO - Requisicao (tentativa 1/5): https://pncp.gov.br/api/consulta/v1/contratacoes/publicacao
2026-03-07 17:03:26,572 - INFO - Requisicao bem-sucedida
2026-03-07 17:03:26,572 - INFO -   5 licitacoes TI nesta pagina
2026-03-07 17:03:26,573 - INFO -   Total: 555 de 1151
2026-03-07 17:03:27,586 - INFO - Pagina 112 (Modalidade: 8)
2026-03-07 17:03:27,586 - INFO - Requisicao (tentativa 1/5): https://pncp.gov.br/api/consulta/v1/contratacoes/publicacao
2026-03-07 17:03:28,171 - INFO - Requisicao bem-sucedida
2026-03-07 17:03:28,173 - INFO -   6 licitacoes TI nesta pagina
2026-03-07 17:03:28,174 - INFO -   Total: 561 de 1161
2026-03-07 17:03:29,179 - INFO - Pagina 113 (Modalidade: 8)
2026-03-07 17:03:29,179 - INFO - Requisicao (tentativa 1/5): https://pncp.gov.br/api/consulta/v1/contratacoes/publicacao
2026-03-07 17:05:29,186 - WARNING - Timeout na requisicao (tentativa 1/5)
2026-03-07 17:05:31,199 - INFO - Requisicao (tentativa 2/5): https://pncp.gov.br/api/consulta/v1/contratacoes/publicacao
2026-03-07 17:05:31,804 - INFO - Requisicao bem-sucedida
2026-03-07 17:05:31,806 - INFO -   7 licitacoes TI nesta pagina
2026-03-07 17:05:31,806 - INFO -   Total: 568 de 1171
2026-03-07 17:05:32,817 - INFO - Pagina 114 (Modalidade: 8)
2026-03-07 17:05:32,818 - INFO - Requisicao (tentativa 1/5): https://pncp.gov.br/api/consulta/v1/contratacoes/publicacao
2026-03-07 17:05:33,649 - INFO - Requisicao bem-sucedida
2026-03-07 17:05:33,650 - INFO -   6 licitacoes TI nesta pagina
2026-03-07 17:05:33,651 - INFO -   Total: 574 de 1181
2026-03-07 17:05:34,658 - INFO - Pagina 115 (Modalidade: 8)
2026-03-07 17:05:34,659 - INFO - Requisicao (tentativa 1/5): https://pncp.gov.br/api/consulta/v1/contratacoes/publicacao
2026-03-07 17:05:35,155 - INFO - Requisicao bem-sucedida
2026-03-07 17:05:35,155 - INFO -   6 licitacoes TI nesta pagina
2026-03-07 17:05:35,157 - INFO -   Total: 580 de 1191
2026-03-07 17:05:36,157 - INFO - Pagina 116 (Modalidade: 8)
2026-03-07 17:05:36,157 - INFO - Requisicao (tentativa 1/5): https://pncp.gov.br/api/consulta/v1/contratacoes/publicacao
2026-03-07 17:05:37,143 - INFO - Requisicao bem-sucedida
2026-03-07 17:05:37,144 - INFO -   3 licitacoes TI nesta pagina
2026-03-07 17:05:37,144 - INFO -   Total: 583 de 1201
2026-03-07 17:05:38,151 - INFO - Pagina 117 (Modalidade: 8)
2026-03-07 17:05:38,151 - INFO - Requisicao (tentativa 1/5): https://pncp.gov.br/api/consulta/v1/contratacoes/publicacao
2026-03-07 17:07:38,162 - WARNING - Timeout na requisicao (tentativa 1/5)
2026-03-07 17:07:40,174 - INFO - Requisicao (tentativa 2/5): https://pncp.gov.br/api/consulta/v1/contratacoes/publicacao
2026-03-07 17:07:41,035 - INFO - Requisicao bem-sucedida
2026-03-07 17:07:41,036 - INFO -   5 licitacoes TI nesta pagina
2026-03-07 17:07:41,036 - INFO -   Total: 588 de 1211
2026-03-07 17:07:42,047 - INFO - Pagina 118 (Modalidade: 8)
2026-03-07 17:07:42,048 - INFO - Requisicao (tentativa 1/5): https://pncp.gov.br/api/consulta/v1/contratacoes/publicacao
2026-03-07 17:07:42,971 - INFO - Requisicao bem-sucedida
2026-03-07 17:07:42,971 - INFO -   5 licitacoes TI nesta pagina
2026-03-07 17:07:42,973 - INFO -   Total: 593 de 1221
2026-03-07 17:07:43,973 - INFO - Pagina 119 (Modalidade: 8)
2026-03-07 17:07:43,973 - INFO - Requisicao (tentativa 1/5): https://pncp.gov.br/api/consulta/v1/contratacoes/publicacao
2026-03-07 17:07:44,510 - INFO - Requisicao bem-sucedida
2026-03-07 17:07:44,511 - INFO -   5 licitacoes TI nesta pagina
2026-03-07 17:07:44,511 - INFO -   Total: 598 de 1231
2026-03-07 17:07:45,520 - INFO - Pagina 120 (Modalidade: 8)
2026-03-07 17:07:45,520 - INFO - Requisicao (tentativa 1/5): https://pncp.gov.br/api/consulta/v1/contratacoes/publicacao
2026-03-07 17:07:45,769 - INFO - Requisicao bem-sucedida
2026-03-07 17:07:45,770 - INFO -   6 licitacoes TI nesta pagina
2026-03-07 17:07:45,771 - INFO -   Total: 604 de 1241
2026-03-07 17:07:46,784 - INFO - Pagina 121 (Modalidade: 8)
2026-03-07 17:07:46,785 - INFO - Requisicao (tentativa 1/5): https://pncp.gov.br/api/consulta/v1/contratacoes/publicacao
2026-03-07 17:07:47,022 - INFO - Requisicao bem-sucedida
2026-03-07 17:07:47,023 - INFO -   3 licitacoes TI nesta pagina
2026-03-07 17:07:47,023 - INFO -   Total: 607 de 1251
2026-03-07 17:07:48,036 - INFO - Pagina 122 (Modalidade: 8)
2026-03-07 17:07:48,036 - INFO - Requisicao (tentativa 1/5): https://pncp.gov.br/api/consulta/v1/contratacoes/publicacao
2026-03-07 17:07:48,241 - INFO - Requisicao bem-sucedida
2026-03-07 17:07:48,242 - INFO -   3 licitacoes TI nesta pagina
2026-03-07 17:07:48,242 - INFO -   Total: 610 de 1261
2026-03-07 17:07:49,255 - INFO - Pagina 123 (Modalidade: 8)
2026-03-07 17:07:49,255 - INFO - Requisicao (tentativa 1/5): https://pncp.gov.br/api/consulta/v1/contratacoes/publicacao
2026-03-07 17:07:49,477 - INFO - Requisicao bem-sucedida
2026-03-07 17:07:49,478 - INFO -   3 licitacoes TI nesta pagina
2026-03-07 17:07:49,478 - INFO -   Total: 613 de 1271
2026-03-07 17:07:50,487 - INFO - Pagina 124 (Modalidade: 8)
2026-03-07 17:07:50,487 - INFO - Requisicao (tentativa 1/5): https://pncp.gov.br/api/consulta/v1/contratacoes/publicacao
2026-03-07 17:07:51,014 - INFO - Requisicao bem-sucedida
2026-03-07 17:07:51,015 - INFO -   2 licitacoes TI nesta pagina
2026-03-07 17:07:51,015 - INFO -   Total: 615 de 1281
2026-03-07 17:07:52,030 - INFO - Pagina 125 (Modalidade: 8)
2026-03-07 17:07:52,030 - INFO - Requisicao (tentativa 1/5): https://pncp.gov.br/api/consulta/v1/contratacoes/publicacao
2026-03-07 17:07:52,544 - INFO - Requisicao bem-sucedida
2026-03-07 17:07:52,546 - INFO -   3 licitacoes TI nesta pagina
2026-03-07 17:07:52,546 - INFO -   Total: 618 de 1291
2026-03-07 17:07:53,559 - INFO - Pagina 126 (Modalidade: 8)
2026-03-07 17:07:53,559 - INFO - Requisicao (tentativa 1/5): https://pncp.gov.br/api/consulta/v1/contratacoes/publicacao
2026-03-07 17:07:53,774 - INFO - Requisicao bem-sucedida
2026-03-07 17:07:53,775 - INFO -   3 licitacoes TI nesta pagina
2026-03-07 17:07:53,775 - INFO -   Total: 621 de 1301
2026-03-07 17:07:54,779 - INFO - Pagina 127 (Modalidade: 8)
2026-03-07 17:07:54,780 - INFO - Requisicao (tentativa 1/5): https://pncp.gov.br/api/consulta/v1/contratacoes/publicacao
2026-03-07 17:07:55,288 - INFO - Requisicao bem-sucedida
2026-03-07 17:07:55,289 - INFO -   7 licitacoes TI nesta pagina
2026-03-07 17:07:55,289 - INFO -   Total: 628 de 1311
2026-03-07 17:07:56,292 - INFO - Pagina 128 (Modalidade: 8)
2026-03-07 17:07:56,292 - INFO - Requisicao (tentativa 1/5): https://pncp.gov.br/api/consulta/v1/contratacoes/publicacao
2026-03-07 17:07:56,821 - INFO - Requisicao bem-sucedida
2026-03-07 17:07:56,822 - INFO -   6 licitacoes TI nesta pagina
2026-03-07 17:07:56,822 - INFO -   Total: 634 de 1321
2026-03-07 17:07:57,826 - INFO - Pagina 129 (Modalidade: 8)
2026-03-07 17:07:57,826 - INFO - Requisicao (tentativa 1/5): https://pncp.gov.br/api/consulta/v1/contratacoes/publicacao
2026-03-07 17:07:58,384 - INFO - Requisicao bem-sucedida
2026-03-07 17:07:58,385 - INFO -   2 licitacoes TI nesta pagina
2026-03-07 17:07:58,385 - INFO -   Total: 636 de 1331
2026-03-07 17:07:59,397 - INFO - Pagina 130 (Modalidade: 8)
2026-03-07 17:07:59,397 - INFO - Requisicao (tentativa 1/5): https://pncp.gov.br/api/consulta/v1/contratacoes/publicacao
2026-03-07 17:07:59,638 - INFO - Requisicao bem-sucedida
2026-03-07 17:07:59,639 - INFO -   5 licitacoes TI nesta pagina
2026-03-07 17:07:59,640 - INFO -   Total: 641 de 1341
2026-03-07 17:08:00,649 - INFO - Pagina 131 (Modalidade: 8)
2026-03-07 17:08:00,649 - INFO - Requisicao (tentativa 1/5): https://pncp.gov.br/api/consulta/v1/contratacoes/publicacao
2026-03-07 17:08:00,886 - INFO - Requisicao bem-sucedida
2026-03-07 17:08:00,892 - INFO -   2 licitacoes TI nesta pagina
2026-03-07 17:08:00,893 - INFO -   Total: 643 de 1351
2026-03-07 17:08:01,898 - INFO - Pagina 132 (Modalidade: 8)
2026-03-07 17:08:01,898 - INFO - Requisicao (tentativa 1/5): https://pncp.gov.br/api/consulta/v1/contratacoes/publicacao
2026-03-07 17:08:02,320 - INFO - Requisicao bem-sucedida
2026-03-07 17:08:02,321 - INFO -   5 licitacoes TI nesta pagina
2026-03-07 17:08:02,321 - INFO -   Total: 648 de 1361
2026-03-07 17:08:03,332 - INFO - Pagina 133 (Modalidade: 8)
2026-03-07 17:08:03,339 - INFO - Requisicao (tentativa 1/5): https://pncp.gov.br/api/consulta/v1/contratacoes/publicacao
2026-03-07 17:08:03,914 - INFO - Requisicao bem-sucedida
2026-03-07 17:08:03,919 - INFO -   4 licitacoes TI nesta pagina
2026-03-07 17:08:03,920 - INFO -   Total: 652 de 1371
2026-03-07 17:08:04,935 - INFO - Pagina 134 (Modalidade: 8)
2026-03-07 17:08:04,937 - INFO - Requisicao (tentativa 1/5): https://pncp.gov.br/api/consulta/v1/contratacoes/publicacao
2026-03-07 17:08:05,198 - INFO - Requisicao bem-sucedida
2026-03-07 17:08:05,199 - INFO -   6 licitacoes TI nesta pagina
2026-03-07 17:08:05,199 - INFO -   Total: 658 de 1381
2026-03-07 17:08:06,208 - INFO - Pagina 135 (Modalidade: 8)
2026-03-07 17:08:06,210 - INFO - Requisicao (tentativa 1/5): https://pncp.gov.br/api/consulta/v1/contratacoes/publicacao
2026-03-07 17:08:06,816 - INFO - Requisicao bem-sucedida
2026-03-07 17:08:06,820 - INFO -   4 licitacoes TI nesta pagina
2026-03-07 17:08:06,820 - INFO -   Total: 662 de 1391
2026-03-07 17:08:07,825 - INFO - Pagina 136 (Modalidade: 8)
2026-03-07 17:08:07,826 - INFO - Requisicao (tentativa 1/5): https://pncp.gov.br/api/consulta/v1/contratacoes/publicacao
2026-03-07 17:08:08,103 - INFO - Requisicao bem-sucedida
2026-03-07 17:08:08,104 - INFO -   3 licitacoes TI nesta pagina
2026-03-07 17:08:08,104 - INFO -   Total: 665 de 1401
2026-03-07 17:08:09,117 - INFO - Pagina 137 (Modalidade: 8)
2026-03-07 17:08:09,124 - INFO - Requisicao (tentativa 1/5): https://pncp.gov.br/api/consulta/v1/contratacoes/publicacao
2026-03-07 17:08:09,678 - INFO - Requisicao bem-sucedida
2026-03-07 17:08:09,683 - INFO -   5 licitacoes TI nesta pagina
2026-03-07 17:08:09,683 - INFO -   Total: 670 de 1411
2026-03-07 17:08:10,694 - INFO - Pagina 138 (Modalidade: 8)
2026-03-07 17:08:10,695 - INFO - Requisicao (tentativa 1/5): https://pncp.gov.br/api/consulta/v1/contratacoes/publicacao
2026-03-07 17:08:10,905 - INFO - Requisicao bem-sucedida
2026-03-07 17:08:10,910 - INFO -   6 licitacoes TI nesta pagina
2026-03-07 17:08:10,910 - INFO -   Total: 676 de 1421
2026-03-07 17:08:11,924 - INFO - Pagina 139 (Modalidade: 8)
2026-03-07 17:08:11,929 - INFO - Requisicao (tentativa 1/5): https://pncp.gov.br/api/consulta/v1/contratacoes/publicacao
2026-03-07 17:08:12,156 - INFO - Requisicao bem-sucedida
2026-03-07 17:08:12,161 - INFO -   8 licitacoes TI nesta pagina
2026-03-07 17:08:12,161 - INFO -   Total: 684 de 1431
2026-03-07 17:08:13,171 - INFO - Pagina 140 (Modalidade: 8)
2026-03-07 17:08:13,172 - INFO - Requisicao (tentativa 1/5): https://pncp.gov.br/api/consulta/v1/contratacoes/publicacao
2026-03-07 17:08:13,694 - INFO - Requisicao bem-sucedida
2026-03-07 17:08:13,698 - INFO -   5 licitacoes TI nesta pagina
2026-03-07 17:08:13,698 - INFO -   Total: 689 de 1441
2026-03-07 17:08:14,701 - INFO - Pagina 141 (Modalidade: 8)
2026-03-07 17:08:14,705 - INFO - Requisicao (tentativa 1/5): https://pncp.gov.br/api/consulta/v1/contratacoes/publicacao
2026-03-07 17:08:14,931 - INFO - Requisicao bem-sucedida
2026-03-07 17:08:14,938 - INFO -   3 licitacoes TI nesta pagina
2026-03-07 17:08:14,939 - INFO -   Total: 692 de 1451
2026-03-07 17:08:15,945 - INFO - Pagina 142 (Modalidade: 8)
2026-03-07 17:08:15,948 - INFO - Requisicao (tentativa 1/5): https://pncp.gov.br/api/consulta/v1/contratacoes/publicacao
2026-03-07 17:08:16,184 - INFO - Requisicao bem-sucedida
2026-03-07 17:08:16,185 - INFO -   6 licitacoes TI nesta pagina
2026-03-07 17:08:16,185 - INFO -   Total: 698 de 1461
2026-03-07 17:08:17,199 - INFO - Pagina 143 (Modalidade: 8)
2026-03-07 17:08:17,199 - INFO - Requisicao (tentativa 1/5): https://pncp.gov.br/api/consulta/v1/contratacoes/publicacao
2026-03-07 17:08:17,750 - INFO - Requisicao bem-sucedida
2026-03-07 17:08:17,753 - INFO -   3 licitacoes TI nesta pagina
2026-03-07 17:08:17,754 - INFO -   Total: 701 de 1471
2026-03-07 17:08:18,755 - INFO - Pagina 144 (Modalidade: 8)
2026-03-07 17:08:18,755 - INFO - Requisicao (tentativa 1/5): https://pncp.gov.br/api/consulta/v1/contratacoes/publicacao
2026-03-07 17:08:19,276 - INFO - Requisicao bem-sucedida
2026-03-07 17:08:19,277 - INFO -   5 licitacoes TI nesta pagina
2026-03-07 17:08:19,277 - INFO -   Total: 706 de 1481
2026-03-07 17:08:20,284 - INFO - Pagina 145 (Modalidade: 8)
2026-03-07 17:08:20,284 - INFO - Requisicao (tentativa 1/5): https://pncp.gov.br/api/consulta/v1/contratacoes/publicacao
2026-03-07 17:08:20,846 - INFO - Requisicao bem-sucedida
2026-03-07 17:08:20,848 - INFO -   6 licitacoes TI nesta pagina
2026-03-07 17:08:20,848 - INFO -   Total: 712 de 1491
2026-03-07 17:08:21,852 - INFO - Pagina 146 (Modalidade: 8)
2026-03-07 17:08:21,852 - INFO - Requisicao (tentativa 1/5): https://pncp.gov.br/api/consulta/v1/contratacoes/publicacao
2026-03-07 17:08:22,114 - INFO - Requisicao bem-sucedida
2026-03-07 17:08:22,115 - INFO -   6 licitacoes TI nesta pagina
2026-03-07 17:08:22,115 - INFO -   Total: 718 de 1501
2026-03-07 17:08:23,118 - INFO - Pagina 147 (Modalidade: 8)
2026-03-07 17:08:23,118 - INFO - Requisicao (tentativa 1/5): https://pncp.gov.br/api/consulta/v1/contratacoes/publicacao
2026-03-07 17:08:23,422 - INFO - Requisicao bem-sucedida
2026-03-07 17:08:23,423 - INFO -   6 licitacoes TI nesta pagina
2026-03-07 17:08:23,423 - INFO -   Total: 724 de 1511
2026-03-07 17:08:24,431 - INFO - Pagina 148 (Modalidade: 8)
2026-03-07 17:08:24,432 - INFO - Requisicao (tentativa 1/5): https://pncp.gov.br/api/consulta/v1/contratacoes/publicacao
2026-03-07 17:10:24,448 - WARNING - Timeout na requisicao (tentativa 1/5)
2026-03-07 17:10:26,460 - INFO - Requisicao (tentativa 2/5): https://pncp.gov.br/api/consulta/v1/contratacoes/publicacao
2026-03-07 17:10:27,693 - INFO - Requisicao bem-sucedida
2026-03-07 17:10:27,694 - INFO -   6 licitacoes TI nesta pagina
2026-03-07 17:10:27,694 - INFO -   Total: 730 de 1521
2026-03-07 17:10:28,707 - INFO - Pagina 149 (Modalidade: 8)
2026-03-07 17:10:28,707 - INFO - Requisicao (tentativa 1/5): https://pncp.gov.br/api/consulta/v1/contratacoes/publicacao
2026-03-07 17:10:30,253 - INFO - Requisicao bem-sucedida
2026-03-07 17:10:30,254 - INFO -   7 licitacoes TI nesta pagina
2026-03-07 17:10:30,255 - INFO -   Total: 737 de 1531
2026-03-07 17:10:31,256 - INFO - Pagina 150 (Modalidade: 8)
2026-03-07 17:10:31,256 - INFO - Requisicao (tentativa 1/5): https://pncp.gov.br/api/consulta/v1/contratacoes/publicacao
2026-03-07 17:10:32,430 - INFO - Requisicao bem-sucedida
2026-03-07 17:10:32,431 - INFO -   4 licitacoes TI nesta pagina
2026-03-07 17:10:32,431 - INFO -   Total: 741 de 1541
2026-03-07 17:10:33,445 - INFO - Pagina 151 (Modalidade: 8)
2026-03-07 17:10:33,446 - INFO - Requisicao (tentativa 1/5): https://pncp.gov.br/api/consulta/v1/contratacoes/publicacao
2026-03-07 17:12:33,455 - WARNING - Timeout na requisicao (tentativa 1/5)
2026-03-07 17:12:35,465 - INFO - Requisicao (tentativa 2/5): https://pncp.gov.br/api/consulta/v1/contratacoes/publicacao
2026-03-07 17:12:36,221 - INFO - Requisicao bem-sucedida
2026-03-07 17:12:36,222 - INFO -   5 licitacoes TI nesta pagina
2026-03-07 17:12:36,222 - INFO -   Total: 746 de 1551
2026-03-07 17:12:37,227 - INFO - Pagina 152 (Modalidade: 8)
2026-03-07 17:12:37,228 - INFO - Requisicao (tentativa 1/5): https://pncp.gov.br/api/consulta/v1/contratacoes/publicacao
2026-03-07 17:12:37,626 - INFO - Requisicao bem-sucedida
2026-03-07 17:12:37,627 - INFO -   5 licitacoes TI nesta pagina
2026-03-07 17:12:37,627 - INFO -   Total: 751 de 1561
2026-03-07 17:12:38,630 - INFO - Pagina 153 (Modalidade: 8)
2026-03-07 17:12:38,630 - INFO - Requisicao (tentativa 1/5): https://pncp.gov.br/api/consulta/v1/contratacoes/publicacao
2026-03-07 17:12:38,856 - INFO - Requisicao bem-sucedida
2026-03-07 17:12:38,857 - INFO -   4 licitacoes TI nesta pagina
2026-03-07 17:12:38,858 - INFO -   Total: 755 de 1571
2026-03-07 17:12:39,874 - INFO - Pagina 154 (Modalidade: 8)
2026-03-07 17:12:39,874 - INFO - Requisicao (tentativa 1/5): https://pncp.gov.br/api/consulta/v1/contratacoes/publicacao
2026-03-07 17:12:40,132 - INFO - Requisicao bem-sucedida
2026-03-07 17:12:40,133 - INFO -   5 licitacoes TI nesta pagina
2026-03-07 17:12:40,133 - INFO -   Total: 760 de 1581
2026-03-07 17:12:41,149 - INFO - Pagina 155 (Modalidade: 8)
2026-03-07 17:12:41,149 - INFO - Requisicao (tentativa 1/5): https://pncp.gov.br/api/consulta/v1/contratacoes/publicacao
2026-03-07 17:12:41,386 - INFO - Requisicao bem-sucedida
2026-03-07 17:12:41,387 - INFO -   4 licitacoes TI nesta pagina
2026-03-07 17:12:41,387 - INFO -   Total: 764 de 1591
2026-03-07 17:12:42,402 - INFO - Pagina 156 (Modalidade: 8)
2026-03-07 17:12:42,403 - INFO - Requisicao (tentativa 1/5): https://pncp.gov.br/api/consulta/v1/contratacoes/publicacao
2026-03-07 17:12:42,753 - INFO - Requisicao bem-sucedida
2026-03-07 17:12:42,754 - INFO -   6 licitacoes TI nesta pagina
2026-03-07 17:12:42,754 - INFO -   Total: 770 de 1601
2026-03-07 17:12:43,759 - INFO - Pagina 157 (Modalidade: 8)
2026-03-07 17:12:43,759 - INFO - Requisicao (tentativa 1/5): https://pncp.gov.br/api/consulta/v1/contratacoes/publicacao
2026-03-07 17:12:44,347 - INFO - Requisicao bem-sucedida
2026-03-07 17:12:44,349 - INFO -   7 licitacoes TI nesta pagina
2026-03-07 17:12:44,349 - INFO -   Total: 777 de 1611
2026-03-07 17:12:45,349 - INFO - Pagina 158 (Modalidade: 8)
2026-03-07 17:12:45,350 - INFO - Requisicao (tentativa 1/5): https://pncp.gov.br/api/consulta/v1/contratacoes/publicacao
2026-03-07 17:14:45,369 - WARNING - Timeout na requisicao (tentativa 1/5)
2026-03-07 17:14:47,382 - INFO - Requisicao (tentativa 2/5): https://pncp.gov.br/api/consulta/v1/contratacoes/publicacao
2026-03-07 17:14:47,747 - INFO - Requisicao bem-sucedida
2026-03-07 17:14:47,748 - INFO -   5 licitacoes TI nesta pagina
2026-03-07 17:14:47,749 - INFO -   Total: 782 de 1621
2026-03-07 17:14:48,755 - INFO - Pagina 159 (Modalidade: 8)
2026-03-07 17:14:48,755 - INFO - Requisicao (tentativa 1/5): https://pncp.gov.br/api/consulta/v1/contratacoes/publicacao
2026-03-07 17:16:48,766 - WARNING - Timeout na requisicao (tentativa 1/5)
2026-03-07 17:16:50,767 - INFO - Requisicao (tentativa 2/5): https://pncp.gov.br/api/consulta/v1/contratacoes/publicacao
2026-03-07 17:16:51,135 - INFO - Requisicao bem-sucedida
2026-03-07 17:16:51,136 - INFO -   5 licitacoes TI nesta pagina
2026-03-07 17:16:51,136 - INFO -   Total: 787 de 1631
2026-03-07 17:16:52,150 - INFO - Pagina 160 (Modalidade: 8)
2026-03-07 17:16:52,150 - INFO - Requisicao (tentativa 1/5): https://pncp.gov.br/api/consulta/v1/contratacoes/publicacao
2026-03-07 17:16:52,725 - INFO - Requisicao bem-sucedida
2026-03-07 17:16:52,726 - INFO -   6 licitacoes TI nesta pagina
2026-03-07 17:16:52,727 - INFO -   Total: 793 de 1641
2026-03-07 17:16:53,740 - INFO - Pagina 161 (Modalidade: 8)
2026-03-07 17:16:53,740 - INFO - Requisicao (tentativa 1/5): https://pncp.gov.br/api/consulta/v1/contratacoes/publicacao
2026-03-07 17:16:54,271 - INFO - Requisicao bem-sucedida
2026-03-07 17:16:54,273 - INFO -   3 licitacoes TI nesta pagina
2026-03-07 17:16:54,273 - INFO -   Total: 796 de 1651
2026-03-07 17:16:55,279 - INFO - Pagina 162 (Modalidade: 8)
2026-03-07 17:16:55,279 - INFO - Requisicao (tentativa 1/5): https://pncp.gov.br/api/consulta/v1/contratacoes/publicacao
2026-03-07 17:16:55,524 - INFO - Requisicao bem-sucedida
2026-03-07 17:16:55,525 - INFO -   2 licitacoes TI nesta pagina
2026-03-07 17:16:55,526 - INFO -   Total: 798 de 1661
2026-03-07 17:16:56,541 - INFO - Pagina 163 (Modalidade: 8)
2026-03-07 17:16:56,542 - INFO - Requisicao (tentativa 1/5): https://pncp.gov.br/api/consulta/v1/contratacoes/publicacao
2026-03-07 17:16:57,082 - INFO - Requisicao bem-sucedida
2026-03-07 17:16:57,083 - INFO -   3 licitacoes TI nesta pagina
2026-03-07 17:16:57,084 - INFO -   Total: 801 de 1671
2026-03-07 17:16:58,084 - INFO - Pagina 164 (Modalidade: 8)
2026-03-07 17:16:58,085 - INFO - Requisicao (tentativa 1/5): https://pncp.gov.br/api/consulta/v1/contratacoes/publicacao
2026-03-07 17:16:58,728 - INFO - Requisicao bem-sucedida
2026-03-07 17:16:58,730 - INFO -   7 licitacoes TI nesta pagina
2026-03-07 17:16:58,730 - INFO -   Total: 808 de 1681
2026-03-07 17:16:59,738 - INFO - Pagina 165 (Modalidade: 8)
2026-03-07 17:16:59,738 - INFO - Requisicao (tentativa 1/5): https://pncp.gov.br/api/consulta/v1/contratacoes/publicacao
2026-03-07 17:17:00,108 - INFO - Requisicao bem-sucedida
2026-03-07 17:17:00,109 - INFO -   6 licitacoes TI nesta pagina
2026-03-07 17:17:00,109 - INFO -   Total: 814 de 1691
2026-03-07 17:17:01,114 - INFO - Pagina 166 (Modalidade: 8)
2026-03-07 17:17:01,114 - INFO - Requisicao (tentativa 1/5): https://pncp.gov.br/api/consulta/v1/contratacoes/publicacao
2026-03-07 17:17:01,377 - INFO - Requisicao bem-sucedida
2026-03-07 17:17:01,379 - INFO -   3 licitacoes TI nesta pagina
2026-03-07 17:17:01,379 - INFO -   Total: 817 de 1701
2026-03-07 17:17:02,392 - INFO - Pagina 167 (Modalidade: 8)
2026-03-07 17:17:02,393 - INFO - Requisicao (tentativa 1/5): https://pncp.gov.br/api/consulta/v1/contratacoes/publicacao
2026-03-07 17:19:02,406 - WARNING - Timeout na requisicao (tentativa 1/5)
2026-03-07 17:19:04,414 - INFO - Requisicao (tentativa 2/5): https://pncp.gov.br/api/consulta/v1/contratacoes/publicacao
2026-03-07 17:19:05,060 - INFO - Requisicao bem-sucedida
2026-03-07 17:19:05,061 - INFO -   8 licitacoes TI nesta pagina
2026-03-07 17:19:05,062 - INFO -   Total: 825 de 1711
2026-03-07 17:19:06,064 - INFO - Pagina 168 (Modalidade: 8)
2026-03-07 17:19:06,064 - INFO - Requisicao (tentativa 1/5): https://pncp.gov.br/api/consulta/v1/contratacoes/publicacao
2026-03-07 17:19:06,296 - INFO - Requisicao bem-sucedida
2026-03-07 17:19:06,298 - INFO -   5 licitacoes TI nesta pagina
2026-03-07 17:19:06,298 - INFO -   Total: 830 de 1721
2026-03-07 17:19:07,312 - INFO - Pagina 169 (Modalidade: 8)
2026-03-07 17:19:07,312 - INFO - Requisicao (tentativa 1/5): https://pncp.gov.br/api/consulta/v1/contratacoes/publicacao
2026-03-07 17:19:07,546 - INFO - Requisicao bem-sucedida
2026-03-07 17:19:07,547 - INFO -   4 licitacoes TI nesta pagina
2026-03-07 17:19:07,548 - INFO -   Total: 834 de 1731
2026-03-07 17:19:08,560 - INFO - Pagina 170 (Modalidade: 8)
2026-03-07 17:19:08,560 - INFO - Requisicao (tentativa 1/5): https://pncp.gov.br/api/consulta/v1/contratacoes/publicacao
2026-03-07 17:19:08,942 - INFO - Requisicao bem-sucedida
2026-03-07 17:19:08,944 - INFO -   7 licitacoes TI nesta pagina
2026-03-07 17:19:08,944 - INFO -   Total: 841 de 1741
2026-03-07 17:19:09,948 - INFO - Pagina 171 (Modalidade: 8)
2026-03-07 17:19:09,948 - INFO - Requisicao (tentativa 1/5): https://pncp.gov.br/api/consulta/v1/contratacoes/publicacao
2026-03-07 17:19:10,214 - INFO - Requisicao bem-sucedida
2026-03-07 17:19:10,215 - INFO -   2 licitacoes TI nesta pagina
2026-03-07 17:19:10,216 - INFO -   Total: 843 de 1751
2026-03-07 17:19:11,225 - INFO - Pagina 172 (Modalidade: 8)
2026-03-07 17:19:11,225 - INFO - Requisicao (tentativa 1/5): https://pncp.gov.br/api/consulta/v1/contratacoes/publicacao
2026-03-07 17:19:11,501 - INFO - Requisicao bem-sucedida
2026-03-07 17:19:11,503 - INFO -   5 licitacoes TI nesta pagina
2026-03-07 17:19:11,503 - INFO -   Total: 848 de 1761
2026-03-07 17:19:12,518 - INFO - Pagina 173 (Modalidade: 8)
2026-03-07 17:19:12,519 - INFO - Requisicao (tentativa 1/5): https://pncp.gov.br/api/consulta/v1/contratacoes/publicacao
2026-03-07 17:19:13,021 - INFO - Requisicao bem-sucedida
2026-03-07 17:19:13,023 - INFO -   6 licitacoes TI nesta pagina
2026-03-07 17:19:13,024 - INFO -   Total: 854 de 1771
2026-03-07 17:19:14,033 - INFO - Pagina 174 (Modalidade: 8)
2026-03-07 17:19:14,033 - INFO - Requisicao (tentativa 1/5): https://pncp.gov.br/api/consulta/v1/contratacoes/publicacao
2026-03-07 17:19:14,484 - INFO - Requisicao bem-sucedida
2026-03-07 17:19:14,485 - INFO -   6 licitacoes TI nesta pagina
2026-03-07 17:19:14,485 - INFO -   Total: 860 de 1781
2026-03-07 17:19:15,502 - INFO - Pagina 175 (Modalidade: 8)
2026-03-07 17:19:15,502 - INFO - Requisicao (tentativa 1/5): https://pncp.gov.br/api/consulta/v1/contratacoes/publicacao
2026-03-07 17:19:15,891 - INFO - Requisicao bem-sucedida
2026-03-07 17:19:15,892 - INFO -   5 licitacoes TI nesta pagina
2026-03-07 17:19:15,892 - INFO -   Total: 865 de 1791
2026-03-07 17:19:16,902 - INFO - Pagina 176 (Modalidade: 8)
2026-03-07 17:19:16,902 - INFO - Requisicao (tentativa 1/5): https://pncp.gov.br/api/consulta/v1/contratacoes/publicacao
2026-03-07 17:19:17,508 - INFO - Requisicao bem-sucedida
2026-03-07 17:19:17,509 - INFO -   5 licitacoes TI nesta pagina
2026-03-07 17:19:17,510 - INFO -   Total: 870 de 1801
2026-03-07 17:19:18,524 - INFO - Pagina 177 (Modalidade: 8)
2026-03-07 17:19:18,525 - INFO - Requisicao (tentativa 1/5): https://pncp.gov.br/api/consulta/v1/contratacoes/publicacao
2026-03-07 17:19:18,843 - INFO - Requisicao bem-sucedida
2026-03-07 17:19:18,844 - INFO -   6 licitacoes TI nesta pagina
2026-03-07 17:19:18,845 - INFO -   Total: 876 de 1811
2026-03-07 17:19:19,846 - INFO - Pagina 178 (Modalidade: 8)
2026-03-07 17:19:19,848 - INFO - Requisicao (tentativa 1/5): https://pncp.gov.br/api/consulta/v1/contratacoes/publicacao
2026-03-07 17:19:20,390 - INFO - Requisicao bem-sucedida
2026-03-07 17:19:20,391 - INFO -   3 licitacoes TI nesta pagina
2026-03-07 17:19:20,392 - INFO -   Total: 879 de 1821
2026-03-07 17:19:21,401 - INFO - Pagina 179 (Modalidade: 8)
2026-03-07 17:19:21,401 - INFO - Requisicao (tentativa 1/5): https://pncp.gov.br/api/consulta/v1/contratacoes/publicacao
2026-03-07 17:19:21,640 - INFO - Requisicao bem-sucedida
2026-03-07 17:19:21,641 - INFO -   5 licitacoes TI nesta pagina
2026-03-07 17:19:21,641 - INFO -   Total: 884 de 1831
2026-03-07 17:19:22,647 - INFO - Pagina 180 (Modalidade: 8)
2026-03-07 17:19:22,647 - INFO - Requisicao (tentativa 1/5): https://pncp.gov.br/api/consulta/v1/contratacoes/publicacao
2026-03-07 17:19:23,163 - INFO - Requisicao bem-sucedida
2026-03-07 17:19:23,164 - INFO -   5 licitacoes TI nesta pagina
2026-03-07 17:19:23,165 - INFO -   Total: 889 de 1841
2026-03-07 17:19:24,172 - INFO - Pagina 181 (Modalidade: 8)
2026-03-07 17:19:24,172 - INFO - Requisicao (tentativa 1/5): https://pncp.gov.br/api/consulta/v1/contratacoes/publicacao
2026-03-07 17:19:24,409 - INFO - Requisicao bem-sucedida
2026-03-07 17:19:24,410 - INFO -   7 licitacoes TI nesta pagina
2026-03-07 17:19:24,410 - INFO -   Total: 896 de 1851
2026-03-07 17:19:25,423 - INFO - Pagina 182 (Modalidade: 8)
2026-03-07 17:19:25,423 - INFO - Requisicao (tentativa 1/5): https://pncp.gov.br/api/consulta/v1/contratacoes/publicacao
2026-03-07 17:19:25,650 - INFO - Requisicao bem-sucedida
2026-03-07 17:19:25,652 - INFO -   4 licitacoes TI nesta pagina
2026-03-07 17:19:25,652 - INFO -   Total: 900 de 1861
2026-03-07 17:19:26,653 - INFO - Pagina 183 (Modalidade: 8)
2026-03-07 17:19:26,653 - INFO - Requisicao (tentativa 1/5): https://pncp.gov.br/api/consulta/v1/contratacoes/publicacao
2026-03-07 17:19:27,205 - INFO - Requisicao bem-sucedida
2026-03-07 17:19:27,206 - INFO -   6 licitacoes TI nesta pagina
2026-03-07 17:19:27,207 - INFO -   Total: 906 de 1871
2026-03-07 17:19:28,210 - INFO - Pagina 184 (Modalidade: 8)
2026-03-07 17:19:28,210 - INFO - Requisicao (tentativa 1/5): https://pncp.gov.br/api/consulta/v1/contratacoes/publicacao
2026-03-07 17:19:28,484 - INFO - Requisicao bem-sucedida
2026-03-07 17:19:28,485 - INFO -   8 licitacoes TI nesta pagina
2026-03-07 17:19:28,485 - INFO -   Total: 914 de 1881
2026-03-07 17:19:29,492 - INFO - Pagina 185 (Modalidade: 8)
2026-03-07 17:19:29,493 - INFO - Requisicao (tentativa 1/5): https://pncp.gov.br/api/consulta/v1/contratacoes/publicacao
2026-03-07 17:19:29,800 - INFO - Requisicao bem-sucedida
2026-03-07 17:19:29,801 - INFO -   4 licitacoes TI nesta pagina
2026-03-07 17:19:29,802 - INFO -   Total: 918 de 1891
2026-03-07 17:19:30,816 - INFO - Pagina 186 (Modalidade: 8)
2026-03-07 17:19:30,816 - INFO - Requisicao (tentativa 1/5): https://pncp.gov.br/api/consulta/v1/contratacoes/publicacao
2026-03-07 17:19:31,052 - INFO - Requisicao bem-sucedida
2026-03-07 17:19:31,053 - INFO -   7 licitacoes TI nesta pagina
2026-03-07 17:19:31,053 - INFO -   Total: 925 de 1901
2026-03-07 17:19:32,054 - INFO - Pagina 187 (Modalidade: 8)
2026-03-07 17:19:32,054 - INFO - Requisicao (tentativa 1/5): https://pncp.gov.br/api/consulta/v1/contratacoes/publicacao
2026-03-07 17:19:32,567 - INFO - Requisicao bem-sucedida
2026-03-07 17:19:32,568 - INFO -   5 licitacoes TI nesta pagina
2026-03-07 17:19:32,568 - INFO -   Total: 930 de 1911
2026-03-07 17:19:33,580 - INFO - Pagina 188 (Modalidade: 8)
2026-03-07 17:19:33,580 - INFO - Requisicao (tentativa 1/5): https://pncp.gov.br/api/consulta/v1/contratacoes/publicacao
2026-03-07 17:19:33,800 - INFO - Requisicao bem-sucedida
2026-03-07 17:19:33,802 - INFO -   4 licitacoes TI nesta pagina
2026-03-07 17:19:33,802 - INFO -   Total: 934 de 1921
2026-03-07 17:19:34,814 - INFO - Pagina 189 (Modalidade: 8)
2026-03-07 17:19:34,814 - INFO - Requisicao (tentativa 1/5): https://pncp.gov.br/api/consulta/v1/contratacoes/publicacao
2026-03-07 17:19:35,040 - INFO - Requisicao bem-sucedida
2026-03-07 17:19:35,042 - INFO -   5 licitacoes TI nesta pagina
2026-03-07 17:19:35,042 - INFO -   Total: 939 de 1931
2026-03-07 17:19:36,048 - INFO - Pagina 190 (Modalidade: 8)
2026-03-07 17:19:36,049 - INFO - Requisicao (tentativa 1/5): https://pncp.gov.br/api/consulta/v1/contratacoes/publicacao
2026-03-07 17:19:36,301 - INFO - Requisicao bem-sucedida
2026-03-07 17:19:36,302 - INFO -   5 licitacoes TI nesta pagina
2026-03-07 17:19:36,302 - INFO -   Total: 944 de 1941
2026-03-07 17:19:37,310 - INFO - Pagina 191 (Modalidade: 8)
2026-03-07 17:19:37,310 - INFO - Requisicao (tentativa 1/5): https://pncp.gov.br/api/consulta/v1/contratacoes/publicacao
2026-03-07 17:19:37,843 - INFO - Requisicao bem-sucedida
2026-03-07 17:19:37,844 - INFO -   6 licitacoes TI nesta pagina
2026-03-07 17:19:37,846 - INFO -   Total: 950 de 1951
2026-03-07 17:19:38,861 - INFO - Pagina 192 (Modalidade: 8)
2026-03-07 17:19:38,861 - INFO - Requisicao (tentativa 1/5): https://pncp.gov.br/api/consulta/v1/contratacoes/publicacao
2026-03-07 17:21:38,876 - WARNING - Timeout na requisicao (tentativa 1/5)
2026-03-07 17:21:40,888 - INFO - Requisicao (tentativa 2/5): https://pncp.gov.br/api/consulta/v1/contratacoes/publicacao
2026-03-07 17:21:41,777 - INFO - Requisicao bem-sucedida
2026-03-07 17:21:41,779 - INFO -   6 licitacoes TI nesta pagina
2026-03-07 17:21:41,779 - INFO -   Total: 956 de 1961
2026-03-07 17:21:42,786 - INFO - Pagina 193 (Modalidade: 8)
2026-03-07 17:21:42,793 - INFO - Requisicao (tentativa 1/5): https://pncp.gov.br/api/consulta/v1/contratacoes/publicacao
2026-03-07 17:21:43,375 - INFO - Requisicao bem-sucedida
2026-03-07 17:21:43,377 - INFO -   7 licitacoes TI nesta pagina
2026-03-07 17:21:43,378 - INFO -   Total: 963 de 1971
2026-03-07 17:21:44,392 - INFO - Pagina 194 (Modalidade: 8)
2026-03-07 17:21:44,393 - INFO - Requisicao (tentativa 1/5): https://pncp.gov.br/api/consulta/v1/contratacoes/publicacao
2026-03-07 17:21:44,942 - INFO - Requisicao bem-sucedida
2026-03-07 17:21:44,944 - INFO -   8 licitacoes TI nesta pagina
2026-03-07 17:21:44,944 - INFO -   Total: 971 de 1981
2026-03-07 17:21:45,952 - INFO - Pagina 195 (Modalidade: 8)
2026-03-07 17:21:45,952 - INFO - Requisicao (tentativa 1/5): https://pncp.gov.br/api/consulta/v1/contratacoes/publicacao
2026-03-07 17:21:46,201 - INFO - Requisicao bem-sucedida
2026-03-07 17:21:46,202 - INFO -   6 licitacoes TI nesta pagina
2026-03-07 17:21:46,203 - INFO -   Total: 977 de 1991
2026-03-07 17:21:47,217 - INFO - Pagina 196 (Modalidade: 8)
2026-03-07 17:21:47,217 - INFO - Requisicao (tentativa 1/5): https://pncp.gov.br/api/consulta/v1/contratacoes/publicacao
2026-03-07 17:21:47,459 - INFO - Requisicao bem-sucedida
2026-03-07 17:21:47,460 - INFO -   6 licitacoes TI nesta pagina
2026-03-07 17:21:47,460 - INFO -   Total: 983 de 2001
2026-03-07 17:21:48,461 - INFO - Pagina 197 (Modalidade: 8)
2026-03-07 17:21:48,461 - INFO - Requisicao (tentativa 1/5): https://pncp.gov.br/api/consulta/v1/contratacoes/publicacao
2026-03-07 17:21:49,029 - INFO - Requisicao bem-sucedida
2026-03-07 17:21:49,031 - INFO -   5 licitacoes TI nesta pagina
2026-03-07 17:21:49,032 - INFO -   Total: 988 de 2011
2026-03-07 17:21:50,035 - INFO - Pagina 198 (Modalidade: 8)
2026-03-07 17:21:50,035 - INFO - Requisicao (tentativa 1/5): https://pncp.gov.br/api/consulta/v1/contratacoes/publicacao
2026-03-07 17:21:50,318 - INFO - Requisicao bem-sucedida
2026-03-07 17:21:50,319 - INFO -   4 licitacoes TI nesta pagina
2026-03-07 17:21:50,319 - INFO -   Total: 992 de 2021
2026-03-07 17:21:51,329 - INFO - Pagina 199 (Modalidade: 8)
2026-03-07 17:21:51,329 - INFO - Requisicao (tentativa 1/5): https://pncp.gov.br/api/consulta/v1/contratacoes/publicacao
2026-03-07 17:21:51,602 - INFO - Requisicao bem-sucedida
2026-03-07 17:21:51,604 - INFO -   6 licitacoes TI nesta pagina
2026-03-07 17:21:51,604 - INFO -   Total: 998 de 2031
2026-03-07 17:21:52,612 - INFO - Pagina 200 (Modalidade: 8)
2026-03-07 17:21:52,612 - INFO - Requisicao (tentativa 1/5): https://pncp.gov.br/api/consulta/v1/contratacoes/publicacao
2026-03-07 17:21:53,198 - INFO - Requisicao bem-sucedida
2026-03-07 17:21:53,199 - INFO -   7 licitacoes TI nesta pagina
2026-03-07 17:21:53,200 - INFO -   Total: 1005 de 2041
2026-03-07 17:21:54,215 - INFO - Pagina 201 (Modalidade: 8)
2026-03-07 17:21:54,217 - INFO - Requisicao (tentativa 1/5): https://pncp.gov.br/api/consulta/v1/contratacoes/publicacao
2026-03-07 17:21:54,505 - INFO - Requisicao bem-sucedida
2026-03-07 17:21:54,506 - INFO -   5 licitacoes TI nesta pagina
2026-03-07 17:21:54,507 - INFO -   Total: 1010 de 2051
2026-03-07 17:21:55,507 - INFO - Pagina 202 (Modalidade: 8)
2026-03-07 17:21:55,507 - INFO - Requisicao (tentativa 1/5): https://pncp.gov.br/api/consulta/v1/contratacoes/publicacao
2026-03-07 17:21:56,079 - INFO - Requisicao bem-sucedida
2026-03-07 17:21:56,081 - INFO -   6 licitacoes TI nesta pagina
2026-03-07 17:21:56,081 - INFO -   Total: 1016 de 2061
2026-03-07 17:21:57,095 - INFO - Pagina 203 (Modalidade: 8)
2026-03-07 17:21:57,095 - INFO - Requisicao (tentativa 1/5): https://pncp.gov.br/api/consulta/v1/contratacoes/publicacao
2026-03-07 17:23:57,108 - WARNING - Timeout na requisicao (tentativa 1/5)
2026-03-07 17:23:59,122 - INFO - Requisicao (tentativa 2/5): https://pncp.gov.br/api/consulta/v1/contratacoes/publicacao
2026-03-07 17:25:59,278 - WARNING - Timeout na requisicao (tentativa 2/5)
2026-03-07 17:26:01,294 - INFO - Requisicao (tentativa 3/5): https://pncp.gov.br/api/consulta/v1/contratacoes/publicacao
2026-03-07 17:26:02,082 - INFO - Requisicao bem-sucedida
2026-03-07 17:26:02,083 - INFO -   3 licitacoes TI nesta pagina
2026-03-07 17:26:02,083 - INFO -   Total: 1019 de 2071
2026-03-07 17:26:03,092 - INFO - Pagina 204 (Modalidade: 8)
2026-03-07 17:26:03,092 - INFO - Requisicao (tentativa 1/5): https://pncp.gov.br/api/consulta/v1/contratacoes/publicacao
2026-03-07 17:26:03,651 - INFO - Requisicao bem-sucedida
2026-03-07 17:26:03,653 - INFO -   3 licitacoes TI nesta pagina
2026-03-07 17:26:03,653 - INFO -   Total: 1022 de 2081
2026-03-07 17:26:04,659 - INFO - Pagina 205 (Modalidade: 8)
2026-03-07 17:26:04,659 - INFO - Requisicao (tentativa 1/5): https://pncp.gov.br/api/consulta/v1/contratacoes/publicacao
2026-03-07 17:26:05,193 - INFO - Requisicao bem-sucedida
2026-03-07 17:26:05,195 - INFO -   2 licitacoes TI nesta pagina
2026-03-07 17:26:05,195 - INFO -   Total: 1024 de 2091
2026-03-07 17:26:06,201 - INFO - Pagina 206 (Modalidade: 8)
2026-03-07 17:26:06,202 - INFO - Requisicao (tentativa 1/5): https://pncp.gov.br/api/consulta/v1/contratacoes/publicacao
2026-03-07 17:26:06,729 - INFO - Requisicao bem-sucedida
2026-03-07 17:26:06,730 - INFO -   3 licitacoes TI nesta pagina
2026-03-07 17:26:06,730 - INFO -   Total: 1027 de 2101
2026-03-07 17:26:07,743 - INFO - Pagina 207 (Modalidade: 8)
2026-03-07 17:26:07,744 - INFO - Requisicao (tentativa 1/5): https://pncp.gov.br/api/consulta/v1/contratacoes/publicacao
2026-03-07 17:26:08,288 - INFO - Requisicao bem-sucedida
2026-03-07 17:26:08,289 - INFO -   7 licitacoes TI nesta pagina
2026-03-07 17:26:08,290 - INFO -   Total: 1034 de 2111
2026-03-07 17:26:09,292 - INFO - Pagina 208 (Modalidade: 8)
2026-03-07 17:26:09,293 - INFO - Requisicao (tentativa 1/5): https://pncp.gov.br/api/consulta/v1/contratacoes/publicacao
2026-03-07 17:26:09,638 - INFO - Requisicao bem-sucedida
2026-03-07 17:26:09,641 - INFO -   5 licitacoes TI nesta pagina
2026-03-07 17:26:09,642 - INFO -   Total: 1039 de 2121
2026-03-07 17:26:10,644 - INFO - Pagina 209 (Modalidade: 8)
2026-03-07 17:26:10,644 - INFO - Requisicao (tentativa 1/5): https://pncp.gov.br/api/consulta/v1/contratacoes/publicacao
2026-03-07 17:26:11,195 - INFO - Requisicao bem-sucedida
2026-03-07 17:26:11,196 - INFO -   5 licitacoes TI nesta pagina
2026-03-07 17:26:11,196 - INFO -   Total: 1044 de 2131
2026-03-07 17:26:12,208 - INFO - Pagina 210 (Modalidade: 8)
2026-03-07 17:26:12,209 - INFO - Requisicao (tentativa 1/5): https://pncp.gov.br/api/consulta/v1/contratacoes/publicacao
2026-03-07 17:26:12,733 - INFO - Requisicao bem-sucedida
2026-03-07 17:26:12,734 - INFO -   4 licitacoes TI nesta pagina
2026-03-07 17:26:12,735 - INFO -   Total: 1048 de 2141
2026-03-07 17:26:13,746 - INFO - Pagina 211 (Modalidade: 8)
2026-03-07 17:26:13,747 - INFO - Requisicao (tentativa 1/5): https://pncp.gov.br/api/consulta/v1/contratacoes/publicacao
2026-03-07 17:26:14,039 - INFO - Requisicao bem-sucedida
2026-03-07 17:26:14,040 - INFO -   4 licitacoes TI nesta pagina
2026-03-07 17:26:14,040 - INFO -   Total: 1052 de 2151
2026-03-07 17:26:15,041 - INFO - Pagina 212 (Modalidade: 8)
2026-03-07 17:26:15,042 - INFO - Requisicao (tentativa 1/5): https://pncp.gov.br/api/consulta/v1/contratacoes/publicacao
2026-03-07 17:26:15,633 - INFO - Requisicao bem-sucedida
2026-03-07 17:26:15,634 - INFO -   0 licitacoes TI nesta pagina
2026-03-07 17:26:15,634 - INFO -   Total: 1052 de 2161
2026-03-07 17:26:16,641 - INFO - Pagina 213 (Modalidade: 8)
2026-03-07 17:26:16,642 - INFO - Requisicao (tentativa 1/5): https://pncp.gov.br/api/consulta/v1/contratacoes/publicacao
2026-03-07 17:26:16,900 - INFO - Requisicao bem-sucedida
2026-03-07 17:26:16,902 - INFO -   3 licitacoes TI nesta pagina
2026-03-07 17:26:16,902 - INFO -   Total: 1055 de 2171
2026-03-07 17:26:17,908 - INFO - Pagina 214 (Modalidade: 8)
2026-03-07 17:26:17,908 - INFO - Requisicao (tentativa 1/5): https://pncp.gov.br/api/consulta/v1/contratacoes/publicacao
2026-03-07 17:26:18,170 - INFO - Requisicao bem-sucedida
2026-03-07 17:26:18,171 - INFO -   3 licitacoes TI nesta pagina
2026-03-07 17:26:18,171 - INFO -   Total: 1058 de 2181
2026-03-07 17:26:19,175 - INFO - Pagina 215 (Modalidade: 8)
2026-03-07 17:26:19,176 - INFO - Requisicao (tentativa 1/5): https://pncp.gov.br/api/consulta/v1/contratacoes/publicacao
2026-03-07 17:26:19,693 - INFO - Requisicao bem-sucedida
2026-03-07 17:26:19,694 - INFO -   3 licitacoes TI nesta pagina
2026-03-07 17:26:19,695 - INFO -   Total: 1061 de 2191
2026-03-07 17:26:20,707 - INFO - Pagina 216 (Modalidade: 8)
2026-03-07 17:26:20,707 - INFO - Requisicao (tentativa 1/5): https://pncp.gov.br/api/consulta/v1/contratacoes/publicacao
2026-03-07 17:26:21,266 - INFO - Requisicao bem-sucedida
2026-03-07 17:26:21,267 - INFO -   3 licitacoes TI nesta pagina
2026-03-07 17:26:21,268 - INFO -   Total: 1064 de 2201
2026-03-07 17:26:22,273 - INFO - Pagina 217 (Modalidade: 8)
2026-03-07 17:26:22,273 - INFO - Requisicao (tentativa 1/5): https://pncp.gov.br/api/consulta/v1/contratacoes/publicacao
2026-03-07 17:26:22,509 - INFO - Requisicao bem-sucedida
2026-03-07 17:26:22,510 - INFO -   3 licitacoes TI nesta pagina
2026-03-07 17:26:22,510 - INFO -   Total: 1067 de 2211
2026-03-07 17:26:23,524 - INFO - Pagina 218 (Modalidade: 8)
2026-03-07 17:26:23,525 - INFO - Requisicao (tentativa 1/5): https://pncp.gov.br/api/consulta/v1/contratacoes/publicacao
2026-03-07 17:26:23,765 - INFO - Requisicao bem-sucedida
2026-03-07 17:26:23,766 - INFO -   7 licitacoes TI nesta pagina
2026-03-07 17:26:23,767 - INFO -   Total: 1074 de 2221
2026-03-07 17:26:24,773 - INFO - Pagina 219 (Modalidade: 8)
2026-03-07 17:26:24,774 - INFO - Requisicao (tentativa 1/5): https://pncp.gov.br/api/consulta/v1/contratacoes/publicacao
2026-03-07 17:26:25,337 - INFO - Requisicao bem-sucedida
2026-03-07 17:26:25,337 - INFO -   1 licitacoes TI nesta pagina
2026-03-07 17:26:25,338 - INFO -   Total: 1075 de 2231
2026-03-07 17:26:26,346 - INFO - Pagina 220 (Modalidade: 8)
2026-03-07 17:26:26,346 - INFO - Requisicao (tentativa 1/5): https://pncp.gov.br/api/consulta/v1/contratacoes/publicacao
2026-03-07 17:26:26,708 - INFO - Requisicao bem-sucedida
2026-03-07 17:26:26,712 - INFO -   2 licitacoes TI nesta pagina
2026-03-07 17:26:26,713 - INFO -   Total: 1077 de 2241
2026-03-07 17:26:27,724 - INFO - Pagina 221 (Modalidade: 8)
2026-03-07 17:26:27,725 - INFO - Requisicao (tentativa 1/5): https://pncp.gov.br/api/consulta/v1/contratacoes/publicacao
2026-03-07 17:26:28,296 - INFO - Requisicao bem-sucedida
2026-03-07 17:26:28,297 - INFO -   3 licitacoes TI nesta pagina
2026-03-07 17:26:28,297 - INFO -   Total: 1080 de 2251
2026-03-07 17:26:29,308 - INFO - Pagina 222 (Modalidade: 8)
2026-03-07 17:26:29,308 - INFO - Requisicao (tentativa 1/5): https://pncp.gov.br/api/consulta/v1/contratacoes/publicacao
2026-03-07 17:28:29,326 - WARNING - Timeout na requisicao (tentativa 1/5)
2026-03-07 17:28:31,334 - INFO - Requisicao (tentativa 2/5): https://pncp.gov.br/api/consulta/v1/contratacoes/publicacao
2026-03-07 17:28:31,762 - INFO - Requisicao bem-sucedida
2026-03-07 17:28:31,763 - INFO -   5 licitacoes TI nesta pagina
2026-03-07 17:28:31,764 - INFO -   Total: 1085 de 2261
2026-03-07 17:28:32,777 - INFO - Pagina 223 (Modalidade: 8)
2026-03-07 17:28:32,777 - INFO - Requisicao (tentativa 1/5): https://pncp.gov.br/api/consulta/v1/contratacoes/publicacao
2026-03-07 17:28:33,456 - INFO - Requisicao bem-sucedida
2026-03-07 17:28:33,458 - INFO -   6 licitacoes TI nesta pagina
2026-03-07 17:28:33,458 - INFO -   Total: 1091 de 2271
2026-03-07 17:28:34,459 - INFO - Pagina 224 (Modalidade: 8)
2026-03-07 17:28:34,460 - INFO - Requisicao (tentativa 1/5): https://pncp.gov.br/api/consulta/v1/contratacoes/publicacao
2026-03-07 17:28:35,129 - INFO - Requisicao bem-sucedida
2026-03-07 17:28:35,132 - INFO -   6 licitacoes TI nesta pagina
2026-03-07 17:28:35,133 - INFO -   Total: 1097 de 2281
2026-03-07 17:28:36,147 - INFO - Pagina 225 (Modalidade: 8)
2026-03-07 17:28:36,149 - INFO - Requisicao (tentativa 1/5): https://pncp.gov.br/api/consulta/v1/contratacoes/publicacao
2026-03-07 17:28:36,731 - INFO - Requisicao bem-sucedida
2026-03-07 17:28:36,734 - INFO -   0 licitacoes TI nesta pagina
2026-03-07 17:28:36,734 - INFO -   Total: 1097 de 2291
2026-03-07 17:28:37,737 - INFO - Pagina 226 (Modalidade: 8)
2026-03-07 17:28:37,745 - INFO - Requisicao (tentativa 1/5): https://pncp.gov.br/api/consulta/v1/contratacoes/publicacao
2026-03-07 17:28:38,328 - INFO - Requisicao bem-sucedida
2026-03-07 17:28:38,329 - INFO -   4 licitacoes TI nesta pagina
2026-03-07 17:28:38,330 - INFO -   Total: 1101 de 2301
2026-03-07 17:28:39,343 - INFO - Pagina 227 (Modalidade: 8)
2026-03-07 17:28:39,346 - INFO - Requisicao (tentativa 1/5): https://pncp.gov.br/api/consulta/v1/contratacoes/publicacao
2026-03-07 17:28:39,916 - INFO - Requisicao bem-sucedida
2026-03-07 17:28:39,919 - INFO -   5 licitacoes TI nesta pagina
2026-03-07 17:28:39,920 - INFO -   Total: 1106 de 2311
2026-03-07 17:28:40,924 - INFO - Pagina 228 (Modalidade: 8)
2026-03-07 17:28:40,924 - INFO - Requisicao (tentativa 1/5): https://pncp.gov.br/api/consulta/v1/contratacoes/publicacao
2026-03-07 17:28:41,163 - INFO - Requisicao bem-sucedida
2026-03-07 17:28:41,166 - INFO -   3 licitacoes TI nesta pagina
2026-03-07 17:28:41,166 - INFO -   Total: 1109 de 2321
2026-03-07 17:28:42,176 - INFO - Pagina 229 (Modalidade: 8)
2026-03-07 17:28:42,177 - INFO - Requisicao (tentativa 1/5): https://pncp.gov.br/api/consulta/v1/contratacoes/publicacao
2026-03-07 17:28:42,730 - INFO - Requisicao bem-sucedida
2026-03-07 17:28:42,738 - INFO -   3 licitacoes TI nesta pagina
2026-03-07 17:28:42,738 - INFO -   Total: 1112 de 2331
2026-03-07 17:28:43,742 - INFO - Pagina 230 (Modalidade: 8)
2026-03-07 17:28:43,746 - INFO - Requisicao (tentativa 1/5): https://pncp.gov.br/api/consulta/v1/contratacoes/publicacao
2026-03-07 17:30:43,762 - WARNING - Timeout na requisicao (tentativa 1/5)
2026-03-07 17:30:45,777 - INFO - Requisicao (tentativa 2/5): https://pncp.gov.br/api/consulta/v1/contratacoes/publicacao
2026-03-07 17:30:46,198 - INFO - Requisicao bem-sucedida
2026-03-07 17:30:46,199 - INFO -   7 licitacoes TI nesta pagina
2026-03-07 17:30:46,200 - INFO -   Total: 1119 de 2341
2026-03-07 17:30:47,210 - INFO - Pagina 231 (Modalidade: 8)
2026-03-07 17:30:47,211 - INFO - Requisicao (tentativa 1/5): https://pncp.gov.br/api/consulta/v1/contratacoes/publicacao
2026-03-07 17:30:47,784 - INFO - Requisicao bem-sucedida
2026-03-07 17:30:47,785 - INFO -   5 licitacoes TI nesta pagina
2026-03-07 17:30:47,785 - INFO -   Total: 1124 de 2351
2026-03-07 17:30:48,795 - INFO - Pagina 232 (Modalidade: 8)
2026-03-07 17:30:48,796 - INFO - Requisicao (tentativa 1/5): https://pncp.gov.br/api/consulta/v1/contratacoes/publicacao
2026-03-07 17:32:48,813 - WARNING - Timeout na requisicao (tentativa 1/5)
2026-03-07 17:32:50,815 - INFO - Requisicao (tentativa 2/5): https://pncp.gov.br/api/consulta/v1/contratacoes/publicacao
2026-03-07 17:32:51,476 - INFO - Requisicao bem-sucedida
2026-03-07 17:32:51,476 - INFO -   7 licitacoes TI nesta pagina
2026-03-07 17:32:51,476 - INFO -   Total: 1131 de 2361
2026-03-07 17:32:52,481 - INFO - Pagina 233 (Modalidade: 8)
2026-03-07 17:32:52,481 - INFO - Requisicao (tentativa 1/5): https://pncp.gov.br/api/consulta/v1/contratacoes/publicacao
2026-03-07 17:32:52,794 - INFO - Requisicao bem-sucedida
2026-03-07 17:32:52,795 - INFO -   5 licitacoes TI nesta pagina
2026-03-07 17:32:52,796 - INFO -   Total: 1136 de 2371
2026-03-07 17:32:53,798 - INFO - Pagina 234 (Modalidade: 8)
2026-03-07 17:32:53,798 - INFO - Requisicao (tentativa 1/5): https://pncp.gov.br/api/consulta/v1/contratacoes/publicacao
2026-03-07 17:32:54,251 - INFO - Requisicao bem-sucedida
2026-03-07 17:32:54,252 - INFO -   3 licitacoes TI nesta pagina
2026-03-07 17:32:54,252 - INFO -   Total: 1139 de 2381
2026-03-07 17:32:55,264 - INFO - Pagina 235 (Modalidade: 8)
2026-03-07 17:32:55,265 - INFO - Requisicao (tentativa 1/5): https://pncp.gov.br/api/consulta/v1/contratacoes/publicacao
2026-03-07 17:32:55,582 - INFO - Requisicao bem-sucedida
2026-03-07 17:32:55,583 - INFO -   3 licitacoes TI nesta pagina
2026-03-07 17:32:55,583 - INFO -   Total: 1142 de 2391
2026-03-07 17:32:56,585 - INFO - Pagina 236 (Modalidade: 8)
2026-03-07 17:32:56,587 - INFO - Requisicao (tentativa 1/5): https://pncp.gov.br/api/consulta/v1/contratacoes/publicacao
2026-03-07 17:32:57,173 - INFO - Requisicao bem-sucedida
2026-03-07 17:32:57,174 - INFO -   5 licitacoes TI nesta pagina
2026-03-07 17:32:57,174 - INFO -   Total: 1147 de 2401
2026-03-07 17:32:58,181 - INFO - Pagina 237 (Modalidade: 8)
2026-03-07 17:32:58,182 - INFO - Requisicao (tentativa 1/5): https://pncp.gov.br/api/consulta/v1/contratacoes/publicacao
2026-03-07 17:34:58,201 - WARNING - Timeout na requisicao (tentativa 1/5)
2026-03-07 17:35:00,216 - INFO - Requisicao (tentativa 2/5): https://pncp.gov.br/api/consulta/v1/contratacoes/publicacao
2026-03-07 17:35:00,919 - INFO - Requisicao bem-sucedida
2026-03-07 17:35:00,919 - INFO -   9 licitacoes TI nesta pagina
2026-03-07 17:35:00,920 - INFO -   Total: 1156 de 2411
2026-03-07 17:35:01,933 - INFO - Pagina 238 (Modalidade: 8)
2026-03-07 17:35:01,933 - INFO - Requisicao (tentativa 1/5): https://pncp.gov.br/api/consulta/v1/contratacoes/publicacao
2026-03-07 17:35:02,203 - INFO - Requisicao bem-sucedida
2026-03-07 17:35:02,205 - INFO -   2 licitacoes TI nesta pagina
2026-03-07 17:35:02,205 - INFO -   Total: 1158 de 2421
2026-03-07 17:35:03,215 - INFO - Pagina 239 (Modalidade: 8)
2026-03-07 17:35:03,216 - INFO - Requisicao (tentativa 1/5): https://pncp.gov.br/api/consulta/v1/contratacoes/publicacao
2026-03-07 17:35:03,843 - INFO - Requisicao bem-sucedida
2026-03-07 17:35:03,844 - INFO -   4 licitacoes TI nesta pagina
2026-03-07 17:35:03,845 - INFO -   Total: 1162 de 2431
2026-03-07 17:35:04,850 - INFO - Pagina 240 (Modalidade: 8)
2026-03-07 17:35:04,851 - INFO - Requisicao (tentativa 1/5): https://pncp.gov.br/api/consulta/v1/contratacoes/publicacao
2026-03-07 17:35:05,439 - INFO - Requisicao bem-sucedida
2026-03-07 17:35:05,441 - INFO -   4 licitacoes TI nesta pagina
2026-03-07 17:35:05,442 - INFO -   Total: 1166 de 2441
2026-03-07 17:35:06,449 - INFO - Pagina 241 (Modalidade: 8)
2026-03-07 17:35:06,449 - INFO - Requisicao (tentativa 1/5): https://pncp.gov.br/api/consulta/v1/contratacoes/publicacao
2026-03-07 17:35:06,697 - INFO - Requisicao bem-sucedida
2026-03-07 17:35:06,699 - INFO -   6 licitacoes TI nesta pagina
2026-03-07 17:35:06,699 - INFO -   Total: 1172 de 2451
2026-03-07 17:35:07,714 - INFO - Pagina 242 (Modalidade: 8)
2026-03-07 17:35:07,716 - INFO - Requisicao (tentativa 1/5): https://pncp.gov.br/api/consulta/v1/contratacoes/publicacao
2026-03-07 17:35:07,964 - INFO - Requisicao bem-sucedida
2026-03-07 17:35:07,966 - INFO -   4 licitacoes TI nesta pagina
2026-03-07 17:35:07,966 - INFO -   Total: 1176 de 2461
2026-03-07 17:35:08,983 - INFO - Pagina 243 (Modalidade: 8)
2026-03-07 17:35:08,984 - INFO - Requisicao (tentativa 1/5): https://pncp.gov.br/api/consulta/v1/contratacoes/publicacao
2026-03-07 17:35:09,233 - INFO - Requisicao bem-sucedida
2026-03-07 17:35:09,235 - INFO -   7 licitacoes TI nesta pagina
2026-03-07 17:35:09,235 - INFO -   Total: 1183 de 2471
2026-03-07 17:35:10,248 - INFO - Pagina 244 (Modalidade: 8)
2026-03-07 17:35:10,248 - INFO - Requisicao (tentativa 1/5): https://pncp.gov.br/api/consulta/v1/contratacoes/publicacao
2026-03-07 17:35:10,511 - INFO - Requisicao bem-sucedida
2026-03-07 17:35:10,511 - INFO -   6 licitacoes TI nesta pagina
2026-03-07 17:35:10,511 - INFO -   Total: 1189 de 2481
2026-03-07 17:35:11,531 - INFO - Pagina 245 (Modalidade: 8)
2026-03-07 17:35:11,531 - INFO - Requisicao (tentativa 1/5): https://pncp.gov.br/api/consulta/v1/contratacoes/publicacao
2026-03-07 17:35:11,778 - INFO - Requisicao bem-sucedida
2026-03-07 17:35:11,779 - INFO -   4 licitacoes TI nesta pagina
2026-03-07 17:35:11,779 - INFO -   Total: 1193 de 2491
2026-03-07 17:35:12,781 - INFO - Pagina 246 (Modalidade: 8)
2026-03-07 17:35:12,781 - INFO - Requisicao (tentativa 1/5): https://pncp.gov.br/api/consulta/v1/contratacoes/publicacao
2026-03-07 17:35:13,022 - INFO - Requisicao bem-sucedida
2026-03-07 17:35:13,023 - INFO -   5 licitacoes TI nesta pagina
2026-03-07 17:35:13,023 - INFO -   Total: 1198 de 2501
2026-03-07 17:35:14,032 - INFO - Pagina 247 (Modalidade: 8)
2026-03-07 17:35:14,033 - INFO - Requisicao (tentativa 1/5): https://pncp.gov.br/api/consulta/v1/contratacoes/publicacao
2026-03-07 17:35:14,651 - INFO - Requisicao bem-sucedida
2026-03-07 17:35:14,652 - INFO -   5 licitacoes TI nesta pagina
2026-03-07 17:35:14,652 - INFO -   Total: 1203 de 2511
2026-03-07 17:35:15,664 - INFO - Pagina 248 (Modalidade: 8)
2026-03-07 17:35:15,665 - INFO - Requisicao (tentativa 1/5): https://pncp.gov.br/api/consulta/v1/contratacoes/publicacao
2026-03-07 17:35:15,964 - INFO - Requisicao bem-sucedida
2026-03-07 17:35:15,965 - INFO -   6 licitacoes TI nesta pagina
2026-03-07 17:35:15,965 - INFO -   Total: 1209 de 2521
2026-03-07 17:35:16,979 - INFO - Pagina 249 (Modalidade: 8)
2026-03-07 17:35:16,980 - INFO - Requisicao (tentativa 1/5): https://pncp.gov.br/api/consulta/v1/contratacoes/publicacao
2026-03-07 17:35:17,232 - INFO - Requisicao bem-sucedida
2026-03-07 17:35:17,232 - INFO -   4 licitacoes TI nesta pagina
2026-03-07 17:35:17,233 - INFO -   Total: 1213 de 2531
2026-03-07 17:35:18,246 - INFO - Pagina 250 (Modalidade: 8)
2026-03-07 17:35:18,246 - INFO - Requisicao (tentativa 1/5): https://pncp.gov.br/api/consulta/v1/contratacoes/publicacao
2026-03-07 17:35:18,490 - INFO - Requisicao bem-sucedida
2026-03-07 17:35:18,491 - INFO -   4 licitacoes TI nesta pagina
2026-03-07 17:35:18,491 - INFO -   Total: 1217 de 2541
2026-03-07 17:35:19,497 - INFO - Pagina 251 (Modalidade: 8)
2026-03-07 17:35:19,497 - INFO - Requisicao (tentativa 1/5): https://pncp.gov.br/api/consulta/v1/contratacoes/publicacao
2026-03-07 17:35:19,737 - INFO - Requisicao bem-sucedida
2026-03-07 17:35:19,738 - INFO -   0 licitacoes TI nesta pagina
2026-03-07 17:35:19,739 - INFO -   Total: 1217 de 2551
2026-03-07 17:35:20,747 - INFO - Pagina 252 (Modalidade: 8)
2026-03-07 17:35:20,748 - INFO - Requisicao (tentativa 1/5): https://pncp.gov.br/api/consulta/v1/contratacoes/publicacao
2026-03-07 17:35:21,333 - INFO - Requisicao bem-sucedida
2026-03-07 17:35:21,334 - INFO -   2 licitacoes TI nesta pagina
2026-03-07 17:35:21,334 - INFO -   Total: 1219 de 2561
2026-03-07 17:35:22,337 - INFO - Pagina 253 (Modalidade: 8)
2026-03-07 17:35:22,337 - INFO - Requisicao (tentativa 1/5): https://pncp.gov.br/api/consulta/v1/contratacoes/publicacao
2026-03-07 17:35:22,587 - INFO - Requisicao bem-sucedida
2026-03-07 17:35:22,588 - INFO -   3 licitacoes TI nesta pagina
2026-03-07 17:35:22,589 - INFO -   Total: 1222 de 2571
2026-03-07 17:35:23,593 - INFO - Pagina 254 (Modalidade: 8)
2026-03-07 17:35:23,594 - INFO - Requisicao (tentativa 1/5): https://pncp.gov.br/api/consulta/v1/contratacoes/publicacao
2026-03-07 17:35:23,961 - INFO - Requisicao bem-sucedida
2026-03-07 17:35:23,964 - INFO -   2 licitacoes TI nesta pagina
2026-03-07 17:35:23,964 - INFO -   Total: 1224 de 2581
2026-03-07 17:35:24,967 - INFO - Pagina 255 (Modalidade: 8)
2026-03-07 17:35:24,967 - INFO - Requisicao (tentativa 1/5): https://pncp.gov.br/api/consulta/v1/contratacoes/publicacao
2026-03-07 17:35:25,564 - INFO - Requisicao bem-sucedida
2026-03-07 17:35:25,565 - INFO -   0 licitacoes TI nesta pagina
2026-03-07 17:35:25,565 - INFO -   Total: 1224 de 2591
2026-03-07 17:35:26,576 - INFO - Pagina 256 (Modalidade: 8)
2026-03-07 17:35:26,576 - INFO - Requisicao (tentativa 1/5): https://pncp.gov.br/api/consulta/v1/contratacoes/publicacao
2026-03-07 17:35:26,830 - INFO - Requisicao bem-sucedida
2026-03-07 17:35:26,831 - INFO -   5 licitacoes TI nesta pagina
2026-03-07 17:35:26,832 - INFO -   Total: 1229 de 2601
2026-03-07 17:35:27,847 - INFO - Pagina 257 (Modalidade: 8)
2026-03-07 17:35:27,847 - INFO - Requisicao (tentativa 1/5): https://pncp.gov.br/api/consulta/v1/contratacoes/publicacao
2026-03-07 17:37:27,867 - WARNING - Timeout na requisicao (tentativa 1/5)
2026-03-07 17:37:29,883 - INFO - Requisicao (tentativa 2/5): https://pncp.gov.br/api/consulta/v1/contratacoes/publicacao
2026-03-07 17:37:30,680 - INFO - Requisicao bem-sucedida
2026-03-07 17:37:30,681 - INFO -   3 licitacoes TI nesta pagina
2026-03-07 17:37:30,682 - INFO -   Total: 1232 de 2611
2026-03-07 17:37:31,698 - INFO - Pagina 258 (Modalidade: 8)
2026-03-07 17:37:31,698 - INFO - Requisicao (tentativa 1/5): https://pncp.gov.br/api/consulta/v1/contratacoes/publicacao
2026-03-07 17:37:32,293 - INFO - Requisicao bem-sucedida
2026-03-07 17:37:32,294 - INFO -   1 licitacoes TI nesta pagina
2026-03-07 17:37:32,295 - INFO -   Total: 1233 de 2621
2026-03-07 17:37:33,298 - INFO - Pagina 259 (Modalidade: 8)
2026-03-07 17:37:33,298 - INFO - Requisicao (tentativa 1/5): https://pncp.gov.br/api/consulta/v1/contratacoes/publicacao
2026-03-07 17:37:33,847 - INFO - Requisicao bem-sucedida
2026-03-07 17:37:33,849 - INFO -   3 licitacoes TI nesta pagina
2026-03-07 17:37:33,849 - INFO -   Total: 1236 de 2631
2026-03-07 17:37:34,866 - INFO - Pagina 260 (Modalidade: 8)
2026-03-07 17:37:34,866 - INFO - Requisicao (tentativa 1/5): https://pncp.gov.br/api/consulta/v1/contratacoes/publicacao
2026-03-07 17:37:35,104 - INFO - Requisicao bem-sucedida
2026-03-07 17:37:35,107 - INFO -   1 licitacoes TI nesta pagina
2026-03-07 17:37:35,107 - INFO -   Total: 1237 de 2641
2026-03-07 17:37:36,116 - INFO - Pagina 261 (Modalidade: 8)
2026-03-07 17:37:36,116 - INFO - Requisicao (tentativa 1/5): https://pncp.gov.br/api/consulta/v1/contratacoes/publicacao
2026-03-07 17:37:36,367 - INFO - Requisicao bem-sucedida
2026-03-07 17:37:36,369 - INFO -   3 licitacoes TI nesta pagina
2026-03-07 17:37:36,369 - INFO -   Total: 1240 de 2651
2026-03-07 17:37:37,381 - INFO - Pagina 262 (Modalidade: 8)
2026-03-07 17:37:37,382 - INFO - Requisicao (tentativa 1/5): https://pncp.gov.br/api/consulta/v1/contratacoes/publicacao
2026-03-07 17:37:37,634 - INFO - Requisicao bem-sucedida
2026-03-07 17:37:37,636 - INFO -   2 licitacoes TI nesta pagina
2026-03-07 17:37:37,636 - INFO -   Total: 1242 de 2661
2026-03-07 17:37:38,649 - INFO - Pagina 263 (Modalidade: 8)
2026-03-07 17:37:38,649 - INFO - Requisicao (tentativa 1/5): https://pncp.gov.br/api/consulta/v1/contratacoes/publicacao
2026-03-07 17:37:39,305 - INFO - Requisicao bem-sucedida
2026-03-07 17:37:39,305 - INFO -   5 licitacoes TI nesta pagina
2026-03-07 17:37:39,305 - INFO -   Total: 1247 de 2671
2026-03-07 17:37:40,307 - INFO - Pagina 264 (Modalidade: 8)
2026-03-07 17:37:40,308 - INFO - Requisicao (tentativa 1/5): https://pncp.gov.br/api/consulta/v1/contratacoes/publicacao
2026-03-07 17:39:40,317 - WARNING - Timeout na requisicao (tentativa 1/5)
2026-03-07 17:39:42,322 - INFO - Requisicao (tentativa 2/5): https://pncp.gov.br/api/consulta/v1/contratacoes/publicacao
2026-03-07 17:39:42,704 - INFO - Requisicao bem-sucedida
2026-03-07 17:39:42,705 - INFO -   5 licitacoes TI nesta pagina
2026-03-07 17:39:42,705 - INFO -   Total: 1252 de 2681
2026-03-07 17:39:43,711 - INFO - Pagina 265 (Modalidade: 8)
2026-03-07 17:39:43,711 - INFO - Requisicao (tentativa 1/5): https://pncp.gov.br/api/consulta/v1/contratacoes/publicacao
2026-03-07 17:39:44,353 - INFO - Requisicao bem-sucedida
2026-03-07 17:39:44,354 - INFO -   6 licitacoes TI nesta pagina
2026-03-07 17:39:44,354 - INFO -   Total: 1258 de 2691
2026-03-07 17:39:45,363 - INFO - Pagina 266 (Modalidade: 8)
2026-03-07 17:39:45,364 - INFO - Requisicao (tentativa 1/5): https://pncp.gov.br/api/consulta/v1/contratacoes/publicacao
2026-03-07 17:39:45,678 - INFO - Requisicao bem-sucedida
2026-03-07 17:39:45,679 - INFO -   4 licitacoes TI nesta pagina
2026-03-07 17:39:45,679 - INFO -   Total: 1262 de 2701
2026-03-07 17:39:46,688 - INFO - Pagina 267 (Modalidade: 8)
2026-03-07 17:39:46,688 - INFO - Requisicao (tentativa 1/5): https://pncp.gov.br/api/consulta/v1/contratacoes/publicacao
2026-03-07 17:39:47,243 - INFO - Requisicao bem-sucedida
2026-03-07 17:39:47,244 - INFO -   6 licitacoes TI nesta pagina
2026-03-07 17:39:47,244 - INFO -   Total: 1268 de 2711
2026-03-07 17:39:48,249 - INFO - Pagina 268 (Modalidade: 8)
2026-03-07 17:39:48,249 - INFO - Requisicao (tentativa 1/5): https://pncp.gov.br/api/consulta/v1/contratacoes/publicacao
2026-03-07 17:39:48,806 - INFO - Requisicao bem-sucedida
2026-03-07 17:39:48,808 - INFO -   3 licitacoes TI nesta pagina
2026-03-07 17:39:48,809 - INFO -   Total: 1271 de 2721
2026-03-07 17:39:49,809 - INFO - Pagina 269 (Modalidade: 8)
2026-03-07 17:39:49,817 - INFO - Requisicao (tentativa 1/5): https://pncp.gov.br/api/consulta/v1/contratacoes/publicacao
2026-03-07 17:39:50,368 - INFO - Requisicao bem-sucedida
2026-03-07 17:39:50,369 - INFO -   7 licitacoes TI nesta pagina
2026-03-07 17:39:50,369 - INFO -   Total: 1278 de 2731
2026-03-07 17:39:51,380 - INFO - Pagina 270 (Modalidade: 8)
2026-03-07 17:39:51,381 - INFO - Requisicao (tentativa 1/5): https://pncp.gov.br/api/consulta/v1/contratacoes/publicacao
2026-03-07 17:39:51,929 - INFO - Requisicao bem-sucedida
2026-03-07 17:39:51,931 - INFO -   6 licitacoes TI nesta pagina
2026-03-07 17:39:51,932 - INFO -   Total: 1284 de 2741
2026-03-07 17:39:52,944 - INFO - Pagina 271 (Modalidade: 8)
2026-03-07 17:39:52,944 - INFO - Requisicao (tentativa 1/5): https://pncp.gov.br/api/consulta/v1/contratacoes/publicacao
2026-03-07 17:39:53,200 - INFO - Requisicao bem-sucedida
2026-03-07 17:39:53,202 - INFO -   4 licitacoes TI nesta pagina
2026-03-07 17:39:53,202 - INFO -   Total: 1288 de 2751
2026-03-07 17:39:54,209 - INFO - Pagina 272 (Modalidade: 8)
2026-03-07 17:39:54,210 - INFO - Requisicao (tentativa 1/5): https://pncp.gov.br/api/consulta/v1/contratacoes/publicacao
2026-03-07 17:39:54,487 - INFO - Requisicao bem-sucedida
2026-03-07 17:39:54,488 - INFO -   3 licitacoes TI nesta pagina
2026-03-07 17:39:54,488 - INFO -   Total: 1291 de 2761
2026-03-07 17:39:55,500 - INFO - Pagina 273 (Modalidade: 8)
2026-03-07 17:39:55,501 - INFO - Requisicao (tentativa 1/5): https://pncp.gov.br/api/consulta/v1/contratacoes/publicacao
2026-03-07 17:39:55,741 - INFO - Requisicao bem-sucedida
2026-03-07 17:39:55,743 - INFO -   5 licitacoes TI nesta pagina
2026-03-07 17:39:55,744 - INFO -   Total: 1296 de 2771
2026-03-07 17:39:56,755 - INFO - Pagina 274 (Modalidade: 8)
2026-03-07 17:39:56,755 - INFO - Requisicao (tentativa 1/5): https://pncp.gov.br/api/consulta/v1/contratacoes/publicacao
2026-03-07 17:41:56,764 - WARNING - Timeout na requisicao (tentativa 1/5)
2026-03-07 17:41:58,770 - INFO - Requisicao (tentativa 2/5): https://pncp.gov.br/api/consulta/v1/contratacoes/publicacao
2026-03-07 17:41:59,531 - INFO - Requisicao bem-sucedida
2026-03-07 17:41:59,533 - INFO -   7 licitacoes TI nesta pagina
2026-03-07 17:41:59,534 - INFO -   Total: 1303 de 2781
2026-03-07 17:42:00,548 - INFO - Pagina 275 (Modalidade: 8)
2026-03-07 17:42:00,548 - INFO - Requisicao (tentativa 1/5): https://pncp.gov.br/api/consulta/v1/contratacoes/publicacao
2026-03-07 17:42:01,119 - INFO - Requisicao bem-sucedida
2026-03-07 17:42:01,120 - INFO -   3 licitacoes TI nesta pagina
2026-03-07 17:42:01,122 - INFO -   Total: 1306 de 2791
2026-03-07 17:42:02,133 - INFO - Pagina 276 (Modalidade: 8)
2026-03-07 17:42:02,134 - INFO - Requisicao (tentativa 1/5): https://pncp.gov.br/api/consulta/v1/contratacoes/publicacao
2026-03-07 17:44:02,153 - WARNING - Timeout na requisicao (tentativa 1/5)
2026-03-07 17:44:04,193 - INFO - Requisicao (tentativa 2/5): https://pncp.gov.br/api/consulta/v1/contratacoes/publicacao
2026-03-07 17:44:05,239 - INFO - Requisicao bem-sucedida
2026-03-07 17:44:05,240 - INFO -   5 licitacoes TI nesta pagina
2026-03-07 17:44:05,240 - INFO -   Total: 1311 de 2801
2026-03-07 17:44:06,251 - INFO - Pagina 277 (Modalidade: 8)
2026-03-07 17:44:06,261 - INFO - Requisicao (tentativa 1/5): https://pncp.gov.br/api/consulta/v1/contratacoes/publicacao
2026-03-07 17:44:06,514 - INFO - Requisicao bem-sucedida
2026-03-07 17:44:06,516 - INFO -   6 licitacoes TI nesta pagina
2026-03-07 17:44:06,518 - INFO -   Total: 1317 de 2811
2026-03-07 17:44:07,531 - INFO - Pagina 278 (Modalidade: 8)
2026-03-07 17:44:07,532 - INFO - Requisicao (tentativa 1/5): https://pncp.gov.br/api/consulta/v1/contratacoes/publicacao
2026-03-07 17:44:07,826 - INFO - Requisicao bem-sucedida
2026-03-07 17:44:07,826 - INFO -   6 licitacoes TI nesta pagina
2026-03-07 17:44:07,827 - INFO -   Total: 1323 de 2821
2026-03-07 17:44:08,828 - INFO - Pagina 279 (Modalidade: 8)
2026-03-07 17:44:08,829 - INFO - Requisicao (tentativa 1/5): https://pncp.gov.br/api/consulta/v1/contratacoes/publicacao
2026-03-07 17:44:09,600 - INFO - Requisicao bem-sucedida
2026-03-07 17:44:09,602 - INFO -   7 licitacoes TI nesta pagina
2026-03-07 17:44:09,602 - INFO -   Total: 1330 de 2831
2026-03-07 17:44:10,610 - INFO - Pagina 280 (Modalidade: 8)
2026-03-07 17:44:10,611 - INFO - Requisicao (tentativa 1/5): https://pncp.gov.br/api/consulta/v1/contratacoes/publicacao
2026-03-07 17:44:11,541 - INFO - Requisicao bem-sucedida
2026-03-07 17:44:11,542 - INFO -   6 licitacoes TI nesta pagina
2026-03-07 17:44:11,543 - INFO -   Total: 1336 de 2841
2026-03-07 17:44:12,552 - INFO - Pagina 281 (Modalidade: 8)
2026-03-07 17:44:12,553 - INFO - Requisicao (tentativa 1/5): https://pncp.gov.br/api/consulta/v1/contratacoes/publicacao
2026-03-07 17:44:13,025 - INFO - Requisicao bem-sucedida
2026-03-07 17:44:13,026 - INFO -   5 licitacoes TI nesta pagina
2026-03-07 17:44:13,026 - INFO -   Total: 1341 de 2851
2026-03-07 17:44:14,035 - INFO - Pagina 282 (Modalidade: 8)
2026-03-07 17:44:14,035 - INFO - Requisicao (tentativa 1/5): https://pncp.gov.br/api/consulta/v1/contratacoes/publicacao
2026-03-07 17:44:15,202 - INFO - Requisicao bem-sucedida
2026-03-07 17:44:15,202 - INFO -   4 licitacoes TI nesta pagina
2026-03-07 17:44:15,203 - INFO -   Total: 1345 de 2861
2026-03-07 17:44:16,208 - INFO - Pagina 283 (Modalidade: 8)
2026-03-07 17:44:16,209 - INFO - Requisicao (tentativa 1/5): https://pncp.gov.br/api/consulta/v1/contratacoes/publicacao
2026-03-07 17:44:17,055 - INFO - Requisicao bem-sucedida
2026-03-07 17:44:17,058 - INFO -   5 licitacoes TI nesta pagina
2026-03-07 17:44:17,062 - INFO -   Total: 1350 de 2871
2026-03-07 17:44:18,076 - INFO - Pagina 284 (Modalidade: 8)
2026-03-07 17:44:18,076 - INFO - Requisicao (tentativa 1/5): https://pncp.gov.br/api/consulta/v1/contratacoes/publicacao
2026-03-07 17:44:18,855 - INFO - Requisicao bem-sucedida
2026-03-07 17:44:18,856 - INFO -   7 licitacoes TI nesta pagina
2026-03-07 17:44:18,858 - INFO -   Total: 1357 de 2881
2026-03-07 17:44:19,871 - INFO - Pagina 285 (Modalidade: 8)
2026-03-07 17:44:19,903 - INFO - Requisicao (tentativa 1/5): https://pncp.gov.br/api/consulta/v1/contratacoes/publicacao
2026-03-07 17:44:20,514 - INFO - Requisicao bem-sucedida
2026-03-07 17:44:20,517 - INFO -   3 licitacoes TI nesta pagina
2026-03-07 17:44:20,517 - INFO -   Total: 1360 de 2891
2026-03-07 17:44:21,520 - INFO - Pagina 286 (Modalidade: 8)
2026-03-07 17:44:21,520 - INFO - Requisicao (tentativa 1/5): https://pncp.gov.br/api/consulta/v1/contratacoes/publicacao
2026-03-07 17:44:21,747 - INFO - Requisicao bem-sucedida
2026-03-07 17:44:21,747 - INFO -   2 licitacoes TI nesta pagina
2026-03-07 17:44:21,748 - INFO -   Total: 1362 de 2901
2026-03-07 17:44:22,757 - INFO - Pagina 287 (Modalidade: 8)
2026-03-07 17:44:22,757 - INFO - Requisicao (tentativa 1/5): https://pncp.gov.br/api/consulta/v1/contratacoes/publicacao
2026-03-07 17:44:23,317 - INFO - Requisicao bem-sucedida
2026-03-07 17:44:23,318 - INFO -   3 licitacoes TI nesta pagina
2026-03-07 17:44:23,318 - INFO -   Total: 1365 de 2911
2026-03-07 17:44:24,319 - INFO - Pagina 288 (Modalidade: 8)
2026-03-07 17:44:24,328 - INFO - Requisicao (tentativa 1/5): https://pncp.gov.br/api/consulta/v1/contratacoes/publicacao
2026-03-07 17:46:24,344 - WARNING - Timeout na requisicao (tentativa 1/5)
2026-03-07 17:46:26,345 - INFO - Requisicao (tentativa 2/5): https://pncp.gov.br/api/consulta/v1/contratacoes/publicacao
2026-03-07 17:46:27,063 - INFO - Requisicao bem-sucedida
2026-03-07 17:46:27,064 - INFO -   1 licitacoes TI nesta pagina
2026-03-07 17:46:27,065 - INFO -   Total: 1366 de 2921
2026-03-07 17:46:28,078 - INFO - Pagina 289 (Modalidade: 8)
2026-03-07 17:46:28,081 - INFO - Requisicao (tentativa 1/5): https://pncp.gov.br/api/consulta/v1/contratacoes/publicacao
2026-03-07 17:46:28,666 - INFO - Requisicao bem-sucedida
2026-03-07 17:46:28,667 - INFO -   3 licitacoes TI nesta pagina
2026-03-07 17:46:28,668 - INFO -   Total: 1369 de 2931
2026-03-07 17:46:29,700 - INFO - Pagina 290 (Modalidade: 8)
2026-03-07 17:46:29,700 - INFO - Requisicao (tentativa 1/5): https://pncp.gov.br/api/consulta/v1/contratacoes/publicacao
2026-03-07 17:46:30,362 - INFO - Requisicao bem-sucedida
2026-03-07 17:46:30,429 - INFO -   2 licitacoes TI nesta pagina
2026-03-07 17:46:30,430 - INFO -   Total: 1371 de 2941
2026-03-07 17:46:31,438 - INFO - Pagina 291 (Modalidade: 8)
2026-03-07 17:46:31,438 - INFO - Requisicao (tentativa 1/5): https://pncp.gov.br/api/consulta/v1/contratacoes/publicacao
2026-03-07 17:46:32,027 - INFO - Requisicao bem-sucedida
2026-03-07 17:46:32,029 - INFO -   4 licitacoes TI nesta pagina
2026-03-07 17:46:32,029 - INFO -   Total: 1375 de 2951
2026-03-07 17:46:33,031 - INFO - Pagina 292 (Modalidade: 8)
2026-03-07 17:46:33,031 - INFO - Requisicao (tentativa 1/5): https://pncp.gov.br/api/consulta/v1/contratacoes/publicacao
2026-03-07 17:46:33,396 - INFO - Requisicao bem-sucedida
2026-03-07 17:46:33,397 - INFO -   6 licitacoes TI nesta pagina
2026-03-07 17:46:33,398 - INFO -   Total: 1381 de 2961
2026-03-07 17:46:34,403 - INFO - Pagina 293 (Modalidade: 8)
2026-03-07 17:46:34,403 - INFO - Requisicao (tentativa 1/5): https://pncp.gov.br/api/consulta/v1/contratacoes/publicacao
2026-03-07 17:46:34,874 - INFO - Requisicao bem-sucedida
2026-03-07 17:46:34,876 - INFO -   1 licitacoes TI nesta pagina
2026-03-07 17:46:34,876 - INFO -   Total: 1382 de 2971
2026-03-07 17:46:35,883 - INFO - Pagina 294 (Modalidade: 8)
2026-03-07 17:46:35,883 - INFO - Requisicao (tentativa 1/5): https://pncp.gov.br/api/consulta/v1/contratacoes/publicacao
2026-03-07 17:46:36,902 - INFO - Requisicao bem-sucedida
2026-03-07 17:46:36,955 - INFO -   7 licitacoes TI nesta pagina
2026-03-07 17:46:36,968 - INFO -   Total: 1389 de 2981
2026-03-07 17:46:37,976 - INFO - Pagina 295 (Modalidade: 8)
2026-03-07 17:46:37,977 - INFO - Requisicao (tentativa 1/5): https://pncp.gov.br/api/consulta/v1/contratacoes/publicacao
2026-03-07 17:46:38,417 - INFO - Requisicao bem-sucedida
2026-03-07 17:46:38,419 - INFO -   5 licitacoes TI nesta pagina
2026-03-07 17:46:38,419 - INFO -   Total: 1394 de 2991
2026-03-07 17:46:39,423 - INFO - Pagina 296 (Modalidade: 8)
2026-03-07 17:46:39,423 - INFO - Requisicao (tentativa 1/5): https://pncp.gov.br/api/consulta/v1/contratacoes/publicacao
2026-03-07 17:48:39,443 - WARNING - Timeout na requisicao (tentativa 1/5)
2026-03-07 17:48:41,456 - INFO - Requisicao (tentativa 2/5): https://pncp.gov.br/api/consulta/v1/contratacoes/publicacao
2026-03-07 17:48:42,394 - INFO - Requisicao bem-sucedida
2026-03-07 17:48:42,395 - INFO -   7 licitacoes TI nesta pagina
2026-03-07 17:48:42,395 - INFO -   Total: 1401 de 3001
2026-03-07 17:48:43,404 - INFO - Pagina 297 (Modalidade: 8)
2026-03-07 17:48:43,405 - INFO - Requisicao (tentativa 1/5): https://pncp.gov.br/api/consulta/v1/contratacoes/publicacao
2026-03-07 17:48:43,666 - INFO - Requisicao bem-sucedida
2026-03-07 17:48:43,667 - INFO -   1 licitacoes TI nesta pagina
2026-03-07 17:48:43,668 - INFO -   Total: 1402 de 3011
2026-03-07 17:48:44,683 - INFO - Pagina 298 (Modalidade: 8)
2026-03-07 17:48:44,683 - INFO - Requisicao (tentativa 1/5): https://pncp.gov.br/api/consulta/v1/contratacoes/publicacao
2026-03-07 17:48:45,377 - INFO - Requisicao bem-sucedida
2026-03-07 17:48:45,380 - INFO -   4 licitacoes TI nesta pagina
2026-03-07 17:48:45,380 - INFO -   Total: 1406 de 3021
2026-03-07 17:48:46,384 - INFO - Pagina 299 (Modalidade: 8)
2026-03-07 17:48:46,384 - INFO - Requisicao (tentativa 1/5): https://pncp.gov.br/api/consulta/v1/contratacoes/publicacao
2026-03-07 17:48:47,042 - INFO - Requisicao bem-sucedida
2026-03-07 17:48:47,043 - INFO -   0 licitacoes TI nesta pagina
2026-03-07 17:48:47,043 - INFO -   Total: 1406 de 3031
2026-03-07 17:48:48,057 - INFO - Pagina 300 (Modalidade: 8)
2026-03-07 17:48:48,060 - INFO - Requisicao (tentativa 1/5): https://pncp.gov.br/api/consulta/v1/contratacoes/publicacao
2026-03-07 17:48:48,546 - INFO - Requisicao bem-sucedida
2026-03-07 17:48:48,550 - INFO -   5 licitacoes TI nesta pagina
2026-03-07 17:48:48,551 - INFO -   Total: 1411 de 3041
2026-03-07 17:48:49,566 - INFO - Pagina 301 (Modalidade: 8)
2026-03-07 17:48:49,566 - INFO - Requisicao (tentativa 1/5): https://pncp.gov.br/api/consulta/v1/contratacoes/publicacao
2026-03-07 17:48:50,268 - INFO - Requisicao bem-sucedida
2026-03-07 17:48:50,269 - INFO -   4 licitacoes TI nesta pagina
2026-03-07 17:48:50,269 - INFO -   Total: 1415 de 3051
2026-03-07 17:48:51,278 - INFO - Pagina 302 (Modalidade: 8)
2026-03-07 17:48:51,279 - INFO - Requisicao (tentativa 1/5): https://pncp.gov.br/api/consulta/v1/contratacoes/publicacao
2026-03-07 17:48:52,163 - INFO - Requisicao bem-sucedida
2026-03-07 17:48:52,165 - INFO -   8 licitacoes TI nesta pagina
2026-03-07 17:48:52,166 - INFO -   Total: 1423 de 3061
2026-03-07 17:48:53,182 - INFO - Pagina 303 (Modalidade: 8)
2026-03-07 17:48:53,182 - INFO - Requisicao (tentativa 1/5): https://pncp.gov.br/api/consulta/v1/contratacoes/publicacao
2026-03-07 17:48:53,513 - INFO - Requisicao bem-sucedida
2026-03-07 17:48:53,515 - INFO -   4 licitacoes TI nesta pagina
2026-03-07 17:48:53,515 - INFO -   Total: 1427 de 3071
2026-03-07 17:48:54,524 - INFO - Pagina 304 (Modalidade: 8)
2026-03-07 17:48:54,525 - INFO - Requisicao (tentativa 1/5): https://pncp.gov.br/api/consulta/v1/contratacoes/publicacao
2026-03-07 17:48:55,215 - INFO - Requisicao bem-sucedida
2026-03-07 17:48:55,229 - INFO -   6 licitacoes TI nesta pagina
2026-03-07 17:48:55,230 - INFO -   Total: 1433 de 3081
2026-03-07 17:48:56,235 - INFO - Pagina 305 (Modalidade: 8)
2026-03-07 17:48:56,235 - INFO - Requisicao (tentativa 1/5): https://pncp.gov.br/api/consulta/v1/contratacoes/publicacao
2026-03-07 17:48:56,462 - INFO - Requisicao bem-sucedida
2026-03-07 17:48:56,462 - INFO -   4 licitacoes TI nesta pagina
2026-03-07 17:48:56,463 - INFO -   Total: 1437 de 3091
2026-03-07 17:48:57,467 - INFO - Pagina 306 (Modalidade: 8)
2026-03-07 17:48:57,468 - INFO - Requisicao (tentativa 1/5): https://pncp.gov.br/api/consulta/v1/contratacoes/publicacao
2026-03-07 17:48:58,098 - INFO - Requisicao bem-sucedida
2026-03-07 17:48:58,099 - INFO -   7 licitacoes TI nesta pagina
2026-03-07 17:48:58,099 - INFO -   Total: 1444 de 3101
2026-03-07 17:48:59,105 - INFO - Pagina 307 (Modalidade: 8)
2026-03-07 17:48:59,106 - INFO - Requisicao (tentativa 1/5): https://pncp.gov.br/api/consulta/v1/contratacoes/publicacao
2026-03-07 17:48:59,382 - INFO - Requisicao bem-sucedida
2026-03-07 17:48:59,383 - INFO -   4 licitacoes TI nesta pagina
2026-03-07 17:48:59,383 - INFO -   Total: 1448 de 3111
2026-03-07 17:49:00,400 - INFO - Pagina 308 (Modalidade: 8)
2026-03-07 17:49:00,401 - INFO - Requisicao (tentativa 1/5): https://pncp.gov.br/api/consulta/v1/contratacoes/publicacao
2026-03-07 17:49:00,992 - INFO - Requisicao bem-sucedida
2026-03-07 17:49:00,993 - INFO -   4 licitacoes TI nesta pagina
2026-03-07 17:49:00,994 - INFO -   Total: 1452 de 3121
2026-03-07 17:49:02,005 - INFO - Pagina 309 (Modalidade: 8)
2026-03-07 17:49:02,005 - INFO - Requisicao (tentativa 1/5): https://pncp.gov.br/api/consulta/v1/contratacoes/publicacao
2026-03-07 17:49:02,315 - INFO - Requisicao bem-sucedida
2026-03-07 17:49:02,317 - INFO -   7 licitacoes TI nesta pagina
2026-03-07 17:49:02,318 - INFO -   Total: 1459 de 3131
2026-03-07 17:49:03,331 - INFO - Pagina 310 (Modalidade: 8)
2026-03-07 17:49:03,331 - INFO - Requisicao (tentativa 1/5): https://pncp.gov.br/api/consulta/v1/contratacoes/publicacao
2026-03-07 17:49:04,007 - INFO - Requisicao bem-sucedida
2026-03-07 17:49:04,009 - INFO -   3 licitacoes TI nesta pagina
2026-03-07 17:49:04,010 - INFO -   Total: 1462 de 3141
2026-03-07 17:49:05,022 - INFO - Pagina 311 (Modalidade: 8)
2026-03-07 17:49:05,022 - INFO - Requisicao (tentativa 1/5): https://pncp.gov.br/api/consulta/v1/contratacoes/publicacao
2026-03-07 17:49:05,267 - INFO - Requisicao bem-sucedida
2026-03-07 17:49:05,268 - INFO -   5 licitacoes TI nesta pagina
2026-03-07 17:49:05,269 - INFO -   Total: 1467 de 3151
2026-03-07 17:49:06,284 - INFO - Pagina 312 (Modalidade: 8)
2026-03-07 17:49:06,284 - INFO - Requisicao (tentativa 1/5): https://pncp.gov.br/api/consulta/v1/contratacoes/publicacao
2026-03-07 17:49:06,908 - INFO - Requisicao bem-sucedida
2026-03-07 17:49:06,911 - INFO -   7 licitacoes TI nesta pagina
2026-03-07 17:49:06,911 - INFO -   Total: 1474 de 3161
2026-03-07 17:49:07,927 - INFO - Pagina 313 (Modalidade: 8)
2026-03-07 17:49:07,928 - INFO - Requisicao (tentativa 1/5): https://pncp.gov.br/api/consulta/v1/contratacoes/publicacao
2026-03-07 17:49:08,183 - INFO - Requisicao bem-sucedida
2026-03-07 17:49:08,184 - INFO -   7 licitacoes TI nesta pagina
2026-03-07 17:49:08,184 - INFO -   Total: 1481 de 3171
2026-03-07 17:49:09,190 - INFO - Pagina 314 (Modalidade: 8)
2026-03-07 17:49:09,190 - INFO - Requisicao (tentativa 1/5): https://pncp.gov.br/api/consulta/v1/contratacoes/publicacao
2026-03-07 17:49:09,427 - INFO - Requisicao bem-sucedida
2026-03-07 17:49:09,428 - INFO -   6 licitacoes TI nesta pagina
2026-03-07 17:49:09,428 - INFO -   Total: 1487 de 3181
2026-03-07 17:49:10,428 - INFO - Pagina 315 (Modalidade: 8)
2026-03-07 17:49:10,428 - INFO - Requisicao (tentativa 1/5): https://pncp.gov.br/api/consulta/v1/contratacoes/publicacao
2026-03-07 17:49:10,964 - INFO - Requisicao bem-sucedida
2026-03-07 17:49:10,965 - INFO -   5 licitacoes TI nesta pagina
2026-03-07 17:49:10,966 - INFO -   Total: 1492 de 3191
2026-03-07 17:49:11,972 - INFO - Pagina 316 (Modalidade: 8)
2026-03-07 17:49:11,973 - INFO - Requisicao (tentativa 1/5): https://pncp.gov.br/api/consulta/v1/contratacoes/publicacao
2026-03-07 17:49:12,544 - INFO - Requisicao bem-sucedida
2026-03-07 17:49:12,545 - INFO -   4 licitacoes TI nesta pagina
2026-03-07 17:49:12,545 - INFO -   Total: 1496 de 3201
2026-03-07 17:49:13,562 - INFO - Pagina 317 (Modalidade: 8)
2026-03-07 17:49:13,562 - INFO - Requisicao (tentativa 1/5): https://pncp.gov.br/api/consulta/v1/contratacoes/publicacao
2026-03-07 17:49:14,179 - INFO - Requisicao bem-sucedida
2026-03-07 17:49:14,181 - INFO -   4 licitacoes TI nesta pagina
2026-03-07 17:49:14,181 - INFO -   Total: 1500 de 3211
2026-03-07 17:49:15,195 - INFO - Pagina 318 (Modalidade: 8)
2026-03-07 17:49:15,196 - INFO - Requisicao (tentativa 1/5): https://pncp.gov.br/api/consulta/v1/contratacoes/publicacao
2026-03-07 17:49:15,768 - INFO - Requisicao bem-sucedida
2026-03-07 17:49:15,769 - INFO -   3 licitacoes TI nesta pagina
2026-03-07 17:49:15,769 - INFO -   Total: 1503 de 3221
2026-03-07 17:49:16,779 - INFO - Pagina 319 (Modalidade: 8)
2026-03-07 17:49:16,780 - INFO - Requisicao (tentativa 1/5): https://pncp.gov.br/api/consulta/v1/contratacoes/publicacao
2026-03-07 17:49:17,037 - INFO - Requisicao bem-sucedida
2026-03-07 17:49:17,038 - INFO -   6 licitacoes TI nesta pagina
2026-03-07 17:49:17,038 - INFO -   Total: 1509 de 3231
2026-03-07 17:49:18,045 - INFO - Pagina 320 (Modalidade: 8)
2026-03-07 17:49:18,046 - INFO - Requisicao (tentativa 1/5): https://pncp.gov.br/api/consulta/v1/contratacoes/publicacao
2026-03-07 17:49:18,590 - INFO - Requisicao bem-sucedida
2026-03-07 17:49:18,592 - INFO -   5 licitacoes TI nesta pagina
2026-03-07 17:49:18,593 - INFO -   Total: 1514 de 3241
2026-03-07 17:49:19,607 - INFO - Pagina 321 (Modalidade: 8)
2026-03-07 17:49:19,607 - INFO - Requisicao (tentativa 1/5): https://pncp.gov.br/api/consulta/v1/contratacoes/publicacao
2026-03-07 17:49:19,837 - INFO - Requisicao bem-sucedida
2026-03-07 17:49:19,837 - INFO -   3 licitacoes TI nesta pagina
2026-03-07 17:49:19,838 - INFO -   Total: 1517 de 3251
2026-03-07 17:49:20,846 - INFO - Pagina 322 (Modalidade: 8)
2026-03-07 17:49:20,846 - INFO - Requisicao (tentativa 1/5): https://pncp.gov.br/api/consulta/v1/contratacoes/publicacao
2026-03-07 17:49:21,086 - INFO - Requisicao bem-sucedida
2026-03-07 17:49:21,087 - INFO -   4 licitacoes TI nesta pagina
2026-03-07 17:49:21,087 - INFO -   Total: 1521 de 3261
2026-03-07 17:49:22,094 - INFO - Pagina 323 (Modalidade: 8)
2026-03-07 17:49:22,094 - INFO - Requisicao (tentativa 1/5): https://pncp.gov.br/api/consulta/v1/contratacoes/publicacao
2026-03-07 17:49:22,329 - INFO - Requisicao bem-sucedida
2026-03-07 17:49:22,331 - INFO -   4 licitacoes TI nesta pagina
2026-03-07 17:49:22,332 - INFO -   Total: 1525 de 3271
2026-03-07 17:49:23,340 - INFO - Pagina 324 (Modalidade: 8)
2026-03-07 17:49:23,340 - INFO - Requisicao (tentativa 1/5): https://pncp.gov.br/api/consulta/v1/contratacoes/publicacao
2026-03-07 17:49:23,882 - INFO - Requisicao bem-sucedida
2026-03-07 17:49:23,883 - INFO -   5 licitacoes TI nesta pagina
2026-03-07 17:49:23,883 - INFO -   Total: 1530 de 3281
2026-03-07 17:49:24,897 - INFO - Pagina 325 (Modalidade: 8)
2026-03-07 17:49:24,897 - INFO - Requisicao (tentativa 1/5): https://pncp.gov.br/api/consulta/v1/contratacoes/publicacao
2026-03-07 17:49:25,143 - INFO - Requisicao bem-sucedida
2026-03-07 17:49:25,144 - INFO -   3 licitacoes TI nesta pagina
2026-03-07 17:49:25,144 - INFO -   Total: 1533 de 3291
2026-03-07 17:49:26,155 - INFO - Pagina 326 (Modalidade: 8)
2026-03-07 17:49:26,155 - INFO - Requisicao (tentativa 1/5): https://pncp.gov.br/api/consulta/v1/contratacoes/publicacao
2026-03-07 17:49:26,466 - INFO - Requisicao bem-sucedida
2026-03-07 17:49:26,469 - INFO -   3 licitacoes TI nesta pagina
2026-03-07 17:49:26,470 - INFO -   Total: 1536 de 3301
2026-03-07 17:49:27,485 - INFO - Pagina 327 (Modalidade: 8)
2026-03-07 17:49:27,485 - INFO - Requisicao (tentativa 1/5): https://pncp.gov.br/api/consulta/v1/contratacoes/publicacao
2026-03-07 17:49:27,710 - INFO - Requisicao bem-sucedida
2026-03-07 17:49:27,712 - INFO -   8 licitacoes TI nesta pagina
2026-03-07 17:49:27,712 - INFO -   Total: 1544 de 3311
2026-03-07 17:49:28,724 - INFO - Pagina 328 (Modalidade: 8)
2026-03-07 17:49:28,725 - INFO - Requisicao (tentativa 1/5): https://pncp.gov.br/api/consulta/v1/contratacoes/publicacao
2026-03-07 17:51:28,742 - WARNING - Timeout na requisicao (tentativa 1/5)
2026-03-07 17:51:30,758 - INFO - Requisicao (tentativa 2/5): https://pncp.gov.br/api/consulta/v1/contratacoes/publicacao
2026-03-07 17:51:31,262 - INFO - Requisicao bem-sucedida
2026-03-07 17:51:31,264 - INFO -   4 licitacoes TI nesta pagina
2026-03-07 17:51:31,274 - INFO -   Total: 1548 de 3321
2026-03-07 17:51:32,286 - INFO - Pagina 329 (Modalidade: 8)
2026-03-07 17:51:32,286 - INFO - Requisicao (tentativa 1/5): https://pncp.gov.br/api/consulta/v1/contratacoes/publicacao
2026-03-07 17:51:32,594 - INFO - Requisicao bem-sucedida
2026-03-07 17:51:32,596 - INFO -   7 licitacoes TI nesta pagina
2026-03-07 17:51:32,596 - INFO -   Total: 1555 de 3331
2026-03-07 17:51:33,602 - INFO - Pagina 330 (Modalidade: 8)
2026-03-07 17:51:33,603 - INFO - Requisicao (tentativa 1/5): https://pncp.gov.br/api/consulta/v1/contratacoes/publicacao
2026-03-07 17:51:33,856 - INFO - Requisicao bem-sucedida
2026-03-07 17:51:33,858 - INFO -   6 licitacoes TI nesta pagina
2026-03-07 17:51:33,858 - INFO -   Total: 1561 de 3341
2026-03-07 17:51:34,864 - INFO - Pagina 331 (Modalidade: 8)
2026-03-07 17:51:34,865 - INFO - Requisicao (tentativa 1/5): https://pncp.gov.br/api/consulta/v1/contratacoes/publicacao
2026-03-07 17:51:35,254 - INFO - Requisicao bem-sucedida
2026-03-07 17:51:35,256 - INFO -   6 licitacoes TI nesta pagina
2026-03-07 17:51:35,257 - INFO -   Total: 1567 de 3351
2026-03-07 17:51:36,266 - INFO - Pagina 332 (Modalidade: 8)
2026-03-07 17:51:36,270 - INFO - Requisicao (tentativa 1/5): https://pncp.gov.br/api/consulta/v1/contratacoes/publicacao
2026-03-07 17:51:36,520 - INFO - Requisicao bem-sucedida
2026-03-07 17:51:36,520 - INFO -   7 licitacoes TI nesta pagina
2026-03-07 17:51:36,522 - INFO -   Total: 1574 de 3361
2026-03-07 17:51:37,530 - INFO - Pagina 333 (Modalidade: 8)
2026-03-07 17:51:37,530 - INFO - Requisicao (tentativa 1/5): https://pncp.gov.br/api/consulta/v1/contratacoes/publicacao
2026-03-07 17:53:37,545 - WARNING - Timeout na requisicao (tentativa 1/5)
2026-03-07 17:53:39,559 - INFO - Requisicao (tentativa 2/5): https://pncp.gov.br/api/consulta/v1/contratacoes/publicacao
2026-03-07 17:53:40,635 - INFO - Requisicao bem-sucedida
2026-03-07 17:53:40,637 - INFO -   5 licitacoes TI nesta pagina
2026-03-07 17:53:40,637 - INFO -   Total: 1579 de 3371
2026-03-07 17:53:41,649 - INFO - Pagina 334 (Modalidade: 8)
2026-03-07 17:53:41,650 - INFO - Requisicao (tentativa 1/5): https://pncp.gov.br/api/consulta/v1/contratacoes/publicacao
2026-03-07 17:53:42,210 - INFO - Requisicao bem-sucedida
2026-03-07 17:53:42,212 - INFO -   2 licitacoes TI nesta pagina
2026-03-07 17:53:42,213 - INFO -   Total: 1581 de 3381
2026-03-07 17:53:43,223 - INFO - Pagina 335 (Modalidade: 8)
2026-03-07 17:53:43,224 - INFO - Requisicao (tentativa 1/5): https://pncp.gov.br/api/consulta/v1/contratacoes/publicacao
2026-03-07 17:53:43,814 - INFO - Requisicao bem-sucedida
2026-03-07 17:53:43,816 - INFO -   2 licitacoes TI nesta pagina
2026-03-07 17:53:43,816 - INFO -   Total: 1583 de 3391
2026-03-07 17:53:44,830 - INFO - Pagina 336 (Modalidade: 8)
2026-03-07 17:53:44,831 - INFO - Requisicao (tentativa 1/5): https://pncp.gov.br/api/consulta/v1/contratacoes/publicacao
2026-03-07 17:53:45,153 - INFO - Requisicao bem-sucedida
2026-03-07 17:53:45,155 - INFO -   7 licitacoes TI nesta pagina
2026-03-07 17:53:45,155 - INFO -   Total: 1590 de 3401
2026-03-07 17:53:46,170 - INFO - Pagina 337 (Modalidade: 8)
2026-03-07 17:53:46,171 - INFO - Requisicao (tentativa 1/5): https://pncp.gov.br/api/consulta/v1/contratacoes/publicacao
2026-03-07 17:53:46,764 - INFO - Requisicao bem-sucedida
2026-03-07 17:53:46,776 - INFO -   2 licitacoes TI nesta pagina
2026-03-07 17:53:46,777 - INFO -   Total: 1592 de 3411
2026-03-07 17:53:47,793 - INFO - Pagina 338 (Modalidade: 8)
2026-03-07 17:53:47,793 - INFO - Requisicao (tentativa 1/5): https://pncp.gov.br/api/consulta/v1/contratacoes/publicacao
2026-03-07 17:53:48,027 - INFO - Requisicao bem-sucedida
2026-03-07 17:53:48,029 - INFO -   4 licitacoes TI nesta pagina
2026-03-07 17:53:48,030 - INFO -   Total: 1596 de 3421
2026-03-07 17:53:49,047 - INFO - Pagina 339 (Modalidade: 8)
2026-03-07 17:53:49,052 - INFO - Requisicao (tentativa 1/5): https://pncp.gov.br/api/consulta/v1/contratacoes/publicacao
2026-03-07 17:53:49,368 - INFO - Requisicao bem-sucedida
2026-03-07 17:53:49,369 - INFO -   3 licitacoes TI nesta pagina
2026-03-07 17:53:49,370 - INFO -   Total: 1599 de 3431
2026-03-07 17:53:50,373 - INFO - Pagina 340 (Modalidade: 8)
2026-03-07 17:53:50,376 - INFO - Requisicao (tentativa 1/5): https://pncp.gov.br/api/consulta/v1/contratacoes/publicacao
2026-03-07 17:53:50,628 - INFO - Requisicao bem-sucedida
2026-03-07 17:53:50,630 - INFO -   3 licitacoes TI nesta pagina
2026-03-07 17:53:50,631 - INFO -   Total: 1602 de 3441
2026-03-07 17:53:51,654 - INFO - Pagina 341 (Modalidade: 8)
2026-03-07 17:53:51,655 - INFO - Requisicao (tentativa 1/5): https://pncp.gov.br/api/consulta/v1/contratacoes/publicacao
2026-03-07 17:53:52,214 - INFO - Requisicao bem-sucedida
2026-03-07 17:53:52,216 - INFO -   6 licitacoes TI nesta pagina
2026-03-07 17:53:52,217 - INFO -   Total: 1608 de 3451
2026-03-07 17:53:53,225 - INFO - Pagina 342 (Modalidade: 8)
2026-03-07 17:53:53,226 - INFO - Requisicao (tentativa 1/5): https://pncp.gov.br/api/consulta/v1/contratacoes/publicacao
2026-03-07 17:53:53,793 - INFO - Requisicao bem-sucedida
2026-03-07 17:53:53,795 - INFO -   7 licitacoes TI nesta pagina
2026-03-07 17:53:53,795 - INFO -   Total: 1615 de 3461
2026-03-07 17:53:54,808 - INFO - Pagina 343 (Modalidade: 8)
2026-03-07 17:53:54,809 - INFO - Requisicao (tentativa 1/5): https://pncp.gov.br/api/consulta/v1/contratacoes/publicacao
2026-03-07 17:53:55,174 - INFO - Requisicao bem-sucedida
2026-03-07 17:53:55,176 - INFO -   4 licitacoes TI nesta pagina
2026-03-07 17:53:55,176 - INFO -   Total: 1619 de 3471
2026-03-07 17:53:56,190 - INFO - Pagina 344 (Modalidade: 8)
2026-03-07 17:53:56,191 - INFO - Requisicao (tentativa 1/5): https://pncp.gov.br/api/consulta/v1/contratacoes/publicacao
2026-03-07 17:53:56,875 - INFO - Requisicao bem-sucedida
2026-03-07 17:53:56,876 - INFO -   4 licitacoes TI nesta pagina
2026-03-07 17:53:56,877 - INFO -   Total: 1623 de 3481
2026-03-07 17:53:57,887 - INFO - Pagina 345 (Modalidade: 8)
2026-03-07 17:53:57,908 - INFO - Requisicao (tentativa 1/5): https://pncp.gov.br/api/consulta/v1/contratacoes/publicacao
2026-03-07 17:53:58,220 - INFO - Requisicao bem-sucedida
2026-03-07 17:53:58,262 - INFO -   5 licitacoes TI nesta pagina
2026-03-07 17:53:58,273 - INFO -   Total: 1628 de 3491
2026-03-07 17:53:59,290 - INFO - Pagina 346 (Modalidade: 8)
2026-03-07 17:53:59,309 - INFO - Requisicao (tentativa 1/5): https://pncp.gov.br/api/consulta/v1/contratacoes/publicacao
2026-03-07 17:53:59,583 - INFO - Requisicao bem-sucedida
2026-03-07 17:53:59,591 - INFO -   3 licitacoes TI nesta pagina
2026-03-07 17:53:59,591 - INFO -   Total: 1631 de 3501
2026-03-07 17:54:00,604 - INFO - Pagina 347 (Modalidade: 8)
2026-03-07 17:54:01,420 - INFO - Requisicao (tentativa 1/5): https://pncp.gov.br/api/consulta/v1/contratacoes/publicacao
2026-03-07 17:54:02,643 - INFO - Requisicao bem-sucedida
2026-03-07 17:54:02,987 - INFO -   3 licitacoes TI nesta pagina
2026-03-07 17:54:04,758 - INFO -   Total: 1634 de 3511
2026-03-07 17:54:06,680 - INFO - Pagina 348 (Modalidade: 8)
2026-03-07 17:54:07,013 - INFO - Requisicao (tentativa 1/5): https://pncp.gov.br/api/consulta/v1/contratacoes/publicacao
2026-03-07 17:54:07,561 - INFO - Requisicao bem-sucedida
2026-03-07 17:54:07,582 - INFO -   6 licitacoes TI nesta pagina
2026-03-07 17:54:07,584 - INFO -   Total: 1640 de 3521
2026-03-07 17:54:08,610 - INFO - Pagina 349 (Modalidade: 8)
2026-03-07 17:54:08,625 - INFO - Requisicao (tentativa 1/5): https://pncp.gov.br/api/consulta/v1/contratacoes/publicacao
2026-03-07 17:54:09,218 - INFO - Requisicao bem-sucedida
2026-03-07 17:54:09,225 - INFO -   8 licitacoes TI nesta pagina
2026-03-07 17:54:09,228 - INFO -   Total: 1648 de 3531
2026-03-07 17:54:10,242 - INFO - Pagina 350 (Modalidade: 8)
2026-03-07 17:54:10,249 - INFO - Requisicao (tentativa 1/5): https://pncp.gov.br/api/consulta/v1/contratacoes/publicacao
2026-03-07 17:54:10,829 - INFO - Requisicao bem-sucedida
2026-03-07 17:54:10,831 - INFO -   2 licitacoes TI nesta pagina
2026-03-07 17:54:10,831 - INFO -   Total: 1650 de 3541
2026-03-07 17:54:11,832 - INFO - Pagina 351 (Modalidade: 8)
2026-03-07 17:54:11,833 - INFO - Requisicao (tentativa 1/5): https://pncp.gov.br/api/consulta/v1/contratacoes/publicacao
2026-03-07 17:56:11,849 - WARNING - Timeout na requisicao (tentativa 1/5)
2026-03-07 17:56:13,862 - INFO - Requisicao (tentativa 2/5): https://pncp.gov.br/api/consulta/v1/contratacoes/publicacao
2026-03-07 17:56:14,327 - INFO - Requisicao bem-sucedida
2026-03-07 17:56:14,328 - INFO -   2 licitacoes TI nesta pagina
2026-03-07 17:56:14,329 - INFO -   Total: 1652 de 3551
2026-03-07 17:56:15,341 - INFO - Pagina 352 (Modalidade: 8)
2026-03-07 17:56:15,341 - INFO - Requisicao (tentativa 1/5): https://pncp.gov.br/api/consulta/v1/contratacoes/publicacao
2026-03-07 17:56:16,050 - INFO - Requisicao bem-sucedida
2026-03-07 17:56:16,051 - INFO -   7 licitacoes TI nesta pagina
2026-03-07 17:56:16,051 - INFO -   Total: 1659 de 3561
2026-03-07 17:56:17,056 - INFO - Pagina 353 (Modalidade: 8)
2026-03-07 17:56:17,056 - INFO - Requisicao (tentativa 1/5): https://pncp.gov.br/api/consulta/v1/contratacoes/publicacao
2026-03-07 17:56:17,308 - INFO - Requisicao bem-sucedida
2026-03-07 17:56:17,309 - INFO -   3 licitacoes TI nesta pagina
2026-03-07 17:56:17,310 - INFO -   Total: 1662 de 3571
2026-03-07 17:56:18,317 - INFO - Pagina 354 (Modalidade: 8)
2026-03-07 17:56:18,317 - INFO - Requisicao (tentativa 1/5): https://pncp.gov.br/api/consulta/v1/contratacoes/publicacao
2026-03-07 17:56:18,709 - INFO - Requisicao bem-sucedida
2026-03-07 17:56:18,710 - INFO -   3 licitacoes TI nesta pagina
2026-03-07 17:56:18,711 - INFO -   Total: 1665 de 3581
2026-03-07 17:56:19,715 - INFO - Pagina 355 (Modalidade: 8)
2026-03-07 17:56:19,715 - INFO - Requisicao (tentativa 1/5): https://pncp.gov.br/api/consulta/v1/contratacoes/publicacao
2026-03-07 17:56:20,455 - INFO - Requisicao bem-sucedida
2026-03-07 17:56:20,456 - INFO -   3 licitacoes TI nesta pagina
2026-03-07 17:56:20,456 - INFO -   Total: 1668 de 3591
2026-03-07 17:56:21,462 - INFO - Pagina 356 (Modalidade: 8)
2026-03-07 17:56:21,462 - INFO - Requisicao (tentativa 1/5): https://pncp.gov.br/api/consulta/v1/contratacoes/publicacao
2026-03-07 17:58:04,977 - WARNING - Erro 500 do servidor PNCP
2026-03-07 17:58:04,977 - INFO - Aguardando 5s antes de tentar novamente...
2026-03-07 17:58:09,986 - INFO - Requisicao (tentativa 2/5): https://pncp.gov.br/api/consulta/v1/contratacoes/publicacao
2026-03-07 17:58:10,715 - INFO - Requisicao bem-sucedida
2026-03-07 17:58:10,716 - INFO -   4 licitacoes TI nesta pagina
2026-03-07 17:58:10,717 - INFO -   Total: 1672 de 3601
2026-03-07 17:58:11,732 - INFO - Pagina 357 (Modalidade: 8)
2026-03-07 17:58:11,732 - INFO - Requisicao (tentativa 1/5): https://pncp.gov.br/api/consulta/v1/contratacoes/publicacao
2026-03-07 17:58:12,329 - INFO - Requisicao bem-sucedida
2026-03-07 17:58:12,330 - INFO -   5 licitacoes TI nesta pagina
2026-03-07 17:58:12,331 - INFO -   Total: 1677 de 3611
2026-03-07 17:58:13,344 - INFO - Pagina 358 (Modalidade: 8)
2026-03-07 17:58:13,344 - INFO - Requisicao (tentativa 1/5): https://pncp.gov.br/api/consulta/v1/contratacoes/publicacao
2026-03-07 17:58:13,587 - INFO - Requisicao bem-sucedida
2026-03-07 17:58:13,588 - INFO -   5 licitacoes TI nesta pagina
2026-03-07 17:58:13,589 - INFO -   Total: 1682 de 3621
2026-03-07 17:58:14,594 - INFO - Pagina 359 (Modalidade: 8)
2026-03-07 17:58:14,594 - INFO - Requisicao (tentativa 1/5): https://pncp.gov.br/api/consulta/v1/contratacoes/publicacao
2026-03-07 17:58:14,958 - INFO - Requisicao bem-sucedida
2026-03-07 17:58:14,959 - INFO -   1 licitacoes TI nesta pagina
2026-03-07 17:58:14,959 - INFO -   Total: 1683 de 3631
2026-03-07 17:58:15,967 - INFO - Pagina 360 (Modalidade: 8)
2026-03-07 17:58:15,968 - INFO - Requisicao (tentativa 1/5): https://pncp.gov.br/api/consulta/v1/contratacoes/publicacao
2026-03-07 17:58:16,209 - INFO - Requisicao bem-sucedida
2026-03-07 17:58:16,209 - INFO -   0 licitacoes TI nesta pagina
2026-03-07 17:58:16,210 - INFO -   Total: 1683 de 3641
2026-03-07 17:58:17,213 - INFO - Pagina 361 (Modalidade: 8)
2026-03-07 17:58:17,213 - INFO - Requisicao (tentativa 1/5): https://pncp.gov.br/api/consulta/v1/contratacoes/publicacao
2026-03-07 17:58:17,618 - INFO - Requisicao bem-sucedida
2026-03-07 17:58:17,619 - INFO -   1 licitacoes TI nesta pagina
2026-03-07 17:58:17,619 - INFO -   Total: 1684 de 3651
2026-03-07 17:58:18,628 - INFO - Pagina 362 (Modalidade: 8)
2026-03-07 17:58:18,628 - INFO - Requisicao (tentativa 1/5): https://pncp.gov.br/api/consulta/v1/contratacoes/publicacao
2026-03-07 17:58:19,321 - INFO - Requisicao bem-sucedida
2026-03-07 17:58:19,321 - INFO -   0 licitacoes TI nesta pagina
2026-03-07 17:58:19,322 - INFO -   Total: 1684 de 3661
2026-03-07 17:58:20,328 - INFO - Pagina 363 (Modalidade: 8)
2026-03-07 17:58:20,329 - INFO - Requisicao (tentativa 1/5): https://pncp.gov.br/api/consulta/v1/contratacoes/publicacao
2026-03-07 17:58:20,586 - INFO - Requisicao bem-sucedida
2026-03-07 17:58:20,588 - INFO -   4 licitacoes TI nesta pagina
2026-03-07 17:58:20,588 - INFO -   Total: 1688 de 3671
2026-03-07 17:58:21,589 - INFO - Pagina 364 (Modalidade: 8)
2026-03-07 17:58:21,589 - INFO - Requisicao (tentativa 1/5): https://pncp.gov.br/api/consulta/v1/contratacoes/publicacao
2026-03-07 17:58:22,445 - INFO - Requisicao bem-sucedida
2026-03-07 17:58:22,447 - INFO -   5 licitacoes TI nesta pagina
2026-03-07 17:58:22,447 - INFO -   Total: 1693 de 3681
2026-03-07 17:58:23,458 - INFO - Pagina 365 (Modalidade: 8)
2026-03-07 17:58:23,458 - INFO - Requisicao (tentativa 1/5): https://pncp.gov.br/api/consulta/v1/contratacoes/publicacao
2026-03-07 17:58:23,965 - INFO - Requisicao bem-sucedida
2026-03-07 17:58:23,967 - INFO -   3 licitacoes TI nesta pagina
2026-03-07 17:58:23,967 - INFO -   Total: 1696 de 3691
2026-03-07 17:58:24,979 - INFO - Pagina 366 (Modalidade: 8)
2026-03-07 17:58:24,979 - INFO - Requisicao (tentativa 1/5): https://pncp.gov.br/api/consulta/v1/contratacoes/publicacao
2026-03-07 17:58:25,836 - INFO - Requisicao bem-sucedida
2026-03-07 17:58:25,837 - INFO -   4 licitacoes TI nesta pagina
2026-03-07 17:58:25,838 - INFO -   Total: 1700 de 3701
2026-03-07 17:58:26,845 - INFO - Pagina 367 (Modalidade: 8)
2026-03-07 17:58:26,845 - INFO - Requisicao (tentativa 1/5): https://pncp.gov.br/api/consulta/v1/contratacoes/publicacao
2026-03-07 17:58:27,106 - INFO - Requisicao bem-sucedida
2026-03-07 17:58:27,108 - INFO -   7 licitacoes TI nesta pagina
2026-03-07 17:58:27,108 - INFO -   Total: 1707 de 3711
2026-03-07 17:58:28,115 - INFO - Pagina 368 (Modalidade: 8)
2026-03-07 17:58:28,115 - INFO - Requisicao (tentativa 1/5): https://pncp.gov.br/api/consulta/v1/contratacoes/publicacao
2026-03-07 17:58:28,574 - INFO - Requisicao bem-sucedida
2026-03-07 17:58:28,575 - INFO -   7 licitacoes TI nesta pagina
2026-03-07 17:58:28,575 - INFO -   Total: 1714 de 3721
2026-03-07 17:58:29,580 - INFO - Pagina 369 (Modalidade: 8)
2026-03-07 17:58:29,580 - INFO - Requisicao (tentativa 1/5): https://pncp.gov.br/api/consulta/v1/contratacoes/publicacao
2026-03-07 17:58:29,994 - INFO - Requisicao bem-sucedida
2026-03-07 17:58:29,996 - INFO -   3 licitacoes TI nesta pagina
2026-03-07 17:58:29,996 - INFO -   Total: 1717 de 3731
2026-03-07 17:58:30,998 - INFO - Pagina 370 (Modalidade: 8)
2026-03-07 17:58:30,998 - INFO - Requisicao (tentativa 1/5): https://pncp.gov.br/api/consulta/v1/contratacoes/publicacao
2026-03-07 18:00:31,006 - WARNING - Timeout na requisicao (tentativa 1/5)
2026-03-07 18:00:33,028 - INFO - Requisicao (tentativa 2/5): https://pncp.gov.br/api/consulta/v1/contratacoes/publicacao
2026-03-07 18:00:35,742 - INFO - Requisicao bem-sucedida
2026-03-07 18:00:35,743 - INFO -   7 licitacoes TI nesta pagina
2026-03-07 18:00:35,744 - INFO -   Total: 1724 de 3741
2026-03-07 18:00:36,758 - INFO - Pagina 371 (Modalidade: 8)
2026-03-07 18:00:36,759 - INFO - Requisicao (tentativa 1/5): https://pncp.gov.br/api/consulta/v1/contratacoes/publicacao
2026-03-07 18:00:37,623 - INFO - Requisicao bem-sucedida
2026-03-07 18:00:37,626 - INFO -   6 licitacoes TI nesta pagina
2026-03-07 18:00:37,628 - INFO -   Total: 1730 de 3751
2026-03-07 18:00:38,640 - INFO - Pagina 372 (Modalidade: 8)
2026-03-07 18:00:38,644 - INFO - Requisicao (tentativa 1/5): https://pncp.gov.br/api/consulta/v1/contratacoes/publicacao
2026-03-07 18:00:39,835 - INFO - Requisicao bem-sucedida
2026-03-07 18:00:39,837 - INFO -   3 licitacoes TI nesta pagina
2026-03-07 18:00:39,837 - INFO -   Total: 1733 de 3761
2026-03-07 18:00:40,838 - INFO - Pagina 373 (Modalidade: 8)
2026-03-07 18:00:40,841 - INFO - Requisicao (tentativa 1/5): https://pncp.gov.br/api/consulta/v1/contratacoes/publicacao
2026-03-07 18:00:42,719 - INFO - Requisicao bem-sucedida
2026-03-07 18:00:42,724 - INFO -   5 licitacoes TI nesta pagina
2026-03-07 18:00:42,724 - INFO -   Total: 1738 de 3771
2026-03-07 18:00:43,739 - INFO - Pagina 374 (Modalidade: 8)
2026-03-07 18:00:43,758 - INFO - Requisicao (tentativa 1/5): https://pncp.gov.br/api/consulta/v1/contratacoes/publicacao
2026-03-07 18:00:45,151 - INFO - Requisicao bem-sucedida
2026-03-07 18:00:45,156 - INFO -   3 licitacoes TI nesta pagina
2026-03-07 18:00:45,156 - INFO -   Total: 1741 de 3781
2026-03-07 18:00:46,163 - INFO - Pagina 375 (Modalidade: 8)
2026-03-07 18:00:46,167 - INFO - Requisicao (tentativa 1/5): https://pncp.gov.br/api/consulta/v1/contratacoes/publicacao
2026-03-07 18:00:46,921 - INFO - Requisicao bem-sucedida
2026-03-07 18:00:46,924 - INFO -   0 licitacoes TI nesta pagina
2026-03-07 18:00:46,925 - INFO -   Total: 1741 de 3791
2026-03-07 18:00:47,926 - INFO - Pagina 376 (Modalidade: 8)
2026-03-07 18:00:47,937 - INFO - Requisicao (tentativa 1/5): https://pncp.gov.br/api/consulta/v1/contratacoes/publicacao
2026-03-07 18:00:49,680 - INFO - Requisicao bem-sucedida
2026-03-07 18:00:49,683 - INFO -   4 licitacoes TI nesta pagina
2026-03-07 18:00:49,684 - INFO -   Total: 1745 de 3801
2026-03-07 18:00:50,700 - INFO - Pagina 377 (Modalidade: 8)
2026-03-07 18:00:50,707 - INFO - Requisicao (tentativa 1/5): https://pncp.gov.br/api/consulta/v1/contratacoes/publicacao
2026-03-07 18:02:50,715 - WARNING - Timeout na requisicao (tentativa 1/5)
2026-03-07 18:02:52,724 - INFO - Requisicao (tentativa 2/5): https://pncp.gov.br/api/consulta/v1/contratacoes/publicacao
2026-03-07 18:02:53,318 - INFO - Requisicao bem-sucedida
2026-03-07 18:02:53,321 - INFO -   7 licitacoes TI nesta pagina
2026-03-07 18:02:53,322 - INFO -   Total: 1752 de 3811
2026-03-07 18:02:54,329 - INFO - Pagina 378 (Modalidade: 8)
2026-03-07 18:02:54,330 - INFO - Requisicao (tentativa 1/5): https://pncp.gov.br/api/consulta/v1/contratacoes/publicacao
2026-03-07 18:02:55,043 - INFO - Requisicao bem-sucedida
2026-03-07 18:02:55,046 - INFO -   6 licitacoes TI nesta pagina
2026-03-07 18:02:55,047 - INFO -   Total: 1758 de 3821
2026-03-07 18:02:56,077 - INFO - Pagina 379 (Modalidade: 8)
2026-03-07 18:02:56,091 - INFO - Requisicao (tentativa 1/5): https://pncp.gov.br/api/consulta/v1/contratacoes/publicacao
2026-03-07 18:02:58,263 - INFO - Requisicao bem-sucedida
2026-03-07 18:02:58,265 - INFO -   7 licitacoes TI nesta pagina
2026-03-07 18:02:58,265 - INFO -   Total: 1765 de 3831
2026-03-07 18:02:59,276 - INFO - Pagina 380 (Modalidade: 8)
2026-03-07 18:02:59,276 - INFO - Requisicao (tentativa 1/5): https://pncp.gov.br/api/consulta/v1/contratacoes/publicacao
2026-03-07 18:03:01,257 - INFO - Requisicao bem-sucedida
2026-03-07 18:03:01,259 - INFO -   7 licitacoes TI nesta pagina
2026-03-07 18:03:01,260 - INFO -   Total: 1772 de 3841
2026-03-07 18:03:02,283 - INFO - Pagina 381 (Modalidade: 8)
2026-03-07 18:03:02,285 - INFO - Requisicao (tentativa 1/5): https://pncp.gov.br/api/consulta/v1/contratacoes/publicacao
2026-03-07 18:03:04,141 - INFO - Requisicao bem-sucedida
2026-03-07 18:03:04,142 - INFO -   4 licitacoes TI nesta pagina
2026-03-07 18:03:04,143 - INFO -   Total: 1776 de 3851
2026-03-07 18:03:05,153 - INFO - Pagina 382 (Modalidade: 8)
2026-03-07 18:03:05,154 - INFO - Requisicao (tentativa 1/5): https://pncp.gov.br/api/consulta/v1/contratacoes/publicacao
2026-03-07 18:03:05,613 - INFO - Requisicao bem-sucedida
2026-03-07 18:03:05,616 - INFO -   4 licitacoes TI nesta pagina
2026-03-07 18:03:05,624 - INFO -   Total: 1780 de 3861
2026-03-07 18:03:06,652 - INFO - Pagina 383 (Modalidade: 8)
2026-03-07 18:03:06,654 - INFO - Requisicao (tentativa 1/5): https://pncp.gov.br/api/consulta/v1/contratacoes/publicacao
2026-03-07 18:03:08,034 - INFO - Requisicao bem-sucedida
2026-03-07 18:03:08,036 - INFO -   6 licitacoes TI nesta pagina
2026-03-07 18:03:08,037 - INFO -   Total: 1786 de 3871
2026-03-07 18:03:09,041 - INFO - Pagina 384 (Modalidade: 8)
2026-03-07 18:03:09,042 - INFO - Requisicao (tentativa 1/5): https://pncp.gov.br/api/consulta/v1/contratacoes/publicacao
2026-03-07 18:03:09,695 - INFO - Requisicao bem-sucedida
2026-03-07 18:03:09,697 - INFO -   7 licitacoes TI nesta pagina
2026-03-07 18:03:09,697 - INFO -   Total: 1793 de 3881
2026-03-07 18:03:10,711 - INFO - Pagina 385 (Modalidade: 8)
2026-03-07 18:03:10,711 - INFO - Requisicao (tentativa 1/5): https://pncp.gov.br/api/consulta/v1/contratacoes/publicacao
2026-03-07 18:03:12,249 - INFO - Requisicao bem-sucedida
2026-03-07 18:03:12,254 - INFO -   5 licitacoes TI nesta pagina
2026-03-07 18:03:12,257 - INFO -   Total: 1798 de 3891
2026-03-07 18:03:13,262 - INFO - Pagina 386 (Modalidade: 8)
2026-03-07 18:03:13,266 - INFO - Requisicao (tentativa 1/5): https://pncp.gov.br/api/consulta/v1/contratacoes/publicacao
2026-03-07 18:03:14,757 - INFO - Requisicao bem-sucedida
2026-03-07 18:03:14,760 - INFO -   5 licitacoes TI nesta pagina
2026-03-07 18:03:14,761 - INFO -   Total: 1803 de 3901
2026-03-07 18:03:15,775 - INFO - Pagina 387 (Modalidade: 8)
2026-03-07 18:03:15,776 - INFO - Requisicao (tentativa 1/5): https://pncp.gov.br/api/consulta/v1/contratacoes/publicacao
2026-03-07 18:03:16,890 - INFO - Requisicao bem-sucedida
2026-03-07 18:03:16,892 - INFO -   5 licitacoes TI nesta pagina
2026-03-07 18:03:16,893 - INFO -   Total: 1808 de 3911
2026-03-07 18:03:17,900 - INFO - Pagina 388 (Modalidade: 8)
2026-03-07 18:03:17,903 - INFO - Requisicao (tentativa 1/5): https://pncp.gov.br/api/consulta/v1/contratacoes/publicacao
2026-03-07 18:03:18,288 - INFO - Requisicao bem-sucedida
2026-03-07 18:03:18,291 - INFO -   3 licitacoes TI nesta pagina
2026-03-07 18:03:18,292 - INFO -   Total: 1811 de 3921
2026-03-07 18:03:19,307 - INFO - Pagina 389 (Modalidade: 8)
2026-03-07 18:03:19,309 - INFO - Requisicao (tentativa 1/5): https://pncp.gov.br/api/consulta/v1/contratacoes/publicacao
2026-03-07 18:03:19,876 - INFO - Requisicao bem-sucedida
2026-03-07 18:03:19,878 - INFO -   4 licitacoes TI nesta pagina
2026-03-07 18:03:19,878 - INFO -   Total: 1815 de 3931
2026-03-07 18:03:20,891 - INFO - Pagina 390 (Modalidade: 8)
2026-03-07 18:03:20,892 - INFO - Requisicao (tentativa 1/5): https://pncp.gov.br/api/consulta/v1/contratacoes/publicacao
2026-03-07 18:03:21,332 - INFO - Requisicao bem-sucedida
2026-03-07 18:03:21,333 - INFO -   5 licitacoes TI nesta pagina
2026-03-07 18:03:21,335 - INFO -   Total: 1820 de 3941
2026-03-07 18:03:22,339 - INFO - Pagina 391 (Modalidade: 8)
2026-03-07 18:03:22,340 - INFO - Requisicao (tentativa 1/5): https://pncp.gov.br/api/consulta/v1/contratacoes/publicacao
2026-03-07 18:03:22,771 - INFO - Requisicao bem-sucedida
2026-03-07 18:03:22,774 - INFO -   3 licitacoes TI nesta pagina
2026-03-07 18:03:22,775 - INFO -   Total: 1823 de 3951
2026-03-07 18:03:23,782 - INFO - Pagina 392 (Modalidade: 8)
2026-03-07 18:03:23,786 - INFO - Requisicao (tentativa 1/5): https://pncp.gov.br/api/consulta/v1/contratacoes/publicacao
2026-03-07 18:03:24,115 - INFO - Requisicao bem-sucedida
2026-03-07 18:03:24,117 - INFO -   3 licitacoes TI nesta pagina
2026-03-07 18:03:24,118 - INFO -   Total: 1826 de 3961
2026-03-07 18:03:25,125 - INFO - Pagina 393 (Modalidade: 8)
2026-03-07 18:03:25,126 - INFO - Requisicao (tentativa 1/5): https://pncp.gov.br/api/consulta/v1/contratacoes/publicacao
2026-03-07 18:03:25,741 - INFO - Requisicao bem-sucedida
2026-03-07 18:03:25,744 - INFO -   7 licitacoes TI nesta pagina
2026-03-07 18:03:25,744 - INFO -   Total: 1833 de 3971
2026-03-07 18:03:26,754 - INFO - Pagina 394 (Modalidade: 8)
2026-03-07 18:03:26,754 - INFO - Requisicao (tentativa 1/5): https://pncp.gov.br/api/consulta/v1/contratacoes/publicacao
2026-03-07 18:03:27,115 - INFO - Requisicao bem-sucedida
2026-03-07 18:03:27,117 - INFO -   3 licitacoes TI nesta pagina
2026-03-07 18:03:27,117 - INFO -   Total: 1836 de 3981
2026-03-07 18:03:28,120 - INFO - Pagina 395 (Modalidade: 8)
2026-03-07 18:03:28,121 - INFO - Requisicao (tentativa 1/5): https://pncp.gov.br/api/consulta/v1/contratacoes/publicacao
2026-03-07 18:03:28,515 - INFO - Requisicao bem-sucedida
2026-03-07 18:03:28,518 - INFO -   6 licitacoes TI nesta pagina
2026-03-07 18:03:28,519 - INFO -   Total: 1842 de 3991
2026-03-07 18:03:29,534 - INFO - Pagina 396 (Modalidade: 8)
2026-03-07 18:03:29,534 - INFO - Requisicao (tentativa 1/5): https://pncp.gov.br/api/consulta/v1/contratacoes/publicacao
2026-03-07 18:03:30,098 - INFO - Requisicao bem-sucedida
2026-03-07 18:03:30,099 - INFO -   4 licitacoes TI nesta pagina
2026-03-07 18:03:30,100 - INFO -   Total: 1846 de 4001
2026-03-07 18:03:31,113 - INFO - Pagina 397 (Modalidade: 8)
2026-03-07 18:03:31,122 - INFO - Requisicao (tentativa 1/5): https://pncp.gov.br/api/consulta/v1/contratacoes/publicacao
2026-03-07 18:05:31,338 - WARNING - Timeout na requisicao (tentativa 1/5)
2026-03-07 18:05:33,343 - INFO - Requisicao (tentativa 2/5): https://pncp.gov.br/api/consulta/v1/contratacoes/publicacao
2026-03-07 18:05:33,754 - INFO - Requisicao bem-sucedida
2026-03-07 18:05:33,757 - INFO -   7 licitacoes TI nesta pagina
2026-03-07 18:05:33,757 - INFO -   Total: 1853 de 4011
2026-03-07 18:05:34,759 - INFO - Pagina 398 (Modalidade: 8)
2026-03-07 18:05:34,759 - INFO - Requisicao (tentativa 1/5): https://pncp.gov.br/api/consulta/v1/contratacoes/publicacao
2026-03-07 18:05:35,498 - INFO - Requisicao bem-sucedida
2026-03-07 18:05:35,500 - INFO -   6 licitacoes TI nesta pagina
2026-03-07 18:05:35,500 - INFO -   Total: 1859 de 4021
2026-03-07 18:05:36,513 - INFO - Pagina 399 (Modalidade: 8)
2026-03-07 18:05:36,513 - INFO - Requisicao (tentativa 1/5): https://pncp.gov.br/api/consulta/v1/contratacoes/publicacao
2026-03-07 18:05:37,354 - INFO - Requisicao bem-sucedida
2026-03-07 18:05:37,355 - INFO -   3 licitacoes TI nesta pagina
2026-03-07 18:05:37,355 - INFO -   Total: 1862 de 4031
2026-03-07 18:05:38,365 - INFO - Pagina 400 (Modalidade: 8)
2026-03-07 18:05:38,366 - INFO - Requisicao (tentativa 1/5): https://pncp.gov.br/api/consulta/v1/contratacoes/publicacao
2026-03-07 18:07:38,374 - WARNING - Timeout na requisicao (tentativa 1/5)
2026-03-07 18:07:40,388 - INFO - Requisicao (tentativa 2/5): https://pncp.gov.br/api/consulta/v1/contratacoes/publicacao
2026-03-07 18:07:40,764 - INFO - Requisicao bem-sucedida
2026-03-07 18:07:40,766 - INFO -   6 licitacoes TI nesta pagina
2026-03-07 18:07:40,766 - INFO -   Total: 1868 de 4041
2026-03-07 18:07:41,773 - INFO - Pagina 401 (Modalidade: 8)
2026-03-07 18:07:41,775 - INFO - Requisicao (tentativa 1/5): https://pncp.gov.br/api/consulta/v1/contratacoes/publicacao
2026-03-07 18:09:41,792 - WARNING - Timeout na requisicao (tentativa 1/5)
2026-03-07 18:09:43,804 - INFO - Requisicao (tentativa 2/5): https://pncp.gov.br/api/consulta/v1/contratacoes/publicacao
2026-03-07 18:09:44,209 - INFO - Requisicao bem-sucedida
2026-03-07 18:09:44,212 - INFO -   4 licitacoes TI nesta pagina
2026-03-07 18:09:44,213 - INFO -   Total: 1872 de 4051
2026-03-07 18:09:45,223 - INFO - Pagina 402 (Modalidade: 8)
2026-03-07 18:09:45,223 - INFO - Requisicao (tentativa 1/5): https://pncp.gov.br/api/consulta/v1/contratacoes/publicacao
2026-03-07 18:09:45,504 - INFO - Requisicao bem-sucedida
2026-03-07 18:09:45,506 - INFO -   6 licitacoes TI nesta pagina
2026-03-07 18:09:45,506 - INFO -   Total: 1878 de 4061
2026-03-07 18:09:46,513 - INFO - Pagina 403 (Modalidade: 8)
2026-03-07 18:09:46,514 - INFO - Requisicao (tentativa 1/5): https://pncp.gov.br/api/consulta/v1/contratacoes/publicacao
2026-03-07 18:09:46,825 - INFO - Requisicao bem-sucedida
2026-03-07 18:09:46,828 - INFO -   4 licitacoes TI nesta pagina
2026-03-07 18:09:46,828 - INFO -   Total: 1882 de 4071
2026-03-07 18:09:47,840 - INFO - Pagina 404 (Modalidade: 8)
2026-03-07 18:09:47,847 - INFO - Requisicao (tentativa 1/5): https://pncp.gov.br/api/consulta/v1/contratacoes/publicacao
2026-03-07 18:09:48,429 - INFO - Requisicao bem-sucedida
2026-03-07 18:09:48,434 - INFO -   5 licitacoes TI nesta pagina
2026-03-07 18:09:48,436 - INFO -   Total: 1887 de 4081
2026-03-07 18:09:49,444 - INFO - Pagina 405 (Modalidade: 8)
2026-03-07 18:09:49,446 - INFO - Requisicao (tentativa 1/5): https://pncp.gov.br/api/consulta/v1/contratacoes/publicacao
2026-03-07 18:09:50,085 - INFO - Requisicao bem-sucedida
2026-03-07 18:09:50,092 - INFO -   3 licitacoes TI nesta pagina
2026-03-07 18:09:50,092 - INFO -   Total: 1890 de 4091
2026-03-07 18:09:51,107 - INFO - Pagina 406 (Modalidade: 8)
2026-03-07 18:09:51,107 - INFO - Requisicao (tentativa 1/5): https://pncp.gov.br/api/consulta/v1/contratacoes/publicacao
2026-03-07 18:09:51,391 - INFO - Requisicao bem-sucedida
2026-03-07 18:09:51,402 - INFO -   5 licitacoes TI nesta pagina
2026-03-07 18:09:51,406 - INFO -   Total: 1895 de 4101
2026-03-07 18:09:52,420 - INFO - Pagina 407 (Modalidade: 8)
2026-03-07 18:09:52,421 - INFO - Requisicao (tentativa 1/5): https://pncp.gov.br/api/consulta/v1/contratacoes/publicacao
2026-03-07 18:11:52,434 - WARNING - Timeout na requisicao (tentativa 1/5)
2026-03-07 18:11:54,449 - INFO - Requisicao (tentativa 2/5): https://pncp.gov.br/api/consulta/v1/contratacoes/publicacao
2026-03-07 18:11:55,199 - INFO - Requisicao bem-sucedida
2026-03-07 18:11:55,200 - INFO -   5 licitacoes TI nesta pagina
2026-03-07 18:11:55,200 - INFO -   Total: 1900 de 4111
2026-03-07 18:11:56,202 - INFO - Pagina 408 (Modalidade: 8)
2026-03-07 18:11:56,202 - INFO - Requisicao (tentativa 1/5): https://pncp.gov.br/api/consulta/v1/contratacoes/publicacao
2026-03-07 18:13:56,220 - WARNING - Timeout na requisicao (tentativa 1/5)
2026-03-07 18:13:58,227 - INFO - Requisicao (tentativa 2/5): https://pncp.gov.br/api/consulta/v1/contratacoes/publicacao
2026-03-07 18:13:58,927 - INFO - Requisicao bem-sucedida
2026-03-07 18:13:58,928 - INFO -   6 licitacoes TI nesta pagina
2026-03-07 18:13:58,929 - INFO -   Total: 1906 de 4121
2026-03-07 18:13:59,930 - INFO - Pagina 409 (Modalidade: 8)
2026-03-07 18:13:59,930 - INFO - Requisicao (tentativa 1/5): https://pncp.gov.br/api/consulta/v1/contratacoes/publicacao
2026-03-07 18:14:00,493 - INFO - Requisicao bem-sucedida
2026-03-07 18:14:00,502 - INFO -   6 licitacoes TI nesta pagina
2026-03-07 18:14:00,503 - INFO -   Total: 1912 de 4131
2026-03-07 18:14:01,511 - INFO - Pagina 410 (Modalidade: 8)
2026-03-07 18:14:01,512 - INFO - Requisicao (tentativa 1/5): https://pncp.gov.br/api/consulta/v1/contratacoes/publicacao
2026-03-07 18:14:01,773 - INFO - Requisicao bem-sucedida
2026-03-07 18:14:01,775 - INFO -   2 licitacoes TI nesta pagina
2026-03-07 18:14:01,778 - INFO -   Total: 1914 de 4141
2026-03-07 18:14:02,788 - INFO - Pagina 411 (Modalidade: 8)
2026-03-07 18:14:02,836 - INFO - Requisicao (tentativa 1/5): https://pncp.gov.br/api/consulta/v1/contratacoes/publicacao
2026-03-07 18:14:03,076 - INFO - Requisicao bem-sucedida
2026-03-07 18:14:03,111 - INFO -   6 licitacoes TI nesta pagina
2026-03-07 18:14:03,145 - INFO -   Total: 1920 de 4151
2026-03-07 18:14:04,170 - INFO - Pagina 412 (Modalidade: 8)
2026-03-07 18:14:04,171 - INFO - Requisicao (tentativa 1/5): https://pncp.gov.br/api/consulta/v1/contratacoes/publicacao
2026-03-07 18:14:04,430 - INFO - Requisicao bem-sucedida
2026-03-07 18:14:05,130 - INFO -   4 licitacoes TI nesta pagina
2026-03-07 18:14:05,413 - INFO -   Total: 1924 de 4161
2026-03-07 18:14:06,433 - INFO - Pagina 413 (Modalidade: 8)
2026-03-07 18:14:06,434 - INFO - Requisicao (tentativa 1/5): https://pncp.gov.br/api/consulta/v1/contratacoes/publicacao
2026-03-07 18:14:07,005 - INFO - Requisicao bem-sucedida
2026-03-07 18:14:07,009 - INFO -   3 licitacoes TI nesta pagina
2026-03-07 18:14:07,009 - INFO -   Total: 1927 de 4171
2026-03-07 18:14:08,021 - INFO - Pagina 414 (Modalidade: 8)
2026-03-07 18:14:08,027 - INFO - Requisicao (tentativa 1/5): https://pncp.gov.br/api/consulta/v1/contratacoes/publicacao
2026-03-07 18:14:08,309 - INFO - Requisicao bem-sucedida
2026-03-07 18:14:08,411 - INFO -   7 licitacoes TI nesta pagina
2026-03-07 18:14:08,438 - INFO -   Total: 1934 de 4181
2026-03-07 18:14:09,449 - INFO - Pagina 415 (Modalidade: 8)
2026-03-07 18:14:09,449 - INFO - Requisicao (tentativa 1/5): https://pncp.gov.br/api/consulta/v1/contratacoes/publicacao
2026-03-07 18:14:09,685 - INFO - Requisicao bem-sucedida
2026-03-07 18:14:09,687 - INFO -   3 licitacoes TI nesta pagina
2026-03-07 18:14:09,687 - INFO -   Total: 1937 de 4191
2026-03-07 18:14:10,699 - INFO - Pagina 416 (Modalidade: 8)
2026-03-07 18:14:10,699 - INFO - Requisicao (tentativa 1/5): https://pncp.gov.br/api/consulta/v1/contratacoes/publicacao
2026-03-07 18:14:10,946 - INFO - Requisicao bem-sucedida
2026-03-07 18:14:10,947 - INFO -   3 licitacoes TI nesta pagina
2026-03-07 18:14:10,948 - INFO -   Total: 1940 de 4201
2026-03-07 18:14:11,961 - INFO - Pagina 417 (Modalidade: 8)
2026-03-07 18:14:11,961 - INFO - Requisicao (tentativa 1/5): https://pncp.gov.br/api/consulta/v1/contratacoes/publicacao
2026-03-07 18:14:12,504 - INFO - Requisicao bem-sucedida
2026-03-07 18:14:12,505 - INFO -   5 licitacoes TI nesta pagina
2026-03-07 18:14:12,506 - INFO -   Total: 1945 de 4211
2026-03-07 18:14:13,511 - INFO - Pagina 418 (Modalidade: 8)
2026-03-07 18:14:13,511 - INFO - Requisicao (tentativa 1/5): https://pncp.gov.br/api/consulta/v1/contratacoes/publicacao
2026-03-07 18:16:13,526 - WARNING - Timeout na requisicao (tentativa 1/5)
2026-03-07 18:16:15,532 - INFO - Requisicao (tentativa 2/5): https://pncp.gov.br/api/consulta/v1/contratacoes/publicacao
2026-03-07 18:16:15,933 - INFO - Requisicao bem-sucedida
2026-03-07 18:16:15,936 - INFO -   3 licitacoes TI nesta pagina
2026-03-07 18:16:15,936 - INFO -   Total: 1948 de 4221
2026-03-07 18:16:16,949 - INFO - Pagina 419 (Modalidade: 8)
2026-03-07 18:16:16,950 - INFO - Requisicao (tentativa 1/5): https://pncp.gov.br/api/consulta/v1/contratacoes/publicacao
2026-03-07 18:16:17,218 - INFO - Requisicao bem-sucedida
2026-03-07 18:16:17,220 - INFO -   4 licitacoes TI nesta pagina
2026-03-07 18:16:17,220 - INFO -   Total: 1952 de 4231
2026-03-07 18:16:18,221 - INFO - Pagina 420 (Modalidade: 8)
2026-03-07 18:16:18,222 - INFO - Requisicao (tentativa 1/5): https://pncp.gov.br/api/consulta/v1/contratacoes/publicacao
2026-03-07 18:16:18,884 - INFO - Requisicao bem-sucedida
2026-03-07 18:16:18,885 - INFO -   5 licitacoes TI nesta pagina
2026-03-07 18:16:18,885 - INFO -   Total: 1957 de 4241
2026-03-07 18:16:19,889 - INFO - Pagina 421 (Modalidade: 8)
2026-03-07 18:16:19,889 - INFO - Requisicao (tentativa 1/5): https://pncp.gov.br/api/consulta/v1/contratacoes/publicacao
2026-03-07 18:16:20,475 - INFO - Requisicao bem-sucedida
2026-03-07 18:16:20,476 - INFO -   2 licitacoes TI nesta pagina
2026-03-07 18:16:20,477 - INFO -   Total: 1959 de 4251
2026-03-07 18:16:21,477 - INFO - Pagina 422 (Modalidade: 8)
2026-03-07 18:16:21,478 - INFO - Requisicao (tentativa 1/5): https://pncp.gov.br/api/consulta/v1/contratacoes/publicacao
2026-03-07 18:16:21,761 - INFO - Requisicao bem-sucedida
2026-03-07 18:16:21,762 - INFO -   5 licitacoes TI nesta pagina
2026-03-07 18:16:21,762 - INFO -   Total: 1964 de 4261
2026-03-07 18:16:22,772 - INFO - Pagina 423 (Modalidade: 8)
2026-03-07 18:16:22,772 - INFO - Requisicao (tentativa 1/5): https://pncp.gov.br/api/consulta/v1/contratacoes/publicacao
2026-03-07 18:16:23,042 - INFO - Requisicao bem-sucedida
2026-03-07 18:16:23,043 - INFO -   3 licitacoes TI nesta pagina
2026-03-07 18:16:23,043 - INFO -   Total: 1967 de 4271
2026-03-07 18:16:24,050 - INFO - Pagina 424 (Modalidade: 8)
2026-03-07 18:16:24,050 - INFO - Requisicao (tentativa 1/5): https://pncp.gov.br/api/consulta/v1/contratacoes/publicacao
2026-03-07 18:18:24,067 - WARNING - Timeout na requisicao (tentativa 1/5)
2026-03-07 18:18:26,081 - INFO - Requisicao (tentativa 2/5): https://pncp.gov.br/api/consulta/v1/contratacoes/publicacao
2026-03-07 18:18:26,477 - INFO - Requisicao bem-sucedida
2026-03-07 18:18:26,479 - INFO -   4 licitacoes TI nesta pagina
2026-03-07 18:18:26,479 - INFO -   Total: 1971 de 4281
2026-03-07 18:18:27,488 - INFO - Pagina 425 (Modalidade: 8)
2026-03-07 18:18:27,488 - INFO - Requisicao (tentativa 1/5): https://pncp.gov.br/api/consulta/v1/contratacoes/publicacao
2026-03-07 18:18:28,074 - INFO - Requisicao bem-sucedida
2026-03-07 18:18:28,077 - INFO -   4 licitacoes TI nesta pagina
2026-03-07 18:18:28,077 - INFO -   Total: 1975 de 4291
2026-03-07 18:18:29,085 - INFO - Pagina 426 (Modalidade: 8)
2026-03-07 18:18:29,086 - INFO - Requisicao (tentativa 1/5): https://pncp.gov.br/api/consulta/v1/contratacoes/publicacao
2026-03-07 18:18:29,774 - INFO - Requisicao bem-sucedida
2026-03-07 18:18:29,775 - INFO -   4 licitacoes TI nesta pagina
2026-03-07 18:18:29,777 - INFO -   Total: 1979 de 4301
2026-03-07 18:18:30,789 - INFO - Pagina 427 (Modalidade: 8)
2026-03-07 18:18:30,790 - INFO - Requisicao (tentativa 1/5): https://pncp.gov.br/api/consulta/v1/contratacoes/publicacao
2026-03-07 18:18:31,054 - INFO - Requisicao bem-sucedida
2026-03-07 18:18:31,056 - INFO -   8 licitacoes TI nesta pagina
2026-03-07 18:18:31,056 - INFO -   Total: 1987 de 4311
2026-03-07 18:18:32,063 - INFO - Pagina 428 (Modalidade: 8)
2026-03-07 18:18:32,065 - INFO - Requisicao (tentativa 1/5): https://pncp.gov.br/api/consulta/v1/contratacoes/publicacao
2026-03-07 18:18:32,711 - INFO - Requisicao bem-sucedida
2026-03-07 18:18:32,711 - INFO -   1 licitacoes TI nesta pagina
2026-03-07 18:18:32,712 - INFO -   Total: 1988 de 4321
2026-03-07 18:18:33,727 - INFO - Pagina 429 (Modalidade: 8)
2026-03-07 18:18:33,727 - INFO - Requisicao (tentativa 1/5): https://pncp.gov.br/api/consulta/v1/contratacoes/publicacao
2026-03-07 18:18:33,972 - INFO - Requisicao bem-sucedida
2026-03-07 18:18:33,974 - INFO -   4 licitacoes TI nesta pagina
2026-03-07 18:18:33,976 - INFO -   Total: 1992 de 4331
2026-03-07 18:18:34,985 - INFO - Pagina 430 (Modalidade: 8)
2026-03-07 18:18:34,985 - INFO - Requisicao (tentativa 1/5): https://pncp.gov.br/api/consulta/v1/contratacoes/publicacao
2026-03-07 18:18:35,626 - INFO - Requisicao bem-sucedida
2026-03-07 18:18:35,628 - INFO -   5 licitacoes TI nesta pagina
2026-03-07 18:18:35,629 - INFO -   Total: 1997 de 4341
2026-03-07 18:18:36,634 - INFO - Pagina 431 (Modalidade: 8)
2026-03-07 18:18:36,634 - INFO - Requisicao (tentativa 1/5): https://pncp.gov.br/api/consulta/v1/contratacoes/publicacao
2026-03-07 18:18:37,227 - INFO - Requisicao bem-sucedida
2026-03-07 18:18:37,228 - INFO -   7 licitacoes TI nesta pagina
2026-03-07 18:18:37,229 - INFO -   Total: 2004 de 4351
2026-03-07 18:18:38,236 - INFO - Pagina 432 (Modalidade: 8)
2026-03-07 18:18:38,236 - INFO - Requisicao (tentativa 1/5): https://pncp.gov.br/api/consulta/v1/contratacoes/publicacao
2026-03-07 18:18:38,861 - INFO - Requisicao bem-sucedida
2026-03-07 18:18:38,863 - INFO -   6 licitacoes TI nesta pagina
2026-03-07 18:18:38,864 - INFO -   Total: 2010 de 4361
2026-03-07 18:18:39,865 - INFO - Pagina 433 (Modalidade: 8)
2026-03-07 18:18:39,866 - INFO - Requisicao (tentativa 1/5): https://pncp.gov.br/api/consulta/v1/contratacoes/publicacao
2026-03-07 18:18:40,433 - INFO - Requisicao bem-sucedida
2026-03-07 18:18:40,436 - INFO -   8 licitacoes TI nesta pagina
2026-03-07 18:18:40,437 - INFO -   Total: 2018 de 4371
2026-03-07 18:18:41,450 - INFO - Pagina 434 (Modalidade: 8)
2026-03-07 18:18:41,451 - INFO - Requisicao (tentativa 1/5): https://pncp.gov.br/api/consulta/v1/contratacoes/publicacao
2026-03-07 18:18:42,014 - INFO - Requisicao bem-sucedida
2026-03-07 18:18:42,016 - INFO -   6 licitacoes TI nesta pagina
2026-03-07 18:18:42,017 - INFO -   Total: 2024 de 4381
2026-03-07 18:18:43,026 - INFO - Pagina 435 (Modalidade: 8)
2026-03-07 18:18:43,027 - INFO - Requisicao (tentativa 1/5): https://pncp.gov.br/api/consulta/v1/contratacoes/publicacao
2026-03-07 18:18:43,672 - INFO - Requisicao bem-sucedida
2026-03-07 18:18:43,674 - INFO -   2 licitacoes TI nesta pagina
2026-03-07 18:18:43,675 - INFO -   Total: 2026 de 4391
2026-03-07 18:18:44,682 - INFO - Pagina 436 (Modalidade: 8)
2026-03-07 18:18:44,682 - INFO - Requisicao (tentativa 1/5): https://pncp.gov.br/api/consulta/v1/contratacoes/publicacao
2026-03-07 18:18:44,921 - INFO - Requisicao bem-sucedida
2026-03-07 18:18:44,924 - INFO -   4 licitacoes TI nesta pagina
2026-03-07 18:18:44,924 - INFO -   Total: 2030 de 4401
2026-03-07 18:18:45,926 - INFO - Pagina 437 (Modalidade: 8)
2026-03-07 18:18:45,926 - INFO - Requisicao (tentativa 1/5): https://pncp.gov.br/api/consulta/v1/contratacoes/publicacao
2026-03-07 18:18:46,241 - INFO - Requisicao bem-sucedida
2026-03-07 18:18:46,242 - INFO -   6 licitacoes TI nesta pagina
2026-03-07 18:18:46,242 - INFO -   Total: 2036 de 4411
2026-03-07 18:18:47,252 - INFO - Pagina 438 (Modalidade: 8)
2026-03-07 18:18:47,252 - INFO - Requisicao (tentativa 1/5): https://pncp.gov.br/api/consulta/v1/contratacoes/publicacao
2026-03-07 18:20:47,268 - WARNING - Timeout na requisicao (tentativa 1/5)
2026-03-07 18:20:49,270 - INFO - Requisicao (tentativa 2/5): https://pncp.gov.br/api/consulta/v1/contratacoes/publicacao
2026-03-07 18:20:50,065 - INFO - Requisicao bem-sucedida
2026-03-07 18:20:50,066 - INFO -   3 licitacoes TI nesta pagina
2026-03-07 18:20:50,067 - INFO -   Total: 2039 de 4421
2026-03-07 18:20:51,122 - INFO - Pagina 439 (Modalidade: 8)
2026-03-07 18:20:51,122 - INFO - Requisicao (tentativa 1/5): https://pncp.gov.br/api/consulta/v1/contratacoes/publicacao
2026-03-07 18:20:51,470 - INFO - Requisicao bem-sucedida
2026-03-07 18:20:51,474 - INFO -   4 licitacoes TI nesta pagina
2026-03-07 18:20:51,475 - INFO -   Total: 2043 de 4431
2026-03-07 18:20:52,475 - INFO - Pagina 440 (Modalidade: 8)
2026-03-07 18:20:52,475 - INFO - Requisicao (tentativa 1/5): https://pncp.gov.br/api/consulta/v1/contratacoes/publicacao
2026-03-07 18:20:53,204 - INFO - Requisicao bem-sucedida
2026-03-07 18:20:53,219 - INFO -   7 licitacoes TI nesta pagina
2026-03-07 18:20:53,220 - INFO -   Total: 2050 de 4441
2026-03-07 18:20:54,231 - INFO - Pagina 441 (Modalidade: 8)
2026-03-07 18:20:54,231 - INFO - Requisicao (tentativa 1/5): https://pncp.gov.br/api/consulta/v1/contratacoes/publicacao
2026-03-07 18:20:54,503 - INFO - Requisicao bem-sucedida
2026-03-07 18:20:54,504 - INFO -   5 licitacoes TI nesta pagina
2026-03-07 18:20:54,505 - INFO -   Total: 2055 de 4451
2026-03-07 18:20:55,515 - INFO - Pagina 442 (Modalidade: 8)
2026-03-07 18:20:55,520 - INFO - Requisicao (tentativa 1/5): https://pncp.gov.br/api/consulta/v1/contratacoes/publicacao
2026-03-07 18:20:56,113 - INFO - Requisicao bem-sucedida
2026-03-07 18:20:56,115 - INFO -   5 licitacoes TI nesta pagina
2026-03-07 18:20:56,116 - INFO -   Total: 2060 de 4461
2026-03-07 18:20:57,123 - INFO - Pagina 443 (Modalidade: 8)
2026-03-07 18:20:57,124 - INFO - Requisicao (tentativa 1/5): https://pncp.gov.br/api/consulta/v1/contratacoes/publicacao
2026-03-07 18:20:57,710 - INFO - Requisicao bem-sucedida
2026-03-07 18:20:57,711 - INFO -   7 licitacoes TI nesta pagina
2026-03-07 18:20:57,712 - INFO -   Total: 2067 de 4471
2026-03-07 18:20:58,720 - INFO - Pagina 444 (Modalidade: 8)
2026-03-07 18:20:58,802 - INFO - Requisicao (tentativa 1/5): https://pncp.gov.br/api/consulta/v1/contratacoes/publicacao
2026-03-07 18:20:59,390 - INFO - Requisicao bem-sucedida
2026-03-07 18:20:59,392 - INFO -   6 licitacoes TI nesta pagina
2026-03-07 18:20:59,392 - INFO -   Total: 2073 de 4481
2026-03-07 18:21:00,403 - INFO - Pagina 445 (Modalidade: 8)
2026-03-07 18:21:00,404 - INFO - Requisicao (tentativa 1/5): https://pncp.gov.br/api/consulta/v1/contratacoes/publicacao
2026-03-07 18:21:00,994 - INFO - Requisicao bem-sucedida
2026-03-07 18:21:01,016 - INFO -   5 licitacoes TI nesta pagina
2026-03-07 18:21:01,029 - INFO -   Total: 2078 de 4491
2026-03-07 18:21:02,034 - INFO - Pagina 446 (Modalidade: 8)
2026-03-07 18:21:02,035 - INFO - Requisicao (tentativa 1/5): https://pncp.gov.br/api/consulta/v1/contratacoes/publicacao
2026-03-07 18:21:02,645 - INFO - Requisicao bem-sucedida
2026-03-07 18:21:02,646 - INFO -   5 licitacoes TI nesta pagina
2026-03-07 18:21:02,646 - INFO -   Total: 2083 de 4501
2026-03-07 18:21:03,652 - INFO - Pagina 447 (Modalidade: 8)
2026-03-07 18:21:03,663 - INFO - Requisicao (tentativa 1/5): https://pncp.gov.br/api/consulta/v1/contratacoes/publicacao
2026-03-07 18:23:03,673 - WARNING - Timeout na requisicao (tentativa 1/5)
2026-03-07 18:23:05,678 - INFO - Requisicao (tentativa 2/5): https://pncp.gov.br/api/consulta/v1/contratacoes/publicacao
2026-03-07 18:25:05,928 - WARNING - Timeout na requisicao (tentativa 2/5)
2026-03-07 18:25:07,941 - INFO - Requisicao (tentativa 3/5): https://pncp.gov.br/api/consulta/v1/contratacoes/publicacao
2026-03-07 18:27:08,121 - WARNING - Timeout na requisicao (tentativa 3/5)
2026-03-07 18:27:10,129 - INFO - Requisicao (tentativa 4/5): https://pncp.gov.br/api/consulta/v1/contratacoes/publicacao
2026-03-07 18:27:10,599 - INFO - Requisicao bem-sucedida
2026-03-07 18:27:10,601 - INFO -   4 licitacoes TI nesta pagina
2026-03-07 18:27:10,601 - INFO -   Total: 2087 de 4511
2026-03-07 18:27:11,604 - INFO - Pagina 448 (Modalidade: 8)
2026-03-07 18:27:11,605 - INFO - Requisicao (tentativa 1/5): https://pncp.gov.br/api/consulta/v1/contratacoes/publicacao
2026-03-07 18:27:12,056 - INFO - Requisicao bem-sucedida
2026-03-07 18:27:12,058 - INFO -   7 licitacoes TI nesta pagina
2026-03-07 18:27:12,059 - INFO -   Total: 2094 de 4521
2026-03-07 18:27:13,060 - INFO - Pagina 449 (Modalidade: 8)
2026-03-07 18:27:13,060 - INFO - Requisicao (tentativa 1/5): https://pncp.gov.br/api/consulta/v1/contratacoes/publicacao
2026-03-07 18:27:13,326 - INFO - Requisicao bem-sucedida
2026-03-07 18:27:13,326 - INFO -   7 licitacoes TI nesta pagina
2026-03-07 18:27:13,326 - INFO -   Total: 2101 de 4531
2026-03-07 18:27:14,331 - INFO - Pagina 450 (Modalidade: 8)
2026-03-07 18:27:14,331 - INFO - Requisicao (tentativa 1/5): https://pncp.gov.br/api/consulta/v1/contratacoes/publicacao
2026-03-07 18:27:14,563 - INFO - Requisicao bem-sucedida
2026-03-07 18:27:14,564 - INFO -   6 licitacoes TI nesta pagina
2026-03-07 18:27:14,567 - INFO -   Total: 2107 de 4541
2026-03-07 18:27:15,571 - INFO - Pagina 451 (Modalidade: 8)
2026-03-07 18:27:15,571 - INFO - Requisicao (tentativa 1/5): https://pncp.gov.br/api/consulta/v1/contratacoes/publicacao
2026-03-07 18:27:16,122 - INFO - Requisicao bem-sucedida
2026-03-07 18:27:16,123 - INFO -   5 licitacoes TI nesta pagina
2026-03-07 18:27:16,123 - INFO -   Total: 2112 de 4551
2026-03-07 18:27:17,132 - INFO - Pagina 452 (Modalidade: 8)
2026-03-07 18:27:17,133 - INFO - Requisicao (tentativa 1/5): https://pncp.gov.br/api/consulta/v1/contratacoes/publicacao
2026-03-07 18:27:17,421 - INFO - Requisicao bem-sucedida
2026-03-07 18:27:17,423 - INFO -   4 licitacoes TI nesta pagina
2026-03-07 18:27:17,423 - INFO -   Total: 2116 de 4561
2026-03-07 18:27:18,430 - INFO - Pagina 453 (Modalidade: 8)
2026-03-07 18:27:18,430 - INFO - Requisicao (tentativa 1/5): https://pncp.gov.br/api/consulta/v1/contratacoes/publicacao
2026-03-07 18:27:18,998 - INFO - Requisicao bem-sucedida
2026-03-07 18:27:18,999 - INFO -   4 licitacoes TI nesta pagina
2026-03-07 18:27:19,000 - INFO -   Total: 2120 de 4571
2026-03-07 18:27:20,015 - INFO - Pagina 454 (Modalidade: 8)
2026-03-07 18:27:20,016 - INFO - Requisicao (tentativa 1/5): https://pncp.gov.br/api/consulta/v1/contratacoes/publicacao
2026-03-07 18:27:20,676 - INFO - Requisicao bem-sucedida
2026-03-07 18:27:20,682 - INFO -   2 licitacoes TI nesta pagina
2026-03-07 18:27:20,684 - INFO -   Total: 2122 de 4581
2026-03-07 18:27:21,694 - INFO - Pagina 455 (Modalidade: 8)
2026-03-07 18:27:21,695 - INFO - Requisicao (tentativa 1/5): https://pncp.gov.br/api/consulta/v1/contratacoes/publicacao
2026-03-07 18:27:21,930 - INFO - Requisicao bem-sucedida
2026-03-07 18:27:21,931 - INFO -   6 licitacoes TI nesta pagina
2026-03-07 18:27:21,932 - INFO -   Total: 2128 de 4591
2026-03-07 18:27:22,946 - INFO - Pagina 456 (Modalidade: 8)
2026-03-07 18:27:22,946 - INFO - Requisicao (tentativa 1/5): https://pncp.gov.br/api/consulta/v1/contratacoes/publicacao
2026-03-07 18:27:23,201 - INFO - Requisicao bem-sucedida
2026-03-07 18:27:23,203 - INFO -   5 licitacoes TI nesta pagina
2026-03-07 18:27:23,203 - INFO -   Total: 2133 de 4601
2026-03-07 18:27:24,211 - INFO - Pagina 457 (Modalidade: 8)
2026-03-07 18:27:24,216 - INFO - Requisicao (tentativa 1/5): https://pncp.gov.br/api/consulta/v1/contratacoes/publicacao
2026-03-07 18:27:24,799 - INFO - Requisicao bem-sucedida
2026-03-07 18:27:24,806 - INFO -   3 licitacoes TI nesta pagina
2026-03-07 18:27:24,807 - INFO -   Total: 2136 de 4611
2026-03-07 18:27:25,812 - INFO - Pagina 458 (Modalidade: 8)
2026-03-07 18:27:25,828 - INFO - Requisicao (tentativa 1/5): https://pncp.gov.br/api/consulta/v1/contratacoes/publicacao
2026-03-07 18:27:26,315 - INFO - Requisicao bem-sucedida
2026-03-07 18:27:26,322 - INFO -   4 licitacoes TI nesta pagina
2026-03-07 18:27:26,323 - INFO -   Total: 2140 de 4621
2026-03-07 18:27:27,327 - INFO - Pagina 459 (Modalidade: 8)
2026-03-07 18:27:27,355 - INFO - Requisicao (tentativa 1/5): https://pncp.gov.br/api/consulta/v1/contratacoes/publicacao
2026-03-07 18:27:27,648 - INFO - Requisicao bem-sucedida
2026-03-07 18:27:27,651 - INFO -   5 licitacoes TI nesta pagina
2026-03-07 18:27:27,651 - INFO -   Total: 2145 de 4631
2026-03-07 18:27:28,652 - INFO - Pagina 460 (Modalidade: 8)
2026-03-07 18:27:28,657 - INFO - Requisicao (tentativa 1/5): https://pncp.gov.br/api/consulta/v1/contratacoes/publicacao
2026-03-07 18:27:29,157 - INFO - Requisicao bem-sucedida
2026-03-07 18:27:29,158 - INFO -   8 licitacoes TI nesta pagina
2026-03-07 18:27:29,160 - INFO -   Total: 2153 de 4641
2026-03-07 18:27:30,172 - INFO - Pagina 461 (Modalidade: 8)
2026-03-07 18:27:30,174 - INFO - Requisicao (tentativa 1/5): https://pncp.gov.br/api/consulta/v1/contratacoes/publicacao
2026-03-07 18:27:30,830 - INFO - Requisicao bem-sucedida
2026-03-07 18:27:30,837 - INFO -   3 licitacoes TI nesta pagina
2026-03-07 18:27:30,838 - INFO -   Total: 2156 de 4651
2026-03-07 18:27:31,844 - INFO - Pagina 462 (Modalidade: 8)
2026-03-07 18:27:31,851 - INFO - Requisicao (tentativa 1/5): https://pncp.gov.br/api/consulta/v1/contratacoes/publicacao
2026-03-07 18:27:32,437 - INFO - Requisicao bem-sucedida
2026-03-07 18:27:32,440 - INFO -   6 licitacoes TI nesta pagina
2026-03-07 18:27:32,440 - INFO -   Total: 2162 de 4661
2026-03-07 18:27:33,442 - INFO - Pagina 463 (Modalidade: 8)
2026-03-07 18:27:33,449 - INFO - Requisicao (tentativa 1/5): https://pncp.gov.br/api/consulta/v1/contratacoes/publicacao
2026-03-07 18:27:34,237 - INFO - Requisicao bem-sucedida
2026-03-07 18:27:34,253 - INFO -   2 licitacoes TI nesta pagina
2026-03-07 18:27:34,253 - INFO -   Total: 2164 de 4671
2026-03-07 18:27:35,256 - INFO - Pagina 464 (Modalidade: 8)
2026-03-07 18:27:35,257 - INFO - Requisicao (tentativa 1/5): https://pncp.gov.br/api/consulta/v1/contratacoes/publicacao
2026-03-07 18:27:35,539 - INFO - Requisicao bem-sucedida
2026-03-07 18:27:35,544 - INFO -   5 licitacoes TI nesta pagina
2026-03-07 18:27:35,544 - INFO -   Total: 2169 de 4681
2026-03-07 18:27:36,557 - INFO - Pagina 465 (Modalidade: 8)
2026-03-07 18:27:36,558 - INFO - Requisicao (tentativa 1/5): https://pncp.gov.br/api/consulta/v1/contratacoes/publicacao
2026-03-07 18:27:36,946 - INFO - Requisicao bem-sucedida
2026-03-07 18:27:36,948 - INFO -   7 licitacoes TI nesta pagina
2026-03-07 18:27:36,950 - INFO -   Total: 2176 de 4691
2026-03-07 18:27:37,950 - INFO - Pagina 466 (Modalidade: 8)
2026-03-07 18:27:37,951 - INFO - Requisicao (tentativa 1/5): https://pncp.gov.br/api/consulta/v1/contratacoes/publicacao
2026-03-07 18:27:38,262 - INFO - Requisicao bem-sucedida
2026-03-07 18:27:38,264 - INFO -   5 licitacoes TI nesta pagina
2026-03-07 18:27:38,264 - INFO -   Total: 2181 de 4701
2026-03-07 18:27:39,276 - INFO - Pagina 467 (Modalidade: 8)
2026-03-07 18:27:39,276 - INFO - Requisicao (tentativa 1/5): https://pncp.gov.br/api/consulta/v1/contratacoes/publicacao
2026-03-07 18:27:39,880 - INFO - Requisicao bem-sucedida
2026-03-07 18:27:39,881 - INFO -   4 licitacoes TI nesta pagina
2026-03-07 18:27:39,881 - INFO -   Total: 2185 de 4711
2026-03-07 18:27:40,887 - INFO - Pagina 468 (Modalidade: 8)
2026-03-07 18:27:40,888 - INFO - Requisicao (tentativa 1/5): https://pncp.gov.br/api/consulta/v1/contratacoes/publicacao
2026-03-07 18:29:40,908 - WARNING - Timeout na requisicao (tentativa 1/5)
2026-03-07 18:29:42,910 - INFO - Requisicao (tentativa 2/5): https://pncp.gov.br/api/consulta/v1/contratacoes/publicacao
2026-03-07 18:29:43,267 - INFO - Requisicao bem-sucedida
2026-03-07 18:29:43,268 - INFO -   5 licitacoes TI nesta pagina
2026-03-07 18:29:43,269 - INFO -   Total: 2190 de 4721
2026-03-07 18:29:44,276 - INFO - Pagina 469 (Modalidade: 8)
2026-03-07 18:29:44,277 - INFO - Requisicao (tentativa 1/5): https://pncp.gov.br/api/consulta/v1/contratacoes/publicacao
2026-03-07 18:31:44,292 - WARNING - Timeout na requisicao (tentativa 1/5)
2026-03-07 18:31:46,301 - INFO - Requisicao (tentativa 2/5): https://pncp.gov.br/api/consulta/v1/contratacoes/publicacao
2026-03-07 18:31:46,705 - INFO - Requisicao bem-sucedida
2026-03-07 18:31:46,706 - INFO -   5 licitacoes TI nesta pagina
2026-03-07 18:31:46,707 - INFO -   Total: 2195 de 4731
2026-03-07 18:31:47,707 - INFO - Pagina 470 (Modalidade: 8)
2026-03-07 18:31:47,708 - INFO - Requisicao (tentativa 1/5): https://pncp.gov.br/api/consulta/v1/contratacoes/publicacao
2026-03-07 18:31:47,970 - INFO - Requisicao bem-sucedida
2026-03-07 18:31:47,972 - INFO -   6 licitacoes TI nesta pagina
2026-03-07 18:31:47,973 - INFO -   Total: 2201 de 4741
2026-03-07 18:31:48,980 - INFO - Pagina 471 (Modalidade: 8)
2026-03-07 18:31:48,981 - INFO - Requisicao (tentativa 1/5): https://pncp.gov.br/api/consulta/v1/contratacoes/publicacao
2026-03-07 18:31:49,239 - INFO - Requisicao bem-sucedida
2026-03-07 18:31:49,240 - INFO -   5 licitacoes TI nesta pagina
2026-03-07 18:31:49,240 - INFO -   Total: 2206 de 4751
2026-03-07 18:31:50,243 - INFO - Pagina 472 (Modalidade: 8)
2026-03-07 18:31:50,244 - INFO - Requisicao (tentativa 1/5): https://pncp.gov.br/api/consulta/v1/contratacoes/publicacao
2026-03-07 18:31:50,501 - INFO - Requisicao bem-sucedida
2026-03-07 18:31:50,502 - INFO -   1 licitacoes TI nesta pagina
2026-03-07 18:31:50,502 - INFO -   Total: 2207 de 4761
2026-03-07 18:31:51,504 - INFO - Pagina 473 (Modalidade: 8)
2026-03-07 18:31:51,504 - INFO - Requisicao (tentativa 1/5): https://pncp.gov.br/api/consulta/v1/contratacoes/publicacao
2026-03-07 18:31:51,752 - INFO - Requisicao bem-sucedida
2026-03-07 18:31:51,754 - INFO -   6 licitacoes TI nesta pagina
2026-03-07 18:31:51,755 - INFO -   Total: 2213 de 4771
2026-03-07 18:31:52,768 - INFO - Pagina 474 (Modalidade: 8)
2026-03-07 18:31:52,769 - INFO - Requisicao (tentativa 1/5): https://pncp.gov.br/api/consulta/v1/contratacoes/publicacao
2026-03-07 18:31:53,035 - INFO - Requisicao bem-sucedida
2026-03-07 18:31:53,038 - INFO -   4 licitacoes TI nesta pagina
2026-03-07 18:31:53,038 - INFO -   Total: 2217 de 4781
2026-03-07 18:31:54,045 - INFO - Pagina 475 (Modalidade: 8)
2026-03-07 18:31:54,046 - INFO - Requisicao (tentativa 1/5): https://pncp.gov.br/api/consulta/v1/contratacoes/publicacao
2026-03-07 18:31:54,634 - INFO - Requisicao bem-sucedida
2026-03-07 18:31:54,636 - INFO -   6 licitacoes TI nesta pagina
2026-03-07 18:31:54,637 - INFO -   Total: 2223 de 4791
2026-03-07 18:31:55,647 - INFO - Pagina 476 (Modalidade: 8)
2026-03-07 18:31:55,648 - INFO - Requisicao (tentativa 1/5): https://pncp.gov.br/api/consulta/v1/contratacoes/publicacao
2026-03-07 18:31:55,897 - INFO - Requisicao bem-sucedida
2026-03-07 18:31:55,898 - INFO -   4 licitacoes TI nesta pagina
2026-03-07 18:31:55,898 - INFO -   Total: 2227 de 4801
2026-03-07 18:31:56,900 - INFO - Pagina 477 (Modalidade: 8)
2026-03-07 18:31:56,901 - INFO - Requisicao (tentativa 1/5): https://pncp.gov.br/api/consulta/v1/contratacoes/publicacao
2026-03-07 18:31:57,437 - INFO - Requisicao bem-sucedida
2026-03-07 18:31:57,442 - INFO -   2 licitacoes TI nesta pagina
2026-03-07 18:31:57,442 - INFO -   Total: 2229 de 4811
2026-03-07 18:31:58,448 - INFO - Pagina 478 (Modalidade: 8)
2026-03-07 18:31:58,449 - INFO - Requisicao (tentativa 1/5): https://pncp.gov.br/api/consulta/v1/contratacoes/publicacao
2026-03-07 18:31:59,177 - INFO - Requisicao bem-sucedida
2026-03-07 18:31:59,178 - INFO -   8 licitacoes TI nesta pagina
2026-03-07 18:31:59,178 - INFO -   Total: 2237 de 4821
2026-03-07 18:32:00,183 - INFO - Pagina 479 (Modalidade: 8)
2026-03-07 18:32:00,184 - INFO - Requisicao (tentativa 1/5): https://pncp.gov.br/api/consulta/v1/contratacoes/publicacao
2026-03-07 18:32:01,219 - INFO - Requisicao bem-sucedida
2026-03-07 18:32:01,220 - INFO -   6 licitacoes TI nesta pagina
2026-03-07 18:32:01,220 - INFO -   Total: 2243 de 4831
2026-03-07 18:32:02,234 - INFO - Pagina 480 (Modalidade: 8)
2026-03-07 18:32:02,234 - INFO - Requisicao (tentativa 1/5): https://pncp.gov.br/api/consulta/v1/contratacoes/publicacao
2026-03-07 18:32:02,707 - INFO - Requisicao bem-sucedida
2026-03-07 18:32:02,708 - INFO -   5 licitacoes TI nesta pagina
2026-03-07 18:32:02,709 - INFO -   Total: 2248 de 4841
2026-03-07 18:32:03,712 - INFO - Pagina 481 (Modalidade: 8)
2026-03-07 18:32:03,712 - INFO - Requisicao (tentativa 1/5): https://pncp.gov.br/api/consulta/v1/contratacoes/publicacao
2026-03-07 18:32:04,592 - INFO - Requisicao bem-sucedida
2026-03-07 18:32:04,593 - INFO -   5 licitacoes TI nesta pagina
2026-03-07 18:32:04,594 - INFO -   Total: 2253 de 4851
2026-03-07 18:32:05,605 - INFO - Pagina 482 (Modalidade: 8)
2026-03-07 18:32:05,610 - INFO - Requisicao (tentativa 1/5): https://pncp.gov.br/api/consulta/v1/contratacoes/publicacao
2026-03-07 18:32:06,100 - INFO - Requisicao bem-sucedida
2026-03-07 18:32:06,102 - INFO -   5 licitacoes TI nesta pagina
2026-03-07 18:32:06,103 - INFO -   Total: 2258 de 4861
2026-03-07 18:32:07,114 - INFO - Pagina 483 (Modalidade: 8)
2026-03-07 18:32:07,115 - INFO - Requisicao (tentativa 1/5): https://pncp.gov.br/api/consulta/v1/contratacoes/publicacao
2026-03-07 18:32:07,546 - INFO - Requisicao bem-sucedida
2026-03-07 18:32:07,547 - INFO -   5 licitacoes TI nesta pagina
2026-03-07 18:32:07,547 - INFO -   Total: 2263 de 4871
2026-03-07 18:32:08,554 - INFO - Pagina 484 (Modalidade: 8)
2026-03-07 18:32:08,554 - INFO - Requisicao (tentativa 1/5): https://pncp.gov.br/api/consulta/v1/contratacoes/publicacao
2026-03-07 18:32:08,996 - INFO - Requisicao bem-sucedida
2026-03-07 18:32:08,997 - INFO -   4 licitacoes TI nesta pagina
2026-03-07 18:32:08,998 - INFO -   Total: 2267 de 4881
2026-03-07 18:32:10,010 - INFO - Pagina 485 (Modalidade: 8)
2026-03-07 18:32:10,010 - INFO - Requisicao (tentativa 1/5): https://pncp.gov.br/api/consulta/v1/contratacoes/publicacao
2026-03-07 18:32:11,016 - INFO - Requisicao bem-sucedida
2026-03-07 18:32:11,017 - INFO -   5 licitacoes TI nesta pagina
2026-03-07 18:32:11,018 - INFO -   Total: 2272 de 4891
2026-03-07 18:32:12,025 - INFO - Pagina 486 (Modalidade: 8)
2026-03-07 18:32:12,025 - INFO - Requisicao (tentativa 1/5): https://pncp.gov.br/api/consulta/v1/contratacoes/publicacao
2026-03-07 18:32:12,354 - INFO - Requisicao bem-sucedida
2026-03-07 18:32:12,355 - INFO -   5 licitacoes TI nesta pagina
2026-03-07 18:32:12,356 - INFO -   Total: 2277 de 4901
2026-03-07 18:32:13,371 - INFO - Pagina 487 (Modalidade: 8)
2026-03-07 18:32:13,371 - INFO - Requisicao (tentativa 1/5): https://pncp.gov.br/api/consulta/v1/contratacoes/publicacao
2026-03-07 18:32:14,312 - INFO - Requisicao bem-sucedida
2026-03-07 18:32:14,315 - INFO -   5 licitacoes TI nesta pagina
2026-03-07 18:32:14,315 - INFO -   Total: 2282 de 4911
2026-03-07 18:32:15,318 - INFO - Pagina 488 (Modalidade: 8)
2026-03-07 18:32:15,318 - INFO - Requisicao (tentativa 1/5): https://pncp.gov.br/api/consulta/v1/contratacoes/publicacao
2026-03-07 18:32:16,503 - INFO - Requisicao bem-sucedida
2026-03-07 18:32:16,505 - INFO -   6 licitacoes TI nesta pagina
2026-03-07 18:32:16,505 - INFO -   Total: 2288 de 4921
2026-03-07 18:32:17,520 - INFO - Pagina 489 (Modalidade: 8)
2026-03-07 18:32:17,520 - INFO - Requisicao (tentativa 1/5): https://pncp.gov.br/api/consulta/v1/contratacoes/publicacao
2026-03-07 18:32:18,182 - INFO - Requisicao bem-sucedida
2026-03-07 18:32:18,183 - INFO -   4 licitacoes TI nesta pagina
2026-03-07 18:32:18,184 - INFO -   Total: 2292 de 4931
2026-03-07 18:32:19,195 - INFO - Pagina 490 (Modalidade: 8)
2026-03-07 18:32:19,195 - INFO - Requisicao (tentativa 1/5): https://pncp.gov.br/api/consulta/v1/contratacoes/publicacao
2026-03-07 18:32:19,440 - INFO - Requisicao bem-sucedida
2026-03-07 18:32:19,441 - INFO -   1 licitacoes TI nesta pagina
2026-03-07 18:32:19,441 - INFO -   Total: 2293 de 4941
2026-03-07 18:32:20,442 - INFO - Pagina 491 (Modalidade: 8)
2026-03-07 18:32:20,443 - INFO - Requisicao (tentativa 1/5): https://pncp.gov.br/api/consulta/v1/contratacoes/publicacao
2026-03-07 18:32:20,712 - INFO - Requisicao bem-sucedida
2026-03-07 18:32:20,714 - INFO -   2 licitacoes TI nesta pagina
2026-03-07 18:32:20,715 - INFO -   Total: 2295 de 4951
2026-03-07 18:32:21,717 - INFO - Pagina 492 (Modalidade: 8)
2026-03-07 18:32:21,718 - INFO - Requisicao (tentativa 1/5): https://pncp.gov.br/api/consulta/v1/contratacoes/publicacao
2026-03-07 18:34:21,738 - WARNING - Timeout na requisicao (tentativa 1/5)
2026-03-07 18:34:23,743 - INFO - Requisicao (tentativa 2/5): https://pncp.gov.br/api/consulta/v1/contratacoes/publicacao
2026-03-07 18:36:24,231 - WARNING - Timeout na requisicao (tentativa 2/5)
2026-03-07 18:36:26,236 - INFO - Requisicao (tentativa 3/5): https://pncp.gov.br/api/consulta/v1/contratacoes/publicacao
2026-03-07 18:36:26,725 - INFO - Requisicao bem-sucedida
2026-03-07 18:36:26,726 - INFO -   4 licitacoes TI nesta pagina
2026-03-07 18:36:26,726 - INFO -   Total: 2299 de 4961
2026-03-07 18:36:27,732 - INFO - Pagina 493 (Modalidade: 8)
2026-03-07 18:36:27,734 - INFO - Requisicao (tentativa 1/5): https://pncp.gov.br/api/consulta/v1/contratacoes/publicacao
2026-03-07 18:36:27,989 - INFO - Requisicao bem-sucedida
2026-03-07 18:36:27,991 - INFO -   4 licitacoes TI nesta pagina
2026-03-07 18:36:27,991 - INFO -   Total: 2303 de 4971
2026-03-07 18:36:28,996 - INFO - Pagina 494 (Modalidade: 8)
2026-03-07 18:36:28,996 - INFO - Requisicao (tentativa 1/5): https://pncp.gov.br/api/consulta/v1/contratacoes/publicacao
2026-03-07 18:36:29,251 - INFO - Requisicao bem-sucedida
2026-03-07 18:36:29,253 - INFO -   7 licitacoes TI nesta pagina
2026-03-07 18:36:29,253 - INFO -   Total: 2310 de 4981
2026-03-07 18:36:30,269 - INFO - Pagina 495 (Modalidade: 8)
2026-03-07 18:36:30,270 - INFO - Requisicao (tentativa 1/5): https://pncp.gov.br/api/consulta/v1/contratacoes/publicacao
2026-03-07 18:36:30,534 - INFO - Requisicao bem-sucedida
2026-03-07 18:36:30,537 - INFO -   5 licitacoes TI nesta pagina
2026-03-07 18:36:30,537 - INFO -   Total: 2315 de 4991
2026-03-07 18:36:31,541 - INFO - Pagina 496 (Modalidade: 8)
2026-03-07 18:36:31,541 - INFO - Requisicao (tentativa 1/5): https://pncp.gov.br/api/consulta/v1/contratacoes/publicacao
2026-03-07 18:38:31,552 - WARNING - Timeout na requisicao (tentativa 1/5)
2026-03-07 18:38:33,553 - INFO - Requisicao (tentativa 2/5): https://pncp.gov.br/api/consulta/v1/contratacoes/publicacao
2026-03-07 18:38:33,939 - INFO - Requisicao bem-sucedida
2026-03-07 18:38:33,940 - INFO -   7 licitacoes TI nesta pagina
2026-03-07 18:38:33,940 - INFO -   Total: 2322 de 5001
2026-03-07 18:38:34,953 - INFO - Pagina 497 (Modalidade: 8)
2026-03-07 18:38:34,954 - INFO - Requisicao (tentativa 1/5): https://pncp.gov.br/api/consulta/v1/contratacoes/publicacao
2026-03-07 18:38:35,522 - INFO - Requisicao bem-sucedida
2026-03-07 18:38:35,524 - INFO -   3 licitacoes TI nesta pagina
2026-03-07 18:38:35,524 - INFO -   Total: 2325 de 5011
2026-03-07 18:38:36,534 - INFO - Pagina 498 (Modalidade: 8)
2026-03-07 18:38:36,534 - INFO - Requisicao (tentativa 1/5): https://pncp.gov.br/api/consulta/v1/contratacoes/publicacao
2026-03-07 18:38:37,110 - INFO - Requisicao bem-sucedida
2026-03-07 18:38:37,111 - INFO -   3 licitacoes TI nesta pagina
2026-03-07 18:38:37,112 - INFO -   Total: 2328 de 5021
2026-03-07 18:38:38,126 - INFO - Pagina 499 (Modalidade: 8)
2026-03-07 18:38:38,126 - INFO - Requisicao (tentativa 1/5): https://pncp.gov.br/api/consulta/v1/contratacoes/publicacao
2026-03-07 18:38:38,387 - INFO - Requisicao bem-sucedida
2026-03-07 18:38:38,389 - INFO -   7 licitacoes TI nesta pagina
2026-03-07 18:38:38,389 - INFO -   Total: 2335 de 5031
2026-03-07 18:38:39,392 - INFO - Pagina 500 (Modalidade: 8)
2026-03-07 18:38:39,394 - INFO - Requisicao (tentativa 1/5): https://pncp.gov.br/api/consulta/v1/contratacoes/publicacao
2026-03-07 18:38:39,739 - INFO - Requisicao bem-sucedida
2026-03-07 18:38:39,742 - INFO -   8 licitacoes TI nesta pagina
2026-03-07 18:38:39,742 - INFO -   Total: 2343 de 5041
2026-03-07 18:38:40,753 - INFO - Pagina 501 (Modalidade: 8)
2026-03-07 18:38:40,754 - INFO - Requisicao (tentativa 1/5): https://pncp.gov.br/api/consulta/v1/contratacoes/publicacao
2026-03-07 18:40:40,768 - WARNING - Timeout na requisicao (tentativa 1/5)
2026-03-07 18:40:42,802 - INFO - Requisicao (tentativa 2/5): https://pncp.gov.br/api/consulta/v1/contratacoes/publicacao
2026-03-07 18:40:43,221 - INFO - Requisicao bem-sucedida
2026-03-07 18:40:43,222 - INFO -   6 licitacoes TI nesta pagina
2026-03-07 18:40:43,223 - INFO -   Total: 2349 de 5051
2026-03-07 18:40:44,233 - INFO - Pagina 502 (Modalidade: 8)
2026-03-07 18:40:44,269 - INFO - Requisicao (tentativa 1/5): https://pncp.gov.br/api/consulta/v1/contratacoes/publicacao
2026-03-07 18:40:44,539 - INFO - Requisicao bem-sucedida
2026-03-07 18:40:44,540 - INFO -   1 licitacoes TI nesta pagina
2026-03-07 18:40:44,541 - INFO -   Total: 2350 de 5061
2026-03-07 18:40:45,542 - INFO - Pagina 503 (Modalidade: 8)
2026-03-07 18:40:45,543 - INFO - Requisicao (tentativa 1/5): https://pncp.gov.br/api/consulta/v1/contratacoes/publicacao
2026-03-07 18:40:46,263 - INFO - Requisicao bem-sucedida
2026-03-07 18:40:46,266 - INFO -   4 licitacoes TI nesta pagina
2026-03-07 18:40:46,267 - INFO -   Total: 2354 de 5071
2026-03-07 18:40:47,279 - INFO - Pagina 504 (Modalidade: 8)
2026-03-07 18:40:47,293 - INFO - Requisicao (tentativa 1/5): https://pncp.gov.br/api/consulta/v1/contratacoes/publicacao
2026-03-07 18:40:47,765 - INFO - Requisicao bem-sucedida
2026-03-07 18:40:47,768 - INFO -   4 licitacoes TI nesta pagina
2026-03-07 18:40:47,768 - INFO -   Total: 2358 de 5081
2026-03-07 18:40:48,775 - INFO - Pagina 505 (Modalidade: 8)
2026-03-07 18:40:48,776 - INFO - Requisicao (tentativa 1/5): https://pncp.gov.br/api/consulta/v1/contratacoes/publicacao
2026-03-07 18:40:49,390 - INFO - Requisicao bem-sucedida
2026-03-07 18:40:49,391 - INFO -   4 licitacoes TI nesta pagina
2026-03-07 18:40:49,391 - INFO -   Total: 2362 de 5091
2026-03-07 18:40:50,394 - INFO - Pagina 506 (Modalidade: 8)
2026-03-07 18:40:50,395 - INFO - Requisicao (tentativa 1/5): https://pncp.gov.br/api/consulta/v1/contratacoes/publicacao
2026-03-07 18:40:50,644 - INFO - Requisicao bem-sucedida
2026-03-07 18:40:50,655 - INFO -   4 licitacoes TI nesta pagina
2026-03-07 18:40:50,655 - INFO -   Total: 2366 de 5101
2026-03-07 18:40:51,666 - INFO - Pagina 507 (Modalidade: 8)
2026-03-07 18:40:51,668 - INFO - Requisicao (tentativa 1/5): https://pncp.gov.br/api/consulta/v1/contratacoes/publicacao
2026-03-07 18:40:52,293 - INFO - Requisicao bem-sucedida
2026-03-07 18:40:52,296 - INFO -   6 licitacoes TI nesta pagina
2026-03-07 18:40:52,298 - INFO -   Total: 2372 de 5111
2026-03-07 18:40:53,313 - INFO - Pagina 508 (Modalidade: 8)
2026-03-07 18:40:53,313 - INFO - Requisicao (tentativa 1/5): https://pncp.gov.br/api/consulta/v1/contratacoes/publicacao
2026-03-07 18:42:53,322 - WARNING - Timeout na requisicao (tentativa 1/5)
2026-03-07 18:42:55,332 - INFO - Requisicao (tentativa 2/5): https://pncp.gov.br/api/consulta/v1/contratacoes/publicacao
2026-03-07 18:42:56,081 - INFO - Requisicao bem-sucedida
2026-03-07 18:42:56,084 - INFO -   5 licitacoes TI nesta pagina
2026-03-07 18:42:56,085 - INFO -   Total: 2377 de 5121
2026-03-07 18:42:57,093 - INFO - Pagina 509 (Modalidade: 8)
2026-03-07 18:42:57,099 - INFO - Requisicao (tentativa 1/5): https://pncp.gov.br/api/consulta/v1/contratacoes/publicacao
2026-03-07 18:42:57,642 - INFO - Requisicao bem-sucedida
2026-03-07 18:42:57,650 - INFO -   4 licitacoes TI nesta pagina
2026-03-07 18:42:57,650 - INFO -   Total: 2381 de 5131
2026-03-07 18:42:58,666 - INFO - Pagina 510 (Modalidade: 8)
2026-03-07 18:42:58,669 - INFO - Requisicao (tentativa 1/5): https://pncp.gov.br/api/consulta/v1/contratacoes/publicacao
2026-03-07 18:42:58,908 - INFO - Requisicao bem-sucedida
2026-03-07 18:42:58,910 - INFO -   3 licitacoes TI nesta pagina
2026-03-07 18:42:58,910 - INFO -   Total: 2384 de 5141
2026-03-07 18:42:59,919 - INFO - Pagina 511 (Modalidade: 8)
2026-03-07 18:42:59,921 - INFO - Requisicao (tentativa 1/5): https://pncp.gov.br/api/consulta/v1/contratacoes/publicacao
2026-03-07 18:43:00,213 - INFO - Requisicao bem-sucedida
2026-03-07 18:43:00,214 - INFO -   4 licitacoes TI nesta pagina
2026-03-07 18:43:00,214 - INFO -   Total: 2388 de 5151
2026-03-07 18:43:01,224 - INFO - Pagina 512 (Modalidade: 8)
2026-03-07 18:43:01,225 - INFO - Requisicao (tentativa 1/5): https://pncp.gov.br/api/consulta/v1/contratacoes/publicacao
2026-03-07 18:43:01,924 - INFO - Requisicao bem-sucedida
2026-03-07 18:43:01,927 - INFO -   5 licitacoes TI nesta pagina
2026-03-07 18:43:01,927 - INFO -   Total: 2393 de 5161
2026-03-07 18:43:02,939 - INFO - Pagina 513 (Modalidade: 8)
2026-03-07 18:43:02,945 - INFO - Requisicao (tentativa 1/5): https://pncp.gov.br/api/consulta/v1/contratacoes/publicacao
2026-03-07 18:43:03,520 - INFO - Requisicao bem-sucedida
2026-03-07 18:43:03,524 - INFO -   3 licitacoes TI nesta pagina
2026-03-07 18:43:03,525 - INFO -   Total: 2396 de 5171
2026-03-07 18:43:04,525 - INFO - Pagina 514 (Modalidade: 8)
2026-03-07 18:43:04,526 - INFO - Requisicao (tentativa 1/5): https://pncp.gov.br/api/consulta/v1/contratacoes/publicacao
2026-03-07 18:43:04,776 - INFO - Requisicao bem-sucedida
2026-03-07 18:43:04,777 - INFO -   2 licitacoes TI nesta pagina
2026-03-07 18:43:04,778 - INFO -   Total: 2398 de 5181
2026-03-07 18:43:05,779 - INFO - Pagina 515 (Modalidade: 8)
2026-03-07 18:43:05,779 - INFO - Requisicao (tentativa 1/5): https://pncp.gov.br/api/consulta/v1/contratacoes/publicacao
2026-03-07 18:43:06,030 - INFO - Requisicao bem-sucedida
2026-03-07 18:43:06,036 - INFO -   4 licitacoes TI nesta pagina
2026-03-07 18:43:06,037 - INFO -   Total: 2402 de 5191
2026-03-07 18:43:07,051 - INFO - Pagina 516 (Modalidade: 8)
2026-03-07 18:43:07,052 - INFO - Requisicao (tentativa 1/5): https://pncp.gov.br/api/consulta/v1/contratacoes/publicacao
2026-03-07 18:43:07,638 - INFO - Requisicao bem-sucedida
2026-03-07 18:43:07,650 - INFO -   5 licitacoes TI nesta pagina
2026-03-07 18:43:07,650 - INFO -   Total: 2407 de 5201
2026-03-07 18:43:08,665 - INFO - Pagina 517 (Modalidade: 8)
2026-03-07 18:43:08,666 - INFO - Requisicao (tentativa 1/5): https://pncp.gov.br/api/consulta/v1/contratacoes/publicacao
2026-03-07 18:43:09,225 - INFO - Requisicao bem-sucedida
2026-03-07 18:43:09,227 - INFO -   3 licitacoes TI nesta pagina
2026-03-07 18:43:09,228 - INFO -   Total: 2410 de 5211
2026-03-07 18:43:10,241 - INFO - Pagina 518 (Modalidade: 8)
2026-03-07 18:43:10,241 - INFO - Requisicao (tentativa 1/5): https://pncp.gov.br/api/consulta/v1/contratacoes/publicacao
2026-03-07 18:43:10,849 - INFO - Requisicao bem-sucedida
2026-03-07 18:43:10,851 - INFO -   4 licitacoes TI nesta pagina
2026-03-07 18:43:10,851 - INFO -   Total: 2414 de 5221
2026-03-07 18:43:11,855 - INFO - Pagina 519 (Modalidade: 8)
2026-03-07 18:43:11,856 - INFO - Requisicao (tentativa 1/5): https://pncp.gov.br/api/consulta/v1/contratacoes/publicacao
2026-03-07 18:43:12,399 - INFO - Requisicao bem-sucedida
2026-03-07 18:43:12,401 - INFO -   4 licitacoes TI nesta pagina
2026-03-07 18:43:12,401 - INFO -   Total: 2418 de 5231
2026-03-07 18:43:13,408 - INFO - Pagina 520 (Modalidade: 8)
2026-03-07 18:43:13,410 - INFO - Requisicao (tentativa 1/5): https://pncp.gov.br/api/consulta/v1/contratacoes/publicacao
2026-03-07 18:43:13,654 - INFO - Requisicao bem-sucedida
2026-03-07 18:43:13,656 - INFO -   5 licitacoes TI nesta pagina
2026-03-07 18:43:13,656 - INFO -   Total: 2423 de 5241
2026-03-07 18:43:14,665 - INFO - Pagina 521 (Modalidade: 8)
2026-03-07 18:43:14,665 - INFO - Requisicao (tentativa 1/5): https://pncp.gov.br/api/consulta/v1/contratacoes/publicacao
2026-03-07 18:45:14,689 - WARNING - Timeout na requisicao (tentativa 1/5)
2026-03-07 18:45:16,696 - INFO - Requisicao (tentativa 2/5): https://pncp.gov.br/api/consulta/v1/contratacoes/publicacao
2026-03-07 18:45:17,367 - INFO - Requisicao bem-sucedida
2026-03-07 18:45:17,370 - INFO -   2 licitacoes TI nesta pagina
2026-03-07 18:45:17,370 - INFO -   Total: 2425 de 5251
2026-03-07 18:45:18,375 - INFO - Pagina 522 (Modalidade: 8)
2026-03-07 18:45:18,375 - INFO - Requisicao (tentativa 1/5): https://pncp.gov.br/api/consulta/v1/contratacoes/publicacao
2026-03-07 18:45:18,927 - INFO - Requisicao bem-sucedida
2026-03-07 18:45:18,929 - INFO -   5 licitacoes TI nesta pagina
2026-03-07 18:45:18,931 - INFO -   Total: 2430 de 5261
2026-03-07 18:45:19,942 - INFO - Pagina 523 (Modalidade: 8)
2026-03-07 18:45:19,943 - INFO - Requisicao (tentativa 1/5): https://pncp.gov.br/api/consulta/v1/contratacoes/publicacao
2026-03-07 18:45:20,326 - INFO - Requisicao bem-sucedida
2026-03-07 18:45:20,327 - INFO -   5 licitacoes TI nesta pagina
2026-03-07 18:45:20,327 - INFO -   Total: 2435 de 5271
2026-03-07 18:45:21,335 - INFO - Pagina 524 (Modalidade: 8)
2026-03-07 18:45:21,336 - INFO - Requisicao (tentativa 1/5): https://pncp.gov.br/api/consulta/v1/contratacoes/publicacao
2026-03-07 18:45:21,801 - INFO - Requisicao bem-sucedida
2026-03-07 18:45:21,814 - INFO -   3 licitacoes TI nesta pagina
2026-03-07 18:45:21,815 - INFO -   Total: 2438 de 5281
2026-03-07 18:45:22,822 - INFO - Pagina 525 (Modalidade: 8)
2026-03-07 18:45:22,823 - INFO - Requisicao (tentativa 1/5): https://pncp.gov.br/api/consulta/v1/contratacoes/publicacao
2026-03-07 18:45:23,076 - INFO - Requisicao bem-sucedida
2026-03-07 18:45:23,077 - INFO -   3 licitacoes TI nesta pagina
2026-03-07 18:45:23,077 - INFO -   Total: 2441 de 5291
2026-03-07 18:45:24,078 - INFO - Pagina 526 (Modalidade: 8)
2026-03-07 18:45:24,079 - INFO - Requisicao (tentativa 1/5): https://pncp.gov.br/api/consulta/v1/contratacoes/publicacao
2026-03-07 18:47:24,092 - WARNING - Timeout na requisicao (tentativa 1/5)
2026-03-07 18:47:26,104 - INFO - Requisicao (tentativa 2/5): https://pncp.gov.br/api/consulta/v1/contratacoes/publicacao
2026-03-07 18:47:26,474 - INFO - Requisicao bem-sucedida
2026-03-07 18:47:26,475 - INFO -   4 licitacoes TI nesta pagina
2026-03-07 18:47:26,475 - INFO -   Total: 2445 de 5301
2026-03-07 18:47:27,488 - INFO - Pagina 527 (Modalidade: 8)
2026-03-07 18:47:27,489 - INFO - Requisicao (tentativa 1/5): https://pncp.gov.br/api/consulta/v1/contratacoes/publicacao
2026-03-07 18:47:28,081 - INFO - Requisicao bem-sucedida
2026-03-07 18:47:28,083 - INFO -   4 licitacoes TI nesta pagina
2026-03-07 18:47:28,083 - INFO -   Total: 2449 de 5311
2026-03-07 18:47:29,088 - INFO - Pagina 528 (Modalidade: 8)
2026-03-07 18:47:29,088 - INFO - Requisicao (tentativa 1/5): https://pncp.gov.br/api/consulta/v1/contratacoes/publicacao
2026-03-07 18:47:29,398 - INFO - Requisicao bem-sucedida
2026-03-07 18:47:29,399 - INFO -   6 licitacoes TI nesta pagina
2026-03-07 18:47:29,399 - INFO -   Total: 2455 de 5321
2026-03-07 18:47:30,410 - INFO - Pagina 529 (Modalidade: 8)
2026-03-07 18:47:30,410 - INFO - Requisicao (tentativa 1/5): https://pncp.gov.br/api/consulta/v1/contratacoes/publicacao
2026-03-07 18:47:31,354 - INFO - Requisicao bem-sucedida
2026-03-07 18:47:31,355 - INFO -   7 licitacoes TI nesta pagina
2026-03-07 18:47:31,355 - INFO -   Total: 2462 de 5331
2026-03-07 18:47:32,362 - INFO - Pagina 530 (Modalidade: 8)
2026-03-07 18:47:32,363 - INFO - Requisicao (tentativa 1/5): https://pncp.gov.br/api/consulta/v1/contratacoes/publicacao
2026-03-07 18:47:32,613 - INFO - Requisicao bem-sucedida
2026-03-07 18:47:32,614 - INFO -   4 licitacoes TI nesta pagina
2026-03-07 18:47:32,614 - INFO -   Total: 2466 de 5341
2026-03-07 18:47:33,622 - INFO - Pagina 531 (Modalidade: 8)
2026-03-07 18:47:33,622 - INFO - Requisicao (tentativa 1/5): https://pncp.gov.br/api/consulta/v1/contratacoes/publicacao
2026-03-07 18:47:33,864 - INFO - Requisicao bem-sucedida
2026-03-07 18:47:33,864 - INFO -   5 licitacoes TI nesta pagina
2026-03-07 18:47:33,864 - INFO -   Total: 2471 de 5351
2026-03-07 18:47:34,880 - INFO - Pagina 532 (Modalidade: 8)
2026-03-07 18:47:34,880 - INFO - Requisicao (tentativa 1/5): https://pncp.gov.br/api/consulta/v1/contratacoes/publicacao
2026-03-07 18:47:35,468 - INFO - Requisicao bem-sucedida
2026-03-07 18:47:35,469 - INFO -   5 licitacoes TI nesta pagina
2026-03-07 18:47:35,470 - INFO -   Total: 2476 de 5361
2026-03-07 18:47:36,484 - INFO - Pagina 533 (Modalidade: 8)
2026-03-07 18:47:36,485 - INFO - Requisicao (tentativa 1/5): https://pncp.gov.br/api/consulta/v1/contratacoes/publicacao
2026-03-07 18:47:37,061 - INFO - Requisicao bem-sucedida
2026-03-07 18:47:37,064 - INFO -   2 licitacoes TI nesta pagina
2026-03-07 18:47:37,064 - INFO -   Total: 2478 de 5371
2026-03-07 18:47:38,070 - INFO - Pagina 534 (Modalidade: 8)
2026-03-07 18:47:38,070 - INFO - Requisicao (tentativa 1/5): https://pncp.gov.br/api/consulta/v1/contratacoes/publicacao
2026-03-07 18:47:38,747 - INFO - Requisicao bem-sucedida
2026-03-07 18:47:38,748 - INFO -   5 licitacoes TI nesta pagina
2026-03-07 18:47:38,748 - INFO -   Total: 2483 de 5381
2026-03-07 18:47:39,750 - INFO - Pagina 535 (Modalidade: 8)
2026-03-07 18:47:39,751 - INFO - Requisicao (tentativa 1/5): https://pncp.gov.br/api/consulta/v1/contratacoes/publicacao
2026-03-07 18:47:40,035 - INFO - Requisicao bem-sucedida
2026-03-07 18:47:40,036 - INFO -   3 licitacoes TI nesta pagina
2026-03-07 18:47:40,037 - INFO -   Total: 2486 de 5391
2026-03-07 18:47:41,040 - INFO - Pagina 536 (Modalidade: 8)
2026-03-07 18:47:41,040 - INFO - Requisicao (tentativa 1/5): https://pncp.gov.br/api/consulta/v1/contratacoes/publicacao
2026-03-07 18:47:41,527 - INFO - Requisicao bem-sucedida
2026-03-07 18:47:41,528 - INFO -   5 licitacoes TI nesta pagina
2026-03-07 18:47:41,529 - INFO -   Total: 2491 de 5401
2026-03-07 18:47:42,551 - INFO - Pagina 537 (Modalidade: 8)
2026-03-07 18:47:42,559 - INFO - Requisicao (tentativa 1/5): https://pncp.gov.br/api/consulta/v1/contratacoes/publicacao
2026-03-07 18:47:42,977 - INFO - Requisicao bem-sucedida
2026-03-07 18:47:42,979 - INFO -   4 licitacoes TI nesta pagina
2026-03-07 18:47:42,980 - INFO -   Total: 2495 de 5411
2026-03-07 18:47:43,990 - INFO - Pagina 538 (Modalidade: 8)
2026-03-07 18:47:43,990 - INFO - Requisicao (tentativa 1/5): https://pncp.gov.br/api/consulta/v1/contratacoes/publicacao
2026-03-07 18:47:44,259 - INFO - Requisicao bem-sucedida
2026-03-07 18:47:44,262 - INFO -   3 licitacoes TI nesta pagina
2026-03-07 18:47:44,262 - INFO -   Total: 2498 de 5421
2026-03-07 18:47:45,273 - INFO - Pagina 539 (Modalidade: 8)
2026-03-07 18:47:45,274 - INFO - Requisicao (tentativa 1/5): https://pncp.gov.br/api/consulta/v1/contratacoes/publicacao
2026-03-07 18:47:45,527 - INFO - Requisicao bem-sucedida
2026-03-07 18:47:45,529 - INFO -   2 licitacoes TI nesta pagina
2026-03-07 18:47:45,529 - INFO -   Total: 2500 de 5431
2026-03-07 18:47:46,534 - INFO - Pagina 540 (Modalidade: 8)
2026-03-07 18:47:46,534 - INFO - Requisicao (tentativa 1/5): https://pncp.gov.br/api/consulta/v1/contratacoes/publicacao
2026-03-07 18:47:46,835 - INFO - Requisicao bem-sucedida
2026-03-07 18:47:46,836 - INFO -   9 licitacoes TI nesta pagina
2026-03-07 18:47:46,836 - INFO -   Total: 2509 de 5441
2026-03-07 18:47:47,843 - INFO - Pagina 541 (Modalidade: 8)
2026-03-07 18:47:47,844 - INFO - Requisicao (tentativa 1/5): https://pncp.gov.br/api/consulta/v1/contratacoes/publicacao
2026-03-07 18:47:48,078 - INFO - Requisicao bem-sucedida
2026-03-07 18:47:48,080 - INFO -   4 licitacoes TI nesta pagina
2026-03-07 18:47:48,080 - INFO -   Total: 2513 de 5451
2026-03-07 18:47:49,091 - INFO - Pagina 542 (Modalidade: 8)
2026-03-07 18:47:49,091 - INFO - Requisicao (tentativa 1/5): https://pncp.gov.br/api/consulta/v1/contratacoes/publicacao
2026-03-07 18:47:49,335 - INFO - Requisicao bem-sucedida
2026-03-07 18:47:49,336 - INFO -   4 licitacoes TI nesta pagina
2026-03-07 18:47:49,336 - INFO -   Total: 2517 de 5461
2026-03-07 18:47:50,349 - INFO - Pagina 543 (Modalidade: 8)
2026-03-07 18:47:50,349 - INFO - Requisicao (tentativa 1/5): https://pncp.gov.br/api/consulta/v1/contratacoes/publicacao
2026-03-07 18:47:50,913 - INFO - Requisicao bem-sucedida
2026-03-07 18:47:50,914 - INFO -   4 licitacoes TI nesta pagina
2026-03-07 18:47:50,915 - INFO -   Total: 2521 de 5471
2026-03-07 18:47:51,921 - INFO - Pagina 544 (Modalidade: 8)
2026-03-07 18:47:51,923 - INFO - Requisicao (tentativa 1/5): https://pncp.gov.br/api/consulta/v1/contratacoes/publicacao
2026-03-07 18:47:52,206 - INFO - Requisicao bem-sucedida
2026-03-07 18:47:52,208 - INFO -   6 licitacoes TI nesta pagina
2026-03-07 18:47:52,209 - INFO -   Total: 2527 de 5481
2026-03-07 18:47:53,214 - INFO - Pagina 545 (Modalidade: 8)
2026-03-07 18:47:53,215 - INFO - Requisicao (tentativa 1/5): https://pncp.gov.br/api/consulta/v1/contratacoes/publicacao
2026-03-07 18:47:53,549 - INFO - Requisicao bem-sucedida
2026-03-07 18:47:53,551 - INFO -   2 licitacoes TI nesta pagina
2026-03-07 18:47:53,552 - INFO -   Total: 2529 de 5491
2026-03-07 18:47:54,557 - INFO - Pagina 546 (Modalidade: 8)
2026-03-07 18:47:54,557 - INFO - Requisicao (tentativa 1/5): https://pncp.gov.br/api/consulta/v1/contratacoes/publicacao
2026-03-07 18:47:54,795 - INFO - Requisicao bem-sucedida
2026-03-07 18:47:54,795 - INFO -   5 licitacoes TI nesta pagina
2026-03-07 18:47:54,795 - INFO -   Total: 2534 de 5501
2026-03-07 18:47:55,810 - INFO - Pagina 547 (Modalidade: 8)
2026-03-07 18:47:55,810 - INFO - Requisicao (tentativa 1/5): https://pncp.gov.br/api/consulta/v1/contratacoes/publicacao
2026-03-07 18:47:56,388 - INFO - Requisicao bem-sucedida
2026-03-07 18:47:56,391 - INFO -   3 licitacoes TI nesta pagina
2026-03-07 18:47:56,391 - INFO -   Total: 2537 de 5511
2026-03-07 18:47:57,400 - INFO - Pagina 548 (Modalidade: 8)
2026-03-07 18:47:57,401 - INFO - Requisicao (tentativa 1/5): https://pncp.gov.br/api/consulta/v1/contratacoes/publicacao
2026-03-07 18:47:57,654 - INFO - Requisicao bem-sucedida
2026-03-07 18:47:57,654 - INFO -   4 licitacoes TI nesta pagina
2026-03-07 18:47:57,654 - INFO -   Total: 2541 de 5521
2026-03-07 18:47:58,669 - INFO - Pagina 549 (Modalidade: 8)
2026-03-07 18:47:58,669 - INFO - Requisicao (tentativa 1/5): https://pncp.gov.br/api/consulta/v1/contratacoes/publicacao
2026-03-07 18:47:58,949 - INFO - Requisicao bem-sucedida
2026-03-07 18:47:58,951 - INFO -   4 licitacoes TI nesta pagina
2026-03-07 18:47:58,951 - INFO -   Total: 2545 de 5531
2026-03-07 18:47:59,956 - INFO - Pagina 550 (Modalidade: 8)
2026-03-07 18:47:59,957 - INFO - Requisicao (tentativa 1/5): https://pncp.gov.br/api/consulta/v1/contratacoes/publicacao
2026-03-07 18:48:00,429 - INFO - Requisicao bem-sucedida
2026-03-07 18:48:00,432 - INFO -   4 licitacoes TI nesta pagina
2026-03-07 18:48:00,432 - INFO -   Total: 2549 de 5541
2026-03-07 18:48:01,446 - INFO - Pagina 551 (Modalidade: 8)
2026-03-07 18:48:01,446 - INFO - Requisicao (tentativa 1/5): https://pncp.gov.br/api/consulta/v1/contratacoes/publicacao
2026-03-07 18:48:02,075 - INFO - Requisicao bem-sucedida
2026-03-07 18:48:02,075 - INFO -   2 licitacoes TI nesta pagina
2026-03-07 18:48:02,075 - INFO -   Total: 2551 de 5551
2026-03-07 18:48:03,086 - INFO - Pagina 552 (Modalidade: 8)
2026-03-07 18:48:03,086 - INFO - Requisicao (tentativa 1/5): https://pncp.gov.br/api/consulta/v1/contratacoes/publicacao
2026-03-07 18:48:03,687 - INFO - Requisicao bem-sucedida
2026-03-07 18:48:03,687 - INFO -   3 licitacoes TI nesta pagina
2026-03-07 18:48:03,687 - INFO -   Total: 2554 de 5561
2026-03-07 18:48:04,698 - INFO - Pagina 553 (Modalidade: 8)
2026-03-07 18:48:04,699 - INFO - Requisicao (tentativa 1/5): https://pncp.gov.br/api/consulta/v1/contratacoes/publicacao
2026-03-07 18:48:04,929 - INFO - Requisicao bem-sucedida
2026-03-07 18:48:04,929 - INFO -   0 licitacoes TI nesta pagina
2026-03-07 18:48:04,929 - INFO -   Total: 2554 de 5571
2026-03-07 18:48:05,932 - INFO - Pagina 554 (Modalidade: 8)
2026-03-07 18:48:05,932 - INFO - Requisicao (tentativa 1/5): https://pncp.gov.br/api/consulta/v1/contratacoes/publicacao
2026-03-07 18:48:06,759 - INFO - Requisicao bem-sucedida
2026-03-07 18:48:06,762 - INFO -   3 licitacoes TI nesta pagina
2026-03-07 18:48:06,762 - INFO -   Total: 2557 de 5581
2026-03-07 18:48:07,763 - INFO - Pagina 555 (Modalidade: 8)
2026-03-07 18:48:07,764 - INFO - Requisicao (tentativa 1/5): https://pncp.gov.br/api/consulta/v1/contratacoes/publicacao
2026-03-07 18:48:09,190 - INFO - Requisicao bem-sucedida
2026-03-07 18:48:09,193 - INFO -   7 licitacoes TI nesta pagina
2026-03-07 18:48:09,193 - INFO -   Total: 2564 de 5591
2026-03-07 18:48:10,210 - INFO - Pagina 556 (Modalidade: 8)
2026-03-07 18:48:10,210 - INFO - Requisicao (tentativa 1/5): https://pncp.gov.br/api/consulta/v1/contratacoes/publicacao
2026-03-07 18:48:10,488 - INFO - Requisicao bem-sucedida
2026-03-07 18:48:10,488 - INFO -   5 licitacoes TI nesta pagina
2026-03-07 18:48:10,488 - INFO -   Total: 2569 de 5601
2026-03-07 18:48:11,496 - INFO - Pagina 557 (Modalidade: 8)
2026-03-07 18:48:11,497 - INFO - Requisicao (tentativa 1/5): https://pncp.gov.br/api/consulta/v1/contratacoes/publicacao
2026-03-07 18:48:12,101 - INFO - Requisicao bem-sucedida
2026-03-07 18:48:12,103 - INFO -   7 licitacoes TI nesta pagina
2026-03-07 18:48:12,103 - INFO -   Total: 2576 de 5611
2026-03-07 18:48:13,116 - INFO - Pagina 558 (Modalidade: 8)
2026-03-07 18:48:13,117 - INFO - Requisicao (tentativa 1/5): https://pncp.gov.br/api/consulta/v1/contratacoes/publicacao
2026-03-07 18:48:13,651 - INFO - Requisicao bem-sucedida
2026-03-07 18:48:13,652 - INFO -   5 licitacoes TI nesta pagina
2026-03-07 18:48:13,655 - INFO -   Total: 2581 de 5621
2026-03-07 18:48:14,669 - INFO - Pagina 559 (Modalidade: 8)
2026-03-07 18:48:14,669 - INFO - Requisicao (tentativa 1/5): https://pncp.gov.br/api/consulta/v1/contratacoes/publicacao
2026-03-07 18:48:15,977 - INFO - Requisicao bem-sucedida
2026-03-07 18:48:15,977 - INFO -   5 licitacoes TI nesta pagina
2026-03-07 18:48:15,980 - INFO -   Total: 2586 de 5631
2026-03-07 18:48:16,987 - INFO - Pagina 560 (Modalidade: 8)
2026-03-07 18:48:16,989 - INFO - Requisicao (tentativa 1/5): https://pncp.gov.br/api/consulta/v1/contratacoes/publicacao
2026-03-07 18:48:18,261 - INFO - Requisicao bem-sucedida
2026-03-07 18:48:18,261 - INFO -   6 licitacoes TI nesta pagina
2026-03-07 18:48:18,261 - INFO -   Total: 2592 de 5641
2026-03-07 18:48:19,274 - INFO - Pagina 561 (Modalidade: 8)
2026-03-07 18:48:19,274 - INFO - Requisicao (tentativa 1/5): https://pncp.gov.br/api/consulta/v1/contratacoes/publicacao
2026-03-07 18:48:19,804 - INFO - Requisicao bem-sucedida
2026-03-07 18:48:19,808 - INFO -   8 licitacoes TI nesta pagina
2026-03-07 18:48:19,808 - INFO -   Total: 2600 de 5651
2026-03-07 18:48:20,822 - INFO - Pagina 562 (Modalidade: 8)
2026-03-07 18:48:20,823 - INFO - Requisicao (tentativa 1/5): https://pncp.gov.br/api/consulta/v1/contratacoes/publicacao
2026-03-07 18:48:21,371 - INFO - Requisicao bem-sucedida
2026-03-07 18:48:21,371 - INFO -   10 licitacoes TI nesta pagina
2026-03-07 18:48:21,371 - INFO -   Total: 2610 de 5661
2026-03-07 18:48:22,383 - INFO - Pagina 563 (Modalidade: 8)
2026-03-07 18:48:22,384 - INFO - Requisicao (tentativa 1/5): https://pncp.gov.br/api/consulta/v1/contratacoes/publicacao
2026-03-07 18:48:22,826 - INFO - Requisicao bem-sucedida
2026-03-07 18:48:22,826 - INFO -   8 licitacoes TI nesta pagina
2026-03-07 18:48:22,826 - INFO -   Total: 2618 de 5671
2026-03-07 18:48:23,836 - INFO - Pagina 564 (Modalidade: 8)
2026-03-07 18:48:23,837 - INFO - Requisicao (tentativa 1/5): https://pncp.gov.br/api/consulta/v1/contratacoes/publicacao
2026-03-07 18:48:24,257 - INFO - Requisicao bem-sucedida
2026-03-07 18:48:24,259 - INFO -   9 licitacoes TI nesta pagina
2026-03-07 18:48:24,259 - INFO -   Total: 2627 de 5681
2026-03-07 18:48:25,274 - INFO - Pagina 565 (Modalidade: 8)
2026-03-07 18:48:25,274 - INFO - Requisicao (tentativa 1/5): https://pncp.gov.br/api/consulta/v1/contratacoes/publicacao
2026-03-07 18:48:25,714 - INFO - Requisicao bem-sucedida
2026-03-07 18:48:25,714 - INFO -   10 licitacoes TI nesta pagina
2026-03-07 18:48:25,714 - INFO -   Total: 2637 de 5691
2026-03-07 18:48:26,715 - INFO - Pagina 566 (Modalidade: 8)
2026-03-07 18:48:26,716 - INFO - Requisicao (tentativa 1/5): https://pncp.gov.br/api/consulta/v1/contratacoes/publicacao
2026-03-07 18:48:27,470 - INFO - Requisicao bem-sucedida
2026-03-07 18:48:27,471 - INFO -   9 licitacoes TI nesta pagina
2026-03-07 18:48:27,472 - INFO -   Total: 2646 de 5701
2026-03-07 18:48:28,473 - INFO - Pagina 567 (Modalidade: 8)
2026-03-07 18:48:28,473 - INFO - Requisicao (tentativa 1/5): https://pncp.gov.br/api/consulta/v1/contratacoes/publicacao
2026-03-07 18:48:28,922 - INFO - Requisicao bem-sucedida
2026-03-07 18:48:28,924 - INFO -   5 licitacoes TI nesta pagina
2026-03-07 18:48:28,924 - INFO -   Total: 2651 de 5711
2026-03-07 18:48:29,927 - INFO - Pagina 568 (Modalidade: 8)
2026-03-07 18:48:29,927 - INFO - Requisicao (tentativa 1/5): https://pncp.gov.br/api/consulta/v1/contratacoes/publicacao
2026-03-07 18:48:30,205 - INFO - Requisicao bem-sucedida
2026-03-07 18:48:30,205 - INFO -   3 licitacoes TI nesta pagina
2026-03-07 18:48:30,205 - INFO -   Total: 2654 de 5721
2026-03-07 18:48:31,219 - INFO - Pagina 569 (Modalidade: 8)
2026-03-07 18:48:31,220 - INFO - Requisicao (tentativa 1/5): https://pncp.gov.br/api/consulta/v1/contratacoes/publicacao
2026-03-07 18:48:32,256 - INFO - Requisicao bem-sucedida
2026-03-07 18:48:32,256 - INFO -   5 licitacoes TI nesta pagina
2026-03-07 18:48:32,256 - INFO -   Total: 2659 de 5731
2026-03-07 18:48:33,272 - INFO - Pagina 570 (Modalidade: 8)
2026-03-07 18:48:33,272 - INFO - Requisicao (tentativa 1/5): https://pncp.gov.br/api/consulta/v1/contratacoes/publicacao
2026-03-07 18:48:33,818 - INFO - Requisicao bem-sucedida
2026-03-07 18:48:33,818 - INFO -   4 licitacoes TI nesta pagina
2026-03-07 18:48:33,818 - INFO -   Total: 2663 de 5741
2026-03-07 18:48:34,831 - INFO - Pagina 571 (Modalidade: 8)
2026-03-07 18:48:34,832 - INFO - Requisicao (tentativa 1/5): https://pncp.gov.br/api/consulta/v1/contratacoes/publicacao
2026-03-07 18:48:36,324 - INFO - Requisicao bem-sucedida
2026-03-07 18:48:36,324 - INFO -   7 licitacoes TI nesta pagina
2026-03-07 18:48:36,324 - INFO -   Total: 2670 de 5751
2026-03-07 18:48:37,334 - INFO - Pagina 572 (Modalidade: 8)
2026-03-07 18:48:37,334 - INFO - Requisicao (tentativa 1/5): https://pncp.gov.br/api/consulta/v1/contratacoes/publicacao
2026-03-07 18:48:37,766 - INFO - Requisicao bem-sucedida
2026-03-07 18:48:37,767 - INFO -   2 licitacoes TI nesta pagina
2026-03-07 18:48:37,767 - INFO -   Total: 2672 de 5761
2026-03-07 18:48:38,779 - INFO - Pagina 573 (Modalidade: 8)
2026-03-07 18:48:38,779 - INFO - Requisicao (tentativa 1/5): https://pncp.gov.br/api/consulta/v1/contratacoes/publicacao
2026-03-07 18:48:39,405 - INFO - Requisicao bem-sucedida
2026-03-07 18:48:39,405 - INFO -   1 licitacoes TI nesta pagina
2026-03-07 18:48:39,405 - INFO -   Total: 2673 de 5771
2026-03-07 18:48:40,409 - INFO - Pagina 574 (Modalidade: 8)
2026-03-07 18:48:40,409 - INFO - Requisicao (tentativa 1/5): https://pncp.gov.br/api/consulta/v1/contratacoes/publicacao
2026-03-07 18:48:40,869 - INFO - Requisicao bem-sucedida
2026-03-07 18:48:40,871 - INFO -   0 licitacoes TI nesta pagina
2026-03-07 18:48:40,871 - INFO -   Total: 2673 de 5781
2026-03-07 18:48:41,884 - INFO - Pagina 575 (Modalidade: 8)
2026-03-07 18:48:41,884 - INFO - Requisicao (tentativa 1/5): https://pncp.gov.br/api/consulta/v1/contratacoes/publicacao
2026-03-07 18:48:42,254 - INFO - Requisicao bem-sucedida
2026-03-07 18:48:42,260 - INFO -   8 licitacoes TI nesta pagina
2026-03-07 18:48:42,260 - INFO -   Total: 2681 de 5791
2026-03-07 18:48:43,271 - INFO - Pagina 576 (Modalidade: 8)
2026-03-07 18:48:43,271 - INFO - Requisicao (tentativa 1/5): https://pncp.gov.br/api/consulta/v1/contratacoes/publicacao
2026-03-07 18:48:43,674 - INFO - Requisicao bem-sucedida
2026-03-07 18:48:43,674 - INFO -   7 licitacoes TI nesta pagina
2026-03-07 18:48:43,674 - INFO -   Total: 2688 de 5801
2026-03-07 18:48:44,679 - INFO - Pagina 577 (Modalidade: 8)
2026-03-07 18:48:44,679 - INFO - Requisicao (tentativa 1/5): https://pncp.gov.br/api/consulta/v1/contratacoes/publicacao
2026-03-07 18:48:44,957 - INFO - Requisicao bem-sucedida
2026-03-07 18:48:44,960 - INFO -   1 licitacoes TI nesta pagina
2026-03-07 18:48:44,960 - INFO -   Total: 2689 de 5811
2026-03-07 18:48:45,960 - INFO - Pagina 578 (Modalidade: 8)
2026-03-07 18:48:45,960 - INFO - Requisicao (tentativa 1/5): https://pncp.gov.br/api/consulta/v1/contratacoes/publicacao
2026-03-07 18:48:46,615 - INFO - Requisicao bem-sucedida
2026-03-07 18:48:46,617 - INFO -   4 licitacoes TI nesta pagina
2026-03-07 18:48:46,617 - INFO -   Total: 2693 de 5821
2026-03-07 18:48:47,626 - INFO - Pagina 579 (Modalidade: 8)
2026-03-07 18:48:47,627 - INFO - Requisicao (tentativa 1/5): https://pncp.gov.br/api/consulta/v1/contratacoes/publicacao
2026-03-07 18:48:48,145 - INFO - Requisicao bem-sucedida
2026-03-07 18:48:48,149 - INFO -   0 licitacoes TI nesta pagina
2026-03-07 18:48:48,149 - INFO -   Total: 2693 de 5831
2026-03-07 18:48:49,164 - INFO - Pagina 580 (Modalidade: 8)
2026-03-07 18:48:49,165 - INFO - Requisicao (tentativa 1/5): https://pncp.gov.br/api/consulta/v1/contratacoes/publicacao
2026-03-07 18:48:49,416 - INFO - Requisicao bem-sucedida
2026-03-07 18:48:49,419 - INFO -   0 licitacoes TI nesta pagina
2026-03-07 18:48:49,420 - INFO -   Total: 2693 de 5841
2026-03-07 18:48:50,428 - INFO - Pagina 581 (Modalidade: 8)
2026-03-07 18:48:50,429 - INFO - Requisicao (tentativa 1/5): https://pncp.gov.br/api/consulta/v1/contratacoes/publicacao
2026-03-07 18:48:51,481 - INFO - Requisicao bem-sucedida
2026-03-07 18:48:51,483 - INFO -   0 licitacoes TI nesta pagina
2026-03-07 18:48:51,483 - INFO -   Total: 2693 de 5851
2026-03-07 18:48:52,491 - INFO - Pagina 582 (Modalidade: 8)
2026-03-07 18:48:52,492 - INFO - Requisicao (tentativa 1/5): https://pncp.gov.br/api/consulta/v1/contratacoes/publicacao
2026-03-07 18:48:52,741 - INFO - Requisicao bem-sucedida
2026-03-07 18:48:52,742 - INFO -   3 licitacoes TI nesta pagina
2026-03-07 18:48:52,743 - INFO -   Total: 2696 de 5861
2026-03-07 18:48:53,747 - INFO - Pagina 583 (Modalidade: 8)
2026-03-07 18:48:53,747 - INFO - Requisicao (tentativa 1/5): https://pncp.gov.br/api/consulta/v1/contratacoes/publicacao
2026-03-07 18:48:54,726 - INFO - Requisicao bem-sucedida
2026-03-07 18:48:54,730 - INFO -   6 licitacoes TI nesta pagina
2026-03-07 18:48:54,730 - INFO -   Total: 2702 de 5871
2026-03-07 18:48:55,745 - INFO - Pagina 584 (Modalidade: 8)
2026-03-07 18:48:55,746 - INFO - Requisicao (tentativa 1/5): https://pncp.gov.br/api/consulta/v1/contratacoes/publicacao
2026-03-07 18:48:56,330 - INFO - Requisicao bem-sucedida
2026-03-07 18:48:56,331 - INFO -   5 licitacoes TI nesta pagina
2026-03-07 18:48:56,332 - INFO -   Total: 2707 de 5881
2026-03-07 18:48:57,337 - INFO - Pagina 585 (Modalidade: 8)
2026-03-07 18:48:57,338 - INFO - Requisicao (tentativa 1/5): https://pncp.gov.br/api/consulta/v1/contratacoes/publicacao
2026-03-07 18:48:57,597 - INFO - Requisicao bem-sucedida
2026-03-07 18:48:57,599 - INFO -   6 licitacoes TI nesta pagina
2026-03-07 18:48:57,599 - INFO -   Total: 2713 de 5891
2026-03-07 18:48:58,606 - INFO - Pagina 586 (Modalidade: 8)
2026-03-07 18:48:58,606 - INFO - Requisicao (tentativa 1/5): https://pncp.gov.br/api/consulta/v1/contratacoes/publicacao
2026-03-07 18:48:59,353 - INFO - Requisicao bem-sucedida
2026-03-07 18:48:59,354 - INFO -   3 licitacoes TI nesta pagina
2026-03-07 18:48:59,355 - INFO -   Total: 2716 de 5901
2026-03-07 18:49:00,370 - INFO - Pagina 587 (Modalidade: 8)
2026-03-07 18:49:00,370 - INFO - Requisicao (tentativa 1/5): https://pncp.gov.br/api/consulta/v1/contratacoes/publicacao
2026-03-07 18:49:00,980 - INFO - Requisicao bem-sucedida
2026-03-07 18:49:00,981 - INFO -   7 licitacoes TI nesta pagina
2026-03-07 18:49:00,981 - INFO -   Total: 2723 de 5911
2026-03-07 18:49:01,995 - INFO - Pagina 588 (Modalidade: 8)
2026-03-07 18:49:01,995 - INFO - Requisicao (tentativa 1/5): https://pncp.gov.br/api/consulta/v1/contratacoes/publicacao
2026-03-07 18:49:02,941 - INFO - Requisicao bem-sucedida
2026-03-07 18:49:02,943 - INFO -   6 licitacoes TI nesta pagina
2026-03-07 18:49:02,943 - INFO -   Total: 2729 de 5921
2026-03-07 18:49:03,956 - INFO - Pagina 589 (Modalidade: 8)
2026-03-07 18:49:03,957 - INFO - Requisicao (tentativa 1/5): https://pncp.gov.br/api/consulta/v1/contratacoes/publicacao
2026-03-07 18:49:04,325 - INFO - Requisicao bem-sucedida
2026-03-07 18:49:04,327 - INFO -   4 licitacoes TI nesta pagina
2026-03-07 18:49:04,327 - INFO -   Total: 2733 de 5931
2026-03-07 18:49:05,337 - INFO - Pagina 590 (Modalidade: 8)
2026-03-07 18:49:05,338 - INFO - Requisicao (tentativa 1/5): https://pncp.gov.br/api/consulta/v1/contratacoes/publicacao
2026-03-07 18:49:06,327 - INFO - Requisicao bem-sucedida
2026-03-07 18:49:06,328 - INFO -   5 licitacoes TI nesta pagina
2026-03-07 18:49:06,329 - INFO -   Total: 2738 de 5941
2026-03-07 18:49:07,332 - INFO - Pagina 591 (Modalidade: 8)
2026-03-07 18:49:07,332 - INFO - Requisicao (tentativa 1/5): https://pncp.gov.br/api/consulta/v1/contratacoes/publicacao
2026-03-07 18:49:07,592 - INFO - Requisicao bem-sucedida
2026-03-07 18:49:07,594 - INFO -   5 licitacoes TI nesta pagina
2026-03-07 18:49:07,594 - INFO -   Total: 2743 de 5951
2026-03-07 18:49:08,606 - INFO - Pagina 592 (Modalidade: 8)
2026-03-07 18:49:08,607 - INFO - Requisicao (tentativa 1/5): https://pncp.gov.br/api/consulta/v1/contratacoes/publicacao
2026-03-07 18:49:09,164 - INFO - Requisicao bem-sucedida
2026-03-07 18:49:09,165 - INFO -   6 licitacoes TI nesta pagina
2026-03-07 18:49:09,165 - INFO -   Total: 2749 de 5961
2026-03-07 18:49:10,166 - INFO - Pagina 593 (Modalidade: 8)
2026-03-07 18:49:10,167 - INFO - Requisicao (tentativa 1/5): https://pncp.gov.br/api/consulta/v1/contratacoes/publicacao
2026-03-07 18:49:10,723 - INFO - Requisicao bem-sucedida
2026-03-07 18:49:10,725 - INFO -   5 licitacoes TI nesta pagina
2026-03-07 18:49:10,726 - INFO -   Total: 2754 de 5971
2026-03-07 18:49:11,734 - INFO - Pagina 594 (Modalidade: 8)
2026-03-07 18:49:11,735 - INFO - Requisicao (tentativa 1/5): https://pncp.gov.br/api/consulta/v1/contratacoes/publicacao
2026-03-07 18:49:12,092 - INFO - Requisicao bem-sucedida
2026-03-07 18:49:12,093 - INFO -   5 licitacoes TI nesta pagina
2026-03-07 18:49:12,093 - INFO -   Total: 2759 de 5981
2026-03-07 18:49:13,100 - INFO - Pagina 595 (Modalidade: 8)
2026-03-07 18:49:13,102 - INFO - Requisicao (tentativa 1/5): https://pncp.gov.br/api/consulta/v1/contratacoes/publicacao
2026-03-07 18:49:13,916 - INFO - Requisicao bem-sucedida
2026-03-07 18:49:13,919 - INFO -   7 licitacoes TI nesta pagina
2026-03-07 18:49:13,920 - INFO -   Total: 2766 de 5991
2026-03-07 18:49:14,934 - INFO - Pagina 596 (Modalidade: 8)
2026-03-07 18:49:14,935 - INFO - Requisicao (tentativa 1/5): https://pncp.gov.br/api/consulta/v1/contratacoes/publicacao
2026-03-07 18:49:15,687 - INFO - Requisicao bem-sucedida
2026-03-07 18:49:15,689 - INFO -   3 licitacoes TI nesta pagina
2026-03-07 18:49:15,689 - INFO -   Total: 2769 de 6001
2026-03-07 18:49:16,692 - INFO - Pagina 597 (Modalidade: 8)
2026-03-07 18:49:16,693 - INFO - Requisicao (tentativa 1/5): https://pncp.gov.br/api/consulta/v1/contratacoes/publicacao
2026-03-07 18:49:17,643 - INFO - Requisicao bem-sucedida
2026-03-07 18:49:17,645 - INFO -   5 licitacoes TI nesta pagina
2026-03-07 18:49:17,646 - INFO -   Total: 2774 de 6011
2026-03-07 18:49:18,660 - INFO - Pagina 598 (Modalidade: 8)
2026-03-07 18:49:18,662 - INFO - Requisicao (tentativa 1/5): https://pncp.gov.br/api/consulta/v1/contratacoes/publicacao
2026-03-07 18:49:19,142 - INFO - Requisicao bem-sucedida
2026-03-07 18:49:19,144 - INFO -   6 licitacoes TI nesta pagina
2026-03-07 18:49:19,145 - INFO -   Total: 2780 de 6021
2026-03-07 18:49:20,149 - INFO - Pagina 599 (Modalidade: 8)
2026-03-07 18:49:20,150 - INFO - Requisicao (tentativa 1/5): https://pncp.gov.br/api/consulta/v1/contratacoes/publicacao
2026-03-07 18:51:02,763 - INFO - Requisicao bem-sucedida
2026-03-07 18:51:02,765 - INFO -   5 licitacoes TI nesta pagina
2026-03-07 18:51:02,765 - INFO -   Total: 2785 de 6031
2026-03-07 18:51:03,777 - INFO - Pagina 600 (Modalidade: 8)
2026-03-07 18:51:03,780 - INFO - Requisicao (tentativa 1/5): https://pncp.gov.br/api/consulta/v1/contratacoes/publicacao
2026-03-07 18:51:04,275 - INFO - Requisicao bem-sucedida
2026-03-07 18:51:04,277 - INFO -   6 licitacoes TI nesta pagina
2026-03-07 18:51:04,277 - INFO -   Total: 2791 de 6041
2026-03-07 18:51:05,287 - INFO - Pagina 601 (Modalidade: 8)
2026-03-07 18:51:05,290 - INFO - Requisicao (tentativa 1/5): https://pncp.gov.br/api/consulta/v1/contratacoes/publicacao
2026-03-07 18:51:06,301 - INFO - Requisicao bem-sucedida
2026-03-07 18:51:06,309 - INFO -   8 licitacoes TI nesta pagina
2026-03-07 18:51:06,309 - INFO -   Total: 2799 de 6051
2026-03-07 18:51:07,317 - INFO - Pagina 602 (Modalidade: 8)
2026-03-07 18:51:07,324 - INFO - Requisicao (tentativa 1/5): https://pncp.gov.br/api/consulta/v1/contratacoes/publicacao
2026-03-07 18:51:08,340 - INFO - Requisicao bem-sucedida
2026-03-07 18:51:08,340 - INFO -   6 licitacoes TI nesta pagina
2026-03-07 18:51:08,340 - INFO -   Total: 2805 de 6061
2026-03-07 18:51:09,349 - INFO - Pagina 603 (Modalidade: 8)
2026-03-07 18:51:09,349 - INFO - Requisicao (tentativa 1/5): https://pncp.gov.br/api/consulta/v1/contratacoes/publicacao
2026-03-07 18:51:10,033 - INFO - Requisicao bem-sucedida
2026-03-07 18:51:10,035 - INFO -   3 licitacoes TI nesta pagina
2026-03-07 18:51:10,036 - INFO -   Total: 2808 de 6071
2026-03-07 18:51:11,047 - INFO - Pagina 604 (Modalidade: 8)
2026-03-07 18:51:11,047 - INFO - Requisicao (tentativa 1/5): https://pncp.gov.br/api/consulta/v1/contratacoes/publicacao
2026-03-07 18:51:12,055 - INFO - Requisicao bem-sucedida
2026-03-07 18:51:12,055 - INFO -   5 licitacoes TI nesta pagina
2026-03-07 18:51:12,055 - INFO -   Total: 2813 de 6081
2026-03-07 18:51:13,064 - INFO - Pagina 605 (Modalidade: 8)
2026-03-07 18:51:13,065 - INFO - Requisicao (tentativa 1/5): https://pncp.gov.br/api/consulta/v1/contratacoes/publicacao
2026-03-07 18:51:14,410 - INFO - Requisicao bem-sucedida
2026-03-07 18:51:14,411 - INFO -   5 licitacoes TI nesta pagina
2026-03-07 18:51:14,411 - INFO -   Total: 2818 de 6091
2026-03-07 18:51:15,411 - INFO - Pagina 606 (Modalidade: 8)
2026-03-07 18:51:15,412 - INFO - Requisicao (tentativa 1/5): https://pncp.gov.br/api/consulta/v1/contratacoes/publicacao
2026-03-07 18:51:16,035 - INFO - Requisicao bem-sucedida
2026-03-07 18:51:16,042 - INFO -   9 licitacoes TI nesta pagina
2026-03-07 18:51:16,042 - INFO -   Total: 2827 de 6101
2026-03-07 18:51:17,057 - INFO - Pagina 607 (Modalidade: 8)
2026-03-07 18:51:17,058 - INFO - Requisicao (tentativa 1/5): https://pncp.gov.br/api/consulta/v1/contratacoes/publicacao
2026-03-07 18:51:19,195 - INFO - Requisicao bem-sucedida
2026-03-07 18:51:19,195 - INFO -   5 licitacoes TI nesta pagina
2026-03-07 18:51:19,198 - INFO -   Total: 2832 de 6111
2026-03-07 18:51:20,199 - INFO - Pagina 608 (Modalidade: 8)
2026-03-07 18:51:20,199 - INFO - Requisicao (tentativa 1/5): https://pncp.gov.br/api/consulta/v1/contratacoes/publicacao
2026-03-07 18:51:21,482 - INFO - Requisicao bem-sucedida
2026-03-07 18:51:21,482 - INFO -   4 licitacoes TI nesta pagina
2026-03-07 18:51:21,485 - INFO -   Total: 2836 de 6121
2026-03-07 18:51:22,490 - INFO - Pagina 609 (Modalidade: 8)
2026-03-07 18:51:22,491 - INFO - Requisicao (tentativa 1/5): https://pncp.gov.br/api/consulta/v1/contratacoes/publicacao
2026-03-07 18:51:23,046 - INFO - Requisicao bem-sucedida
2026-03-07 18:51:23,049 - INFO -   6 licitacoes TI nesta pagina
2026-03-07 18:51:23,049 - INFO -   Total: 2842 de 6131
2026-03-07 18:51:24,064 - INFO - Pagina 610 (Modalidade: 8)
2026-03-07 18:51:24,065 - INFO - Requisicao (tentativa 1/5): https://pncp.gov.br/api/consulta/v1/contratacoes/publicacao
2026-03-07 18:51:25,775 - INFO - Requisicao bem-sucedida
2026-03-07 18:51:25,778 - INFO -   6 licitacoes TI nesta pagina
2026-03-07 18:51:25,778 - INFO -   Total: 2848 de 6141
2026-03-07 18:51:26,794 - INFO - Pagina 611 (Modalidade: 8)
2026-03-07 18:51:26,795 - INFO - Requisicao (tentativa 1/5): https://pncp.gov.br/api/consulta/v1/contratacoes/publicacao
2026-03-07 18:51:27,421 - INFO - Requisicao bem-sucedida
2026-03-07 18:51:27,423 - INFO -   6 licitacoes TI nesta pagina
2026-03-07 18:51:27,423 - INFO -   Total: 2854 de 6151
2026-03-07 18:51:28,438 - INFO - Pagina 612 (Modalidade: 8)
2026-03-07 18:51:28,438 - INFO - Requisicao (tentativa 1/5): https://pncp.gov.br/api/consulta/v1/contratacoes/publicacao
2026-03-07 18:53:28,449 - WARNING - Timeout na requisicao (tentativa 1/5)
2026-03-07 18:53:30,462 - INFO - Requisicao (tentativa 2/5): https://pncp.gov.br/api/consulta/v1/contratacoes/publicacao
2026-03-07 18:53:30,867 - INFO - Requisicao bem-sucedida
2026-03-07 18:53:30,870 - INFO -   5 licitacoes TI nesta pagina
2026-03-07 18:53:30,870 - INFO -   Total: 2859 de 6161
2026-03-07 18:53:31,879 - INFO - Pagina 613 (Modalidade: 8)
2026-03-07 18:53:31,879 - INFO - Requisicao (tentativa 1/5): https://pncp.gov.br/api/consulta/v1/contratacoes/publicacao
2026-03-07 18:53:32,172 - INFO - Requisicao bem-sucedida
2026-03-07 18:53:32,174 - INFO -   6 licitacoes TI nesta pagina
2026-03-07 18:53:32,175 - INFO -   Total: 2865 de 6171
2026-03-07 18:53:33,178 - INFO - Pagina 614 (Modalidade: 8)
2026-03-07 18:53:33,179 - INFO - Requisicao (tentativa 1/5): https://pncp.gov.br/api/consulta/v1/contratacoes/publicacao
2026-03-07 18:53:33,920 - INFO - Requisicao bem-sucedida
2026-03-07 18:53:33,921 - INFO -   7 licitacoes TI nesta pagina
2026-03-07 18:53:33,922 - INFO -   Total: 2872 de 6181
2026-03-07 18:53:34,925 - INFO - Pagina 615 (Modalidade: 8)
2026-03-07 18:53:34,925 - INFO - Requisicao (tentativa 1/5): https://pncp.gov.br/api/consulta/v1/contratacoes/publicacao
2026-03-07 18:53:35,223 - INFO - Requisicao bem-sucedida
2026-03-07 18:53:35,224 - INFO -   7 licitacoes TI nesta pagina
2026-03-07 18:53:35,224 - INFO -   Total: 2879 de 6191
2026-03-07 18:53:36,239 - INFO - Pagina 616 (Modalidade: 8)
2026-03-07 18:53:36,240 - INFO - Requisicao (tentativa 1/5): https://pncp.gov.br/api/consulta/v1/contratacoes/publicacao
2026-03-07 18:53:36,526 - INFO - Requisicao bem-sucedida
2026-03-07 18:53:36,527 - INFO -   6 licitacoes TI nesta pagina
2026-03-07 18:53:36,528 - INFO -   Total: 2885 de 6201
2026-03-07 18:53:37,532 - INFO - Pagina 617 (Modalidade: 8)
2026-03-07 18:53:37,535 - INFO - Requisicao (tentativa 1/5): https://pncp.gov.br/api/consulta/v1/contratacoes/publicacao
2026-03-07 18:55:31,045 - WARNING - Erro 500 do servidor PNCP
2026-03-07 18:55:31,046 - INFO - Aguardando 5s antes de tentar novamente...
2026-03-07 18:55:36,048 - INFO - Requisicao (tentativa 2/5): https://pncp.gov.br/api/consulta/v1/contratacoes/publicacao
2026-03-07 18:55:36,324 - INFO - Requisicao bem-sucedida
2026-03-07 18:55:36,326 - INFO -   4 licitacoes TI nesta pagina
2026-03-07 18:55:36,326 - INFO -   Total: 2889 de 6211
2026-03-07 18:55:37,333 - INFO - Pagina 618 (Modalidade: 8)
2026-03-07 18:55:37,334 - INFO - Requisicao (tentativa 1/5): https://pncp.gov.br/api/consulta/v1/contratacoes/publicacao
2026-03-07 18:55:37,732 - INFO - Requisicao bem-sucedida
2026-03-07 18:55:37,735 - INFO -   7 licitacoes TI nesta pagina
2026-03-07 18:55:37,735 - INFO -   Total: 2896 de 6221
2026-03-07 18:55:38,748 - INFO - Pagina 619 (Modalidade: 8)
2026-03-07 18:55:38,749 - INFO - Requisicao (tentativa 1/5): https://pncp.gov.br/api/consulta/v1/contratacoes/publicacao
2026-03-07 18:55:39,212 - INFO - Requisicao bem-sucedida
2026-03-07 18:55:39,214 - INFO -   6 licitacoes TI nesta pagina
2026-03-07 18:55:39,215 - INFO -   Total: 2902 de 6231
2026-03-07 18:55:40,227 - INFO - Pagina 620 (Modalidade: 8)
2026-03-07 18:55:40,228 - INFO - Requisicao (tentativa 1/5): https://pncp.gov.br/api/consulta/v1/contratacoes/publicacao
2026-03-07 18:55:40,506 - INFO - Requisicao bem-sucedida
2026-03-07 18:55:40,508 - INFO -   3 licitacoes TI nesta pagina
2026-03-07 18:55:40,509 - INFO -   Total: 2905 de 6241
2026-03-07 18:55:41,512 - INFO - Pagina 621 (Modalidade: 8)
2026-03-07 18:55:41,513 - INFO - Requisicao (tentativa 1/5): https://pncp.gov.br/api/consulta/v1/contratacoes/publicacao
2026-03-07 18:55:41,773 - INFO - Requisicao bem-sucedida
2026-03-07 18:55:41,775 - INFO -   7 licitacoes TI nesta pagina
2026-03-07 18:55:41,775 - INFO -   Total: 2912 de 6251
2026-03-07 18:55:42,783 - INFO - Pagina 622 (Modalidade: 8)
2026-03-07 18:55:42,783 - INFO - Requisicao (tentativa 1/5): https://pncp.gov.br/api/consulta/v1/contratacoes/publicacao
2026-03-07 18:55:43,094 - INFO - Requisicao bem-sucedida
2026-03-07 18:55:43,094 - INFO -   8 licitacoes TI nesta pagina
2026-03-07 18:55:43,094 - INFO -   Total: 2920 de 6261
2026-03-07 18:55:44,096 - INFO - Pagina 623 (Modalidade: 8)
2026-03-07 18:55:44,099 - INFO - Requisicao (tentativa 1/5): https://pncp.gov.br/api/consulta/v1/contratacoes/publicacao
2026-03-07 18:57:08,542 - WARNING - Erro 500 do servidor PNCP
2026-03-07 18:57:08,544 - INFO - Aguardando 5s antes de tentar novamente...
2026-03-07 18:57:13,545 - INFO - Requisicao (tentativa 2/5): https://pncp.gov.br/api/consulta/v1/contratacoes/publicacao
2026-03-07 18:57:14,213 - INFO - Requisicao bem-sucedida
2026-03-07 18:57:14,224 - INFO -   6 licitacoes TI nesta pagina
2026-03-07 18:57:14,225 - INFO -   Total: 2926 de 6271
2026-03-07 18:57:15,225 - INFO - Pagina 624 (Modalidade: 8)
2026-03-07 18:57:15,226 - INFO - Requisicao (tentativa 1/5): https://pncp.gov.br/api/consulta/v1/contratacoes/publicacao
2026-03-07 18:57:15,821 - INFO - Requisicao bem-sucedida
2026-03-07 18:57:15,822 - INFO -   4 licitacoes TI nesta pagina
2026-03-07 18:57:15,823 - INFO -   Total: 2930 de 6281
2026-03-07 18:57:16,835 - INFO - Pagina 625 (Modalidade: 8)
2026-03-07 18:57:16,836 - INFO - Requisicao (tentativa 1/5): https://pncp.gov.br/api/consulta/v1/contratacoes/publicacao
2026-03-07 18:58:45,944 - WARNING - Erro 500 do servidor PNCP
2026-03-07 18:58:45,945 - INFO - Aguardando 5s antes de tentar novamente...
2026-03-07 18:58:50,955 - INFO - Requisicao (tentativa 2/5): https://pncp.gov.br/api/consulta/v1/contratacoes/publicacao
2026-03-07 18:58:51,375 - INFO - Requisicao bem-sucedida
2026-03-07 18:58:51,377 - INFO -   8 licitacoes TI nesta pagina
2026-03-07 18:58:51,378 - INFO -   Total: 2938 de 6291
2026-03-07 18:58:52,387 - INFO - Pagina 626 (Modalidade: 8)
2026-03-07 18:58:52,388 - INFO - Requisicao (tentativa 1/5): https://pncp.gov.br/api/consulta/v1/contratacoes/publicacao
2026-03-07 18:58:52,673 - INFO - Requisicao bem-sucedida
2026-03-07 18:58:52,676 - INFO -   7 licitacoes TI nesta pagina
2026-03-07 18:58:52,676 - INFO -   Total: 2945 de 6301
2026-03-07 18:58:53,689 - INFO - Pagina 627 (Modalidade: 8)
2026-03-07 18:58:53,690 - INFO - Requisicao (tentativa 1/5): https://pncp.gov.br/api/consulta/v1/contratacoes/publicacao
2026-03-07 18:58:54,007 - INFO - Requisicao bem-sucedida
2026-03-07 18:58:54,008 - INFO -   6 licitacoes TI nesta pagina
2026-03-07 18:58:54,009 - INFO -   Total: 2951 de 6311
2026-03-07 18:58:55,013 - INFO - Pagina 628 (Modalidade: 8)
2026-03-07 18:58:55,014 - INFO - Requisicao (tentativa 1/5): https://pncp.gov.br/api/consulta/v1/contratacoes/publicacao
2026-03-07 18:58:55,292 - INFO - Requisicao bem-sucedida
2026-03-07 18:58:55,293 - INFO -   6 licitacoes TI nesta pagina
2026-03-07 18:58:55,294 - INFO -   Total: 2957 de 6321
2026-03-07 18:58:56,304 - INFO - Pagina 629 (Modalidade: 8)
2026-03-07 18:58:56,306 - INFO - Requisicao (tentativa 1/5): https://pncp.gov.br/api/consulta/v1/contratacoes/publicacao
2026-03-07 18:58:56,694 - INFO - Requisicao bem-sucedida
2026-03-07 18:58:56,697 - INFO -   3 licitacoes TI nesta pagina
2026-03-07 18:58:56,697 - INFO -   Total: 2960 de 6331
2026-03-07 18:58:57,710 - INFO - Pagina 630 (Modalidade: 8)
2026-03-07 18:58:57,711 - INFO - Requisicao (tentativa 1/5): https://pncp.gov.br/api/consulta/v1/contratacoes/publicacao
2026-03-07 18:58:58,079 - INFO - Requisicao bem-sucedida
2026-03-07 18:58:58,081 - INFO -   4 licitacoes TI nesta pagina
2026-03-07 18:58:58,081 - INFO -   Total: 2964 de 6341
2026-03-07 18:58:59,085 - INFO - Pagina 631 (Modalidade: 8)
2026-03-07 18:58:59,085 - INFO - Requisicao (tentativa 1/5): https://pncp.gov.br/api/consulta/v1/contratacoes/publicacao
2026-03-07 18:58:59,470 - INFO - Requisicao bem-sucedida
2026-03-07 18:58:59,471 - INFO -   5 licitacoes TI nesta pagina
2026-03-07 18:58:59,471 - INFO -   Total: 2969 de 6351
2026-03-07 18:59:00,481 - INFO - Pagina 632 (Modalidade: 8)
2026-03-07 18:59:00,482 - INFO - Requisicao (tentativa 1/5): https://pncp.gov.br/api/consulta/v1/contratacoes/publicacao
2026-03-07 18:59:01,478 - INFO - Requisicao bem-sucedida
2026-03-07 18:59:01,480 - INFO -   7 licitacoes TI nesta pagina
2026-03-07 18:59:01,480 - INFO -   Total: 2976 de 6361
2026-03-07 18:59:02,493 - INFO - Pagina 633 (Modalidade: 8)
2026-03-07 18:59:02,494 - INFO - Requisicao (tentativa 1/5): https://pncp.gov.br/api/consulta/v1/contratacoes/publicacao
2026-03-07 18:59:02,848 - INFO - Requisicao bem-sucedida
2026-03-07 18:59:02,850 - INFO -   2 licitacoes TI nesta pagina
2026-03-07 18:59:02,851 - INFO -   Total: 2978 de 6371
2026-03-07 18:59:03,864 - INFO - Pagina 634 (Modalidade: 8)
2026-03-07 18:59:03,865 - INFO - Requisicao (tentativa 1/5): https://pncp.gov.br/api/consulta/v1/contratacoes/publicacao
2026-03-07 18:59:04,247 - INFO - Requisicao bem-sucedida
2026-03-07 18:59:04,249 - INFO -   4 licitacoes TI nesta pagina
2026-03-07 18:59:04,249 - INFO -   Total: 2982 de 6381
2026-03-07 18:59:05,252 - INFO - Pagina 635 (Modalidade: 8)
2026-03-07 18:59:05,253 - INFO - Requisicao (tentativa 1/5): https://pncp.gov.br/api/consulta/v1/contratacoes/publicacao
2026-03-07 18:59:05,803 - INFO - Requisicao bem-sucedida
2026-03-07 18:59:05,805 - INFO -   4 licitacoes TI nesta pagina
2026-03-07 18:59:05,806 - INFO -   Total: 2986 de 6391
2026-03-07 18:59:06,817 - INFO - Pagina 636 (Modalidade: 8)
2026-03-07 18:59:06,844 - INFO - Requisicao (tentativa 1/5): https://pncp.gov.br/api/consulta/v1/contratacoes/publicacao
2026-03-07 18:59:07,327 - INFO - Requisicao bem-sucedida
2026-03-07 18:59:07,329 - INFO -   8 licitacoes TI nesta pagina
2026-03-07 18:59:07,330 - INFO -   Total: 2994 de 6401
2026-03-07 18:59:08,335 - INFO - Pagina 637 (Modalidade: 8)
2026-03-07 18:59:08,335 - INFO - Requisicao (tentativa 1/5): https://pncp.gov.br/api/consulta/v1/contratacoes/publicacao
2026-03-07 19:00:45,793 - INFO - Requisicao bem-sucedida
2026-03-07 19:00:45,795 - INFO -   5 licitacoes TI nesta pagina
2026-03-07 19:00:45,795 - INFO -   Total: 2999 de 6411
2026-03-07 19:00:46,799 - INFO - Pagina 638 (Modalidade: 8)
2026-03-07 19:00:46,800 - INFO - Requisicao (tentativa 1/5): https://pncp.gov.br/api/consulta/v1/contratacoes/publicacao
2026-03-07 19:00:48,096 - INFO - Requisicao bem-sucedida
2026-03-07 19:00:48,098 - INFO -   7 licitacoes TI nesta pagina
2026-03-07 19:00:48,098 - INFO -   Total: 3006 de 6421
2026-03-07 19:00:49,101 - INFO - Pagina 639 (Modalidade: 8)
2026-03-07 19:00:49,102 - INFO - Requisicao (tentativa 1/5): https://pncp.gov.br/api/consulta/v1/contratacoes/publicacao
2026-03-07 19:00:50,156 - INFO - Requisicao bem-sucedida
2026-03-07 19:00:50,158 - INFO -   8 licitacoes TI nesta pagina
2026-03-07 19:00:50,159 - INFO -   Total: 3014 de 6431
2026-03-07 19:00:51,163 - INFO - Pagina 640 (Modalidade: 8)
2026-03-07 19:00:51,164 - INFO - Requisicao (tentativa 1/5): https://pncp.gov.br/api/consulta/v1/contratacoes/publicacao
2026-03-07 19:00:52,029 - INFO - Requisicao bem-sucedida
2026-03-07 19:00:52,031 - INFO -   6 licitacoes TI nesta pagina
2026-03-07 19:00:52,032 - INFO -   Total: 3020 de 6441
2026-03-07 19:00:53,052 - INFO - Pagina 641 (Modalidade: 8)
2026-03-07 19:00:53,054 - INFO - Requisicao (tentativa 1/5): https://pncp.gov.br/api/consulta/v1/contratacoes/publicacao
2026-03-07 19:00:53,795 - INFO - Requisicao bem-sucedida
2026-03-07 19:00:53,797 - INFO -   8 licitacoes TI nesta pagina
2026-03-07 19:00:53,798 - INFO -   Total: 3028 de 6451
2026-03-07 19:00:54,812 - INFO - Pagina 642 (Modalidade: 8)
2026-03-07 19:00:54,813 - INFO - Requisicao (tentativa 1/5): https://pncp.gov.br/api/consulta/v1/contratacoes/publicacao
2026-03-07 19:00:55,449 - INFO - Requisicao bem-sucedida
2026-03-07 19:00:55,450 - INFO -   4 licitacoes TI nesta pagina
2026-03-07 19:00:55,451 - INFO -   Total: 3032 de 6461
2026-03-07 19:00:56,461 - INFO - Pagina 643 (Modalidade: 8)
2026-03-07 19:00:56,462 - INFO - Requisicao (tentativa 1/5): https://pncp.gov.br/api/consulta/v1/contratacoes/publicacao
2026-03-07 19:00:57,700 - INFO - Requisicao bem-sucedida
2026-03-07 19:00:57,702 - INFO -   5 licitacoes TI nesta pagina
2026-03-07 19:00:57,704 - INFO -   Total: 3037 de 6471
2026-03-07 19:00:58,710 - INFO - Pagina 644 (Modalidade: 8)
2026-03-07 19:00:58,710 - INFO - Requisicao (tentativa 1/5): https://pncp.gov.br/api/consulta/v1/contratacoes/publicacao
2026-03-07 19:00:59,711 - INFO - Requisicao bem-sucedida
2026-03-07 19:00:59,713 - INFO -   6 licitacoes TI nesta pagina
2026-03-07 19:00:59,713 - INFO -   Total: 3043 de 6481
2026-03-07 19:01:00,719 - INFO - Pagina 645 (Modalidade: 8)
2026-03-07 19:01:00,720 - INFO - Requisicao (tentativa 1/5): https://pncp.gov.br/api/consulta/v1/contratacoes/publicacao
2026-03-07 19:02:47,628 - WARNING - Erro 500 do servidor PNCP
2026-03-07 19:02:47,630 - INFO - Aguardando 5s antes de tentar novamente...
2026-03-07 19:02:52,642 - INFO - Requisicao (tentativa 2/5): https://pncp.gov.br/api/consulta/v1/contratacoes/publicacao
2026-03-07 19:02:53,752 - INFO - Requisicao bem-sucedida
2026-03-07 19:02:53,755 - INFO -   8 licitacoes TI nesta pagina
2026-03-07 19:02:53,755 - INFO -   Total: 3051 de 6491
2026-03-07 19:02:54,759 - INFO - Pagina 646 (Modalidade: 8)
2026-03-07 19:02:54,760 - INFO - Requisicao (tentativa 1/5): https://pncp.gov.br/api/consulta/v1/contratacoes/publicacao
2026-03-07 19:04:48,134 - INFO - Requisicao bem-sucedida
2026-03-07 19:04:48,137 - INFO -   3 licitacoes TI nesta pagina
2026-03-07 19:04:48,138 - INFO -   Total: 3054 de 6501
2026-03-07 19:04:49,140 - INFO - Pagina 647 (Modalidade: 8)
2026-03-07 19:04:49,141 - INFO - Requisicao (tentativa 1/5): https://pncp.gov.br/api/consulta/v1/contratacoes/publicacao
2026-03-07 19:04:50,468 - INFO - Requisicao bem-sucedida
2026-03-07 19:04:50,471 - INFO -   4 licitacoes TI nesta pagina
2026-03-07 19:04:50,471 - INFO -   Total: 3058 de 6511
2026-03-07 19:04:51,480 - INFO - Pagina 648 (Modalidade: 8)
2026-03-07 19:04:51,481 - INFO - Requisicao (tentativa 1/5): https://pncp.gov.br/api/consulta/v1/contratacoes/publicacao
2026-03-07 19:06:51,513 - WARNING - Timeout na requisicao (tentativa 1/5)
2026-03-07 19:06:53,524 - INFO - Requisicao (tentativa 2/5): https://pncp.gov.br/api/consulta/v1/contratacoes/publicacao
2026-03-07 19:06:54,253 - INFO - Requisicao bem-sucedida
2026-03-07 19:06:54,266 - INFO -   5 licitacoes TI nesta pagina
2026-03-07 19:06:54,267 - INFO -   Total: 3063 de 6521
2026-03-07 19:06:55,273 - INFO - Pagina 649 (Modalidade: 8)
2026-03-07 19:06:55,274 - INFO - Requisicao (tentativa 1/5): https://pncp.gov.br/api/consulta/v1/contratacoes/publicacao
2026-03-07 19:06:55,840 - INFO - Requisicao bem-sucedida
2026-03-07 19:06:55,842 - INFO -   8 licitacoes TI nesta pagina
2026-03-07 19:06:55,843 - INFO -   Total: 3071 de 6531
2026-03-07 19:06:56,849 - INFO - Pagina 650 (Modalidade: 8)
2026-03-07 19:06:56,869 - INFO - Requisicao (tentativa 1/5): https://pncp.gov.br/api/consulta/v1/contratacoes/publicacao
2026-03-07 19:06:57,449 - INFO - Requisicao bem-sucedida
2026-03-07 19:06:57,465 - INFO -   4 licitacoes TI nesta pagina
2026-03-07 19:06:57,476 - INFO -   Total: 3075 de 6541
2026-03-07 19:06:58,482 - INFO - Pagina 651 (Modalidade: 8)
2026-03-07 19:06:58,485 - INFO - Requisicao (tentativa 1/5): https://pncp.gov.br/api/consulta/v1/contratacoes/publicacao
2026-03-07 19:08:58,508 - WARNING - Timeout na requisicao (tentativa 1/5)
2026-03-07 19:09:00,520 - INFO - Requisicao (tentativa 2/5): https://pncp.gov.br/api/consulta/v1/contratacoes/publicacao
2026-03-07 19:09:01,383 - INFO - Requisicao bem-sucedida
2026-03-07 19:09:01,385 - INFO -   5 licitacoes TI nesta pagina
2026-03-07 19:09:01,386 - INFO -   Total: 3080 de 6551
2026-03-07 19:09:02,398 - INFO - Pagina 652 (Modalidade: 8)
2026-03-07 19:09:02,399 - INFO - Requisicao (tentativa 1/5): https://pncp.gov.br/api/consulta/v1/contratacoes/publicacao
2026-03-07 19:09:03,010 - INFO - Requisicao bem-sucedida
2026-03-07 19:09:03,011 - INFO -   5 licitacoes TI nesta pagina
2026-03-07 19:09:03,012 - INFO -   Total: 3085 de 6561
2026-03-07 19:09:04,027 - INFO - Pagina 653 (Modalidade: 8)
2026-03-07 19:09:04,028 - INFO - Requisicao (tentativa 1/5): https://pncp.gov.br/api/consulta/v1/contratacoes/publicacao
2026-03-07 19:09:04,385 - INFO - Requisicao bem-sucedida
2026-03-07 19:09:04,388 - INFO -   4 licitacoes TI nesta pagina
2026-03-07 19:09:04,388 - INFO -   Total: 3089 de 6571
2026-03-07 19:09:05,395 - INFO - Pagina 654 (Modalidade: 8)
2026-03-07 19:09:05,396 - INFO - Requisicao (tentativa 1/5): https://pncp.gov.br/api/consulta/v1/contratacoes/publicacao
2026-03-07 19:11:05,417 - WARNING - Timeout na requisicao (tentativa 1/5)
2026-03-07 19:11:07,426 - INFO - Requisicao (tentativa 2/5): https://pncp.gov.br/api/consulta/v1/contratacoes/publicacao
2026-03-07 19:11:08,301 - INFO - Requisicao bem-sucedida
2026-03-07 19:11:08,304 - INFO -   5 licitacoes TI nesta pagina
2026-03-07 19:11:08,304 - INFO -   Total: 3094 de 6581
2026-03-07 19:11:09,307 - INFO - Pagina 655 (Modalidade: 8)
2026-03-07 19:11:09,308 - INFO - Requisicao (tentativa 1/5): https://pncp.gov.br/api/consulta/v1/contratacoes/publicacao
2026-03-07 19:11:09,608 - INFO - Requisicao bem-sucedida
2026-03-07 19:11:09,610 - INFO -   7 licitacoes TI nesta pagina
2026-03-07 19:11:09,610 - INFO -   Total: 3101 de 6591
2026-03-07 19:11:10,616 - INFO - Pagina 656 (Modalidade: 8)
2026-03-07 19:11:10,618 - INFO - Requisicao (tentativa 1/5): https://pncp.gov.br/api/consulta/v1/contratacoes/publicacao
2026-03-07 19:11:10,980 - INFO - Requisicao bem-sucedida
2026-03-07 19:11:10,982 - INFO -   4 licitacoes TI nesta pagina
2026-03-07 19:11:10,983 - INFO -   Total: 3105 de 6601
2026-03-07 19:11:11,998 - INFO - Pagina 657 (Modalidade: 8)
2026-03-07 19:11:11,999 - INFO - Requisicao (tentativa 1/5): https://pncp.gov.br/api/consulta/v1/contratacoes/publicacao
2026-03-07 19:11:12,304 - INFO - Requisicao bem-sucedida
2026-03-07 19:11:12,308 - INFO -   7 licitacoes TI nesta pagina
2026-03-07 19:11:12,308 - INFO -   Total: 3112 de 6611
2026-03-07 19:11:13,316 - INFO - Pagina 658 (Modalidade: 8)
2026-03-07 19:11:13,318 - INFO - Requisicao (tentativa 1/5): https://pncp.gov.br/api/consulta/v1/contratacoes/publicacao
2026-03-07 19:13:13,334 - WARNING - Timeout na requisicao (tentativa 1/5)
2026-03-07 19:13:15,342 - INFO - Requisicao (tentativa 2/5): https://pncp.gov.br/api/consulta/v1/contratacoes/publicacao
2026-03-07 19:13:16,298 - INFO - Requisicao bem-sucedida
2026-03-07 19:13:16,300 - INFO -   4 licitacoes TI nesta pagina
2026-03-07 19:13:16,300 - INFO -   Total: 3116 de 6621
2026-03-07 19:13:17,303 - INFO - Pagina 659 (Modalidade: 8)
2026-03-07 19:13:17,304 - INFO - Requisicao (tentativa 1/5): https://pncp.gov.br/api/consulta/v1/contratacoes/publicacao
2026-03-07 19:13:17,889 - INFO - Requisicao bem-sucedida
2026-03-07 19:13:17,891 - INFO -   3 licitacoes TI nesta pagina
2026-03-07 19:13:17,892 - INFO -   Total: 3119 de 6631
2026-03-07 19:13:18,898 - INFO - Pagina 660 (Modalidade: 8)
2026-03-07 19:13:18,899 - INFO - Requisicao (tentativa 1/5): https://pncp.gov.br/api/consulta/v1/contratacoes/publicacao
2026-03-07 19:13:19,731 - INFO - Requisicao bem-sucedida
2026-03-07 19:13:19,732 - INFO -   6 licitacoes TI nesta pagina
2026-03-07 19:13:19,734 - INFO -   Total: 3125 de 6641
2026-03-07 19:13:20,747 - INFO - Pagina 661 (Modalidade: 8)
2026-03-07 19:13:20,748 - INFO - Requisicao (tentativa 1/5): https://pncp.gov.br/api/consulta/v1/contratacoes/publicacao
2026-03-07 19:13:21,108 - INFO - Requisicao bem-sucedida
2026-03-07 19:13:21,109 - INFO -   2 licitacoes TI nesta pagina
2026-03-07 19:13:21,110 - INFO -   Total: 3127 de 6651
2026-03-07 19:13:22,116 - INFO - Pagina 662 (Modalidade: 8)
2026-03-07 19:13:22,117 - INFO - Requisicao (tentativa 1/5): https://pncp.gov.br/api/consulta/v1/contratacoes/publicacao
2026-03-07 19:13:23,195 - INFO - Requisicao bem-sucedida
2026-03-07 19:13:23,197 - INFO -   6 licitacoes TI nesta pagina
2026-03-07 19:13:23,198 - INFO -   Total: 3133 de 6661
2026-03-07 19:13:24,212 - INFO - Pagina 663 (Modalidade: 8)
2026-03-07 19:13:24,212 - INFO - Requisicao (tentativa 1/5): https://pncp.gov.br/api/consulta/v1/contratacoes/publicacao
2026-03-07 19:13:24,490 - INFO - Requisicao bem-sucedida
2026-03-07 19:13:24,492 - INFO -   6 licitacoes TI nesta pagina
2026-03-07 19:13:24,494 - INFO -   Total: 3139 de 6671
2026-03-07 19:13:25,508 - INFO - Pagina 664 (Modalidade: 8)
2026-03-07 19:13:25,509 - INFO - Requisicao (tentativa 1/5): https://pncp.gov.br/api/consulta/v1/contratacoes/publicacao
2026-03-07 19:13:26,089 - INFO - Requisicao bem-sucedida
2026-03-07 19:13:26,091 - INFO -   7 licitacoes TI nesta pagina
2026-03-07 19:13:26,092 - INFO -   Total: 3146 de 6681
2026-03-07 19:13:27,098 - INFO - Pagina 665 (Modalidade: 8)
2026-03-07 19:13:27,099 - INFO - Requisicao (tentativa 1/5): https://pncp.gov.br/api/consulta/v1/contratacoes/publicacao
2026-03-07 19:13:27,893 - INFO - Requisicao bem-sucedida
2026-03-07 19:13:27,893 - INFO -   5 licitacoes TI nesta pagina
2026-03-07 19:13:27,894 - INFO -   Total: 3151 de 6691
2026-03-07 19:13:28,907 - INFO - Pagina 666 (Modalidade: 8)
2026-03-07 19:13:28,908 - INFO - Requisicao (tentativa 1/5): https://pncp.gov.br/api/consulta/v1/contratacoes/publicacao
2026-03-07 19:13:29,207 - INFO - Requisicao bem-sucedida
2026-03-07 19:13:29,209 - INFO -   7 licitacoes TI nesta pagina
2026-03-07 19:13:29,209 - INFO -   Total: 3158 de 6701
2026-03-07 19:13:30,210 - INFO - Pagina 667 (Modalidade: 8)
2026-03-07 19:13:30,210 - INFO - Requisicao (tentativa 1/5): https://pncp.gov.br/api/consulta/v1/contratacoes/publicacao
2026-03-07 19:13:30,497 - INFO - Requisicao bem-sucedida
2026-03-07 19:13:30,499 - INFO -   6 licitacoes TI nesta pagina
2026-03-07 19:13:30,500 - INFO -   Total: 3164 de 6711
2026-03-07 19:13:31,514 - INFO - Pagina 668 (Modalidade: 8)
2026-03-07 19:13:31,515 - INFO - Requisicao (tentativa 1/5): https://pncp.gov.br/api/consulta/v1/contratacoes/publicacao
2026-03-07 19:13:31,816 - INFO - Requisicao bem-sucedida
2026-03-07 19:13:31,817 - INFO -   9 licitacoes TI nesta pagina
2026-03-07 19:13:31,818 - INFO -   Total: 3173 de 6721
2026-03-07 19:13:32,830 - INFO - Pagina 669 (Modalidade: 8)
2026-03-07 19:13:32,831 - INFO - Requisicao (tentativa 1/5): https://pncp.gov.br/api/consulta/v1/contratacoes/publicacao
2026-03-07 19:13:33,870 - INFO - Requisicao bem-sucedida
2026-03-07 19:13:33,872 - INFO -   9 licitacoes TI nesta pagina
2026-03-07 19:13:33,872 - INFO -   Total: 3182 de 6731
2026-03-07 19:13:34,879 - INFO - Pagina 670 (Modalidade: 8)
2026-03-07 19:13:34,880 - INFO - Requisicao (tentativa 1/5): https://pncp.gov.br/api/consulta/v1/contratacoes/publicacao
2026-03-07 19:15:34,892 - WARNING - Timeout na requisicao (tentativa 1/5)
2026-03-07 19:15:36,917 - INFO - Requisicao (tentativa 2/5): https://pncp.gov.br/api/consulta/v1/contratacoes/publicacao
2026-03-07 19:15:38,533 - INFO - Requisicao bem-sucedida
2026-03-07 19:15:38,536 - INFO -   9 licitacoes TI nesta pagina
2026-03-07 19:15:38,537 - INFO -   Total: 3191 de 6741
2026-03-07 19:15:39,542 - INFO - Pagina 671 (Modalidade: 8)
2026-03-07 19:15:39,543 - INFO - Requisicao (tentativa 1/5): https://pncp.gov.br/api/consulta/v1/contratacoes/publicacao
2026-03-07 19:15:40,719 - INFO - Requisicao bem-sucedida
2026-03-07 19:15:40,784 - INFO -   9 licitacoes TI nesta pagina
2026-03-07 19:15:40,813 - INFO -   Total: 3200 de 6751
2026-03-07 19:15:41,832 - INFO - Pagina 672 (Modalidade: 8)
2026-03-07 19:15:41,834 - INFO - Requisicao (tentativa 1/5): https://pncp.gov.br/api/consulta/v1/contratacoes/publicacao
2026-03-07 19:15:42,743 - INFO - Requisicao bem-sucedida
2026-03-07 19:15:42,759 - INFO -   7 licitacoes TI nesta pagina
2026-03-07 19:15:42,760 - INFO -   Total: 3207 de 6761
2026-03-07 19:15:43,766 - INFO - Pagina 673 (Modalidade: 8)
2026-03-07 19:15:43,806 - INFO - Requisicao (tentativa 1/5): https://pncp.gov.br/api/consulta/v1/contratacoes/publicacao
2026-03-07 19:17:30,110 - WARNING - Erro 500 do servidor PNCP
2026-03-07 19:17:30,111 - INFO - Aguardando 5s antes de tentar novamente...
2026-03-07 19:17:35,120 - INFO - Requisicao (tentativa 2/5): https://pncp.gov.br/api/consulta/v1/contratacoes/publicacao
2026-03-07 19:17:35,957 - INFO - Requisicao bem-sucedida
2026-03-07 19:17:35,959 - INFO -   8 licitacoes TI nesta pagina
2026-03-07 19:17:35,959 - INFO -   Total: 3215 de 6771
2026-03-07 19:17:36,962 - INFO - Pagina 674 (Modalidade: 8)
2026-03-07 19:17:36,966 - INFO - Requisicao (tentativa 1/5): https://pncp.gov.br/api/consulta/v1/contratacoes/publicacao
2026-03-07 19:17:37,263 - INFO - Requisicao bem-sucedida
2026-03-07 19:17:37,265 - INFO -   8 licitacoes TI nesta pagina
2026-03-07 19:17:37,266 - INFO -   Total: 3223 de 6781
2026-03-07 19:17:38,268 - INFO - Pagina 675 (Modalidade: 8)
2026-03-07 19:17:38,270 - INFO - Requisicao (tentativa 1/5): https://pncp.gov.br/api/consulta/v1/contratacoes/publicacao
2026-03-07 19:17:39,059 - INFO - Requisicao bem-sucedida
2026-03-07 19:17:39,062 - INFO -   9 licitacoes TI nesta pagina
2026-03-07 19:17:39,062 - INFO -   Total: 3232 de 6791
2026-03-07 19:17:40,067 - INFO - Pagina 676 (Modalidade: 8)
2026-03-07 19:17:40,068 - INFO - Requisicao (tentativa 1/5): https://pncp.gov.br/api/consulta/v1/contratacoes/publicacao
2026-03-07 19:17:40,350 - INFO - Requisicao bem-sucedida
2026-03-07 19:17:40,352 - INFO -   5 licitacoes TI nesta pagina
2026-03-07 19:17:40,353 - INFO -   Total: 3237 de 6801
2026-03-07 19:17:41,366 - INFO - Pagina 677 (Modalidade: 8)
2026-03-07 19:17:41,366 - INFO - Requisicao (tentativa 1/5): https://pncp.gov.br/api/consulta/v1/contratacoes/publicacao
2026-03-07 19:17:41,643 - INFO - Requisicao bem-sucedida
2026-03-07 19:17:41,645 - INFO -   7 licitacoes TI nesta pagina
2026-03-07 19:17:41,645 - INFO -   Total: 3244 de 6811
2026-03-07 19:17:42,647 - INFO - Pagina 678 (Modalidade: 8)
2026-03-07 19:17:42,671 - INFO - Requisicao (tentativa 1/5): https://pncp.gov.br/api/consulta/v1/contratacoes/publicacao
2026-03-07 19:17:43,268 - INFO - Requisicao bem-sucedida
2026-03-07 19:17:43,270 - INFO -   5 licitacoes TI nesta pagina
2026-03-07 19:17:43,271 - INFO -   Total: 3249 de 6821
2026-03-07 19:17:44,284 - INFO - Pagina 679 (Modalidade: 8)
2026-03-07 19:17:44,285 - INFO - Requisicao (tentativa 1/5): https://pncp.gov.br/api/consulta/v1/contratacoes/publicacao
2026-03-07 19:19:26,088 - WARNING - Erro 500 do servidor PNCP
2026-03-07 19:19:26,091 - INFO - Aguardando 5s antes de tentar novamente...
2026-03-07 19:19:31,104 - INFO - Requisicao (tentativa 2/5): https://pncp.gov.br/api/consulta/v1/contratacoes/publicacao
2026-03-07 19:19:31,376 - INFO - Requisicao bem-sucedida
2026-03-07 19:19:31,380 - INFO -   10 licitacoes TI nesta pagina
2026-03-07 19:19:31,380 - INFO -   Total: 3259 de 6831
2026-03-07 19:19:32,385 - INFO - Pagina 680 (Modalidade: 8)
2026-03-07 19:19:32,386 - INFO - Requisicao (tentativa 1/5): https://pncp.gov.br/api/consulta/v1/contratacoes/publicacao
2026-03-07 19:20:58,829 - WARNING - Erro 500 do servidor PNCP
2026-03-07 19:20:58,830 - INFO - Aguardando 5s antes de tentar novamente...
2026-03-07 19:21:03,833 - INFO - Requisicao (tentativa 2/5): https://pncp.gov.br/api/consulta/v1/contratacoes/publicacao
2026-03-07 19:21:05,620 - INFO - Requisicao bem-sucedida
2026-03-07 19:21:05,621 - INFO -   7 licitacoes TI nesta pagina
2026-03-07 19:21:05,621 - INFO -   Total: 3266 de 6841
2026-03-07 19:21:06,626 - INFO - Pagina 681 (Modalidade: 8)
2026-03-07 19:21:06,627 - INFO - Requisicao (tentativa 1/5): https://pncp.gov.br/api/consulta/v1/contratacoes/publicacao
2026-03-07 19:21:08,049 - INFO - Requisicao bem-sucedida
2026-03-07 19:21:08,051 - INFO -   6 licitacoes TI nesta pagina
2026-03-07 19:21:08,052 - INFO -   Total: 3272 de 6851
2026-03-07 19:21:09,058 - INFO - Pagina 682 (Modalidade: 8)
2026-03-07 19:21:09,059 - INFO - Requisicao (tentativa 1/5): https://pncp.gov.br/api/consulta/v1/contratacoes/publicacao
2026-03-07 19:21:09,573 - INFO - Requisicao bem-sucedida
2026-03-07 19:21:09,576 - INFO -   7 licitacoes TI nesta pagina
2026-03-07 19:21:09,576 - INFO -   Total: 3279 de 6861
2026-03-07 19:21:10,589 - INFO - Pagina 683 (Modalidade: 8)
2026-03-07 19:21:10,590 - INFO - Requisicao (tentativa 1/5): https://pncp.gov.br/api/consulta/v1/contratacoes/publicacao
2026-03-07 19:21:10,919 - INFO - Requisicao bem-sucedida
2026-03-07 19:21:10,921 - INFO -   6 licitacoes TI nesta pagina
2026-03-07 19:21:10,921 - INFO -   Total: 3285 de 6871
2026-03-07 19:21:11,923 - INFO - Pagina 684 (Modalidade: 8)
2026-03-07 19:21:11,924 - INFO - Requisicao (tentativa 1/5): https://pncp.gov.br/api/consulta/v1/contratacoes/publicacao
2026-03-07 19:21:12,209 - INFO - Requisicao bem-sucedida
2026-03-07 19:21:12,211 - INFO -   6 licitacoes TI nesta pagina
2026-03-07 19:21:12,211 - INFO -   Total: 3291 de 6881
2026-03-07 19:21:13,224 - INFO - Pagina 685 (Modalidade: 8)
2026-03-07 19:21:13,224 - INFO - Requisicao (tentativa 1/5): https://pncp.gov.br/api/consulta/v1/contratacoes/publicacao
2026-03-07 19:21:14,111 - INFO - Requisicao bem-sucedida
2026-03-07 19:21:14,113 - INFO -   8 licitacoes TI nesta pagina
2026-03-07 19:21:14,113 - INFO -   Total: 3299 de 6891
2026-03-07 19:21:15,122 - INFO - Pagina 686 (Modalidade: 8)
2026-03-07 19:21:15,131 - INFO - Requisicao (tentativa 1/5): https://pncp.gov.br/api/consulta/v1/contratacoes/publicacao
2026-03-07 19:21:16,709 - INFO - Requisicao bem-sucedida
2026-03-07 19:21:16,710 - INFO -   5 licitacoes TI nesta pagina
2026-03-07 19:21:16,711 - INFO -   Total: 3304 de 6901
2026-03-07 19:21:17,720 - INFO - Pagina 687 (Modalidade: 8)
2026-03-07 19:21:17,721 - INFO - Requisicao (tentativa 1/5): https://pncp.gov.br/api/consulta/v1/contratacoes/publicacao
2026-03-07 19:21:18,717 - INFO - Requisicao bem-sucedida
2026-03-07 19:21:18,718 - INFO -   4 licitacoes TI nesta pagina
2026-03-07 19:21:18,718 - INFO -   Total: 3308 de 6911
2026-03-07 19:21:19,722 - INFO - Pagina 688 (Modalidade: 8)
2026-03-07 19:21:19,723 - INFO - Requisicao (tentativa 1/5): https://pncp.gov.br/api/consulta/v1/contratacoes/publicacao
2026-03-07 19:21:20,779 - INFO - Requisicao bem-sucedida
2026-03-07 19:21:20,780 - INFO -   5 licitacoes TI nesta pagina
2026-03-07 19:21:20,781 - INFO -   Total: 3313 de 6921
2026-03-07 19:21:21,788 - INFO - Pagina 689 (Modalidade: 8)
2026-03-07 19:21:21,789 - INFO - Requisicao (tentativa 1/5): https://pncp.gov.br/api/consulta/v1/contratacoes/publicacao
2026-03-07 19:21:22,277 - INFO - Requisicao bem-sucedida
2026-03-07 19:21:22,278 - INFO -   3 licitacoes TI nesta pagina
2026-03-07 19:21:22,279 - INFO -   Total: 3316 de 6931
2026-03-07 19:21:23,287 - INFO - Pagina 690 (Modalidade: 8)
2026-03-07 19:21:23,288 - INFO - Requisicao (tentativa 1/5): https://pncp.gov.br/api/consulta/v1/contratacoes/publicacao
2026-03-07 19:21:24,024 - INFO - Requisicao bem-sucedida
2026-03-07 19:21:24,025 - INFO -   4 licitacoes TI nesta pagina
2026-03-07 19:21:24,025 - INFO -   Total: 3320 de 6941
2026-03-07 19:21:25,031 - INFO - Pagina 691 (Modalidade: 8)
2026-03-07 19:21:25,031 - INFO - Requisicao (tentativa 1/5): https://pncp.gov.br/api/consulta/v1/contratacoes/publicacao
2026-03-07 19:21:26,136 - INFO - Requisicao bem-sucedida
2026-03-07 19:21:26,137 - INFO -   4 licitacoes TI nesta pagina
2026-03-07 19:21:26,138 - INFO -   Total: 3324 de 6951
2026-03-07 19:21:27,139 - INFO - Pagina 692 (Modalidade: 8)
2026-03-07 19:21:27,139 - INFO - Requisicao (tentativa 1/5): https://pncp.gov.br/api/consulta/v1/contratacoes/publicacao
2026-03-07 19:21:27,449 - INFO - Requisicao bem-sucedida
2026-03-07 19:21:27,450 - INFO -   4 licitacoes TI nesta pagina
2026-03-07 19:21:27,450 - INFO -   Total: 3328 de 6961
2026-03-07 19:21:28,454 - INFO - Pagina 693 (Modalidade: 8)
2026-03-07 19:21:28,456 - INFO - Requisicao (tentativa 1/5): https://pncp.gov.br/api/consulta/v1/contratacoes/publicacao
2026-03-07 19:21:29,175 - INFO - Requisicao bem-sucedida
2026-03-07 19:21:29,177 - INFO -   6 licitacoes TI nesta pagina
2026-03-07 19:21:29,177 - INFO -   Total: 3334 de 6971
2026-03-07 19:21:30,189 - INFO - Pagina 694 (Modalidade: 8)
2026-03-07 19:21:30,190 - INFO - Requisicao (tentativa 1/5): https://pncp.gov.br/api/consulta/v1/contratacoes/publicacao
2026-03-07 19:22:59,773 - INFO - Requisicao bem-sucedida
2026-03-07 19:22:59,776 - INFO -   7 licitacoes TI nesta pagina
2026-03-07 19:22:59,776 - INFO -   Total: 3341 de 6981
2026-03-07 19:23:00,779 - INFO - Pagina 695 (Modalidade: 8)
2026-03-07 19:23:00,781 - INFO - Requisicao (tentativa 1/5): https://pncp.gov.br/api/consulta/v1/contratacoes/publicacao
2026-03-07 19:23:01,493 - INFO - Requisicao bem-sucedida
2026-03-07 19:23:01,496 - INFO -   4 licitacoes TI nesta pagina
2026-03-07 19:23:01,496 - INFO -   Total: 3345 de 6991
2026-03-07 19:23:02,507 - INFO - Pagina 696 (Modalidade: 8)
2026-03-07 19:23:02,508 - INFO - Requisicao (tentativa 1/5): https://pncp.gov.br/api/consulta/v1/contratacoes/publicacao
2026-03-07 19:23:03,340 - INFO - Requisicao bem-sucedida
2026-03-07 19:23:03,341 - INFO -   5 licitacoes TI nesta pagina
2026-03-07 19:23:03,342 - INFO -   Total: 3350 de 7001
2026-03-07 19:23:04,344 - INFO - Pagina 697 (Modalidade: 8)
2026-03-07 19:23:04,344 - INFO - Requisicao (tentativa 1/5): https://pncp.gov.br/api/consulta/v1/contratacoes/publicacao
2026-03-07 19:23:06,734 - INFO - Requisicao bem-sucedida
2026-03-07 19:23:06,754 - INFO -   4 licitacoes TI nesta pagina
2026-03-07 19:23:06,756 - INFO -   Total: 3354 de 7011
2026-03-07 19:23:07,760 - INFO - Pagina 698 (Modalidade: 8)
2026-03-07 19:23:07,769 - INFO - Requisicao (tentativa 1/5): https://pncp.gov.br/api/consulta/v1/contratacoes/publicacao
2026-03-07 19:23:09,343 - INFO - Requisicao bem-sucedida
2026-03-07 19:23:09,347 - INFO -   6 licitacoes TI nesta pagina
2026-03-07 19:23:09,347 - INFO -   Total: 3360 de 7021
2026-03-07 19:23:10,351 - INFO - Pagina 699 (Modalidade: 8)
2026-03-07 19:23:10,365 - INFO - Requisicao (tentativa 1/5): https://pncp.gov.br/api/consulta/v1/contratacoes/publicacao
2026-03-07 19:23:11,046 - INFO - Requisicao bem-sucedida
2026-03-07 19:23:11,048 - INFO -   6 licitacoes TI nesta pagina
2026-03-07 19:23:11,049 - INFO -   Total: 3366 de 7031
2026-03-07 19:23:12,052 - INFO - Pagina 700 (Modalidade: 8)
2026-03-07 19:23:12,058 - INFO - Requisicao (tentativa 1/5): https://pncp.gov.br/api/consulta/v1/contratacoes/publicacao
2026-03-07 19:23:14,306 - INFO - Requisicao bem-sucedida
2026-03-07 19:23:14,318 - INFO -   4 licitacoes TI nesta pagina
2026-03-07 19:23:14,318 - INFO -   Total: 3370 de 7041
2026-03-07 19:23:15,321 - INFO - Pagina 701 (Modalidade: 8)
2026-03-07 19:23:15,334 - INFO - Requisicao (tentativa 1/5): https://pncp.gov.br/api/consulta/v1/contratacoes/publicacao
2026-03-07 19:23:16,104 - INFO - Requisicao bem-sucedida
2026-03-07 19:23:16,104 - INFO -   5 licitacoes TI nesta pagina
2026-03-07 19:23:16,104 - INFO -   Total: 3375 de 7051
2026-03-07 19:23:17,107 - INFO - Pagina 702 (Modalidade: 8)
2026-03-07 19:23:17,108 - INFO - Requisicao (tentativa 1/5): https://pncp.gov.br/api/consulta/v1/contratacoes/publicacao
2026-03-07 19:23:17,685 - INFO - Requisicao bem-sucedida
2026-03-07 19:23:17,686 - INFO -   4 licitacoes TI nesta pagina
2026-03-07 19:23:17,686 - INFO -   Total: 3379 de 7061
2026-03-07 19:23:18,690 - INFO - Pagina 703 (Modalidade: 8)
2026-03-07 19:23:18,692 - INFO - Requisicao (tentativa 1/5): https://pncp.gov.br/api/consulta/v1/contratacoes/publicacao
2026-03-07 19:23:20,239 - INFO - Requisicao bem-sucedida
2026-03-07 19:23:20,261 - INFO -   5 licitacoes TI nesta pagina
2026-03-07 19:23:20,262 - INFO -   Total: 3384 de 7071
2026-03-07 19:23:21,271 - INFO - Pagina 704 (Modalidade: 8)
2026-03-07 19:23:21,271 - INFO - Requisicao (tentativa 1/5): https://pncp.gov.br/api/consulta/v1/contratacoes/publicacao
2026-03-07 19:23:22,508 - INFO - Requisicao bem-sucedida
2026-03-07 19:23:22,510 - INFO -   4 licitacoes TI nesta pagina
2026-03-07 19:23:22,510 - INFO -   Total: 3388 de 7081
2026-03-07 19:23:23,520 - INFO - Pagina 705 (Modalidade: 8)
2026-03-07 19:23:23,521 - INFO - Requisicao (tentativa 1/5): https://pncp.gov.br/api/consulta/v1/contratacoes/publicacao
2026-03-07 19:23:24,575 - INFO - Requisicao bem-sucedida
2026-03-07 19:23:24,614 - INFO -   5 licitacoes TI nesta pagina
2026-03-07 19:23:24,627 - INFO -   Total: 3393 de 7091
2026-03-07 19:23:25,639 - INFO - Pagina 706 (Modalidade: 8)
2026-03-07 19:23:25,650 - INFO - Requisicao (tentativa 1/5): https://pncp.gov.br/api/consulta/v1/contratacoes/publicacao
2026-03-07 19:23:26,106 - INFO - Requisicao bem-sucedida
2026-03-07 19:23:26,172 - INFO -   3 licitacoes TI nesta pagina
2026-03-07 19:23:26,214 - INFO -   Total: 3396 de 7101
2026-03-07 19:23:27,238 - INFO - Pagina 707 (Modalidade: 8)
2026-03-07 19:23:27,260 - INFO - Requisicao (tentativa 1/5): https://pncp.gov.br/api/consulta/v1/contratacoes/publicacao
2026-03-07 19:23:27,950 - INFO - Requisicao bem-sucedida
2026-03-07 19:23:27,953 - INFO -   5 licitacoes TI nesta pagina
2026-03-07 19:23:27,953 - INFO -   Total: 3401 de 7111
2026-03-07 19:23:28,957 - INFO - Pagina 708 (Modalidade: 8)
2026-03-07 19:23:28,960 - INFO - Requisicao (tentativa 1/5): https://pncp.gov.br/api/consulta/v1/contratacoes/publicacao
2026-03-07 19:23:29,637 - INFO - Requisicao bem-sucedida
2026-03-07 19:23:29,641 - INFO -   5 licitacoes TI nesta pagina
2026-03-07 19:23:29,656 - INFO -   Total: 3406 de 7121
2026-03-07 19:23:30,705 - INFO - Pagina 709 (Modalidade: 8)
2026-03-07 19:23:30,706 - INFO - Requisicao (tentativa 1/5): https://pncp.gov.br/api/consulta/v1/contratacoes/publicacao
2026-03-07 19:23:31,697 - INFO - Requisicao bem-sucedida
2026-03-07 19:23:31,726 - INFO -   5 licitacoes TI nesta pagina
2026-03-07 19:23:31,753 - INFO -   Total: 3411 de 7131
2026-03-07 19:23:32,758 - INFO - Pagina 710 (Modalidade: 8)
2026-03-07 19:23:32,806 - INFO - Requisicao (tentativa 1/5): https://pncp.gov.br/api/consulta/v1/contratacoes/publicacao
2026-03-07 19:25:02,261 - WARNING - Erro 500 do servidor PNCP
2026-03-07 19:25:02,269 - INFO - Aguardando 5s antes de tentar novamente...
2026-03-07 19:25:07,282 - INFO - Requisicao (tentativa 2/5): https://pncp.gov.br/api/consulta/v1/contratacoes/publicacao
2026-03-07 19:27:07,309 - WARNING - Timeout na requisicao (tentativa 2/5)
2026-03-07 19:27:09,317 - INFO - Requisicao (tentativa 3/5): https://pncp.gov.br/api/consulta/v1/contratacoes/publicacao
2026-03-07 19:27:10,936 - INFO - Requisicao bem-sucedida
2026-03-07 19:27:10,949 - INFO -   7 licitacoes TI nesta pagina
2026-03-07 19:27:10,949 - INFO -   Total: 3418 de 7141
2026-03-07 19:27:11,950 - INFO - Pagina 711 (Modalidade: 8)
2026-03-07 19:27:11,951 - INFO - Requisicao (tentativa 1/5): https://pncp.gov.br/api/consulta/v1/contratacoes/publicacao
2026-03-07 19:27:14,288 - INFO - Requisicao bem-sucedida
2026-03-07 19:27:14,289 - INFO -   4 licitacoes TI nesta pagina
2026-03-07 19:27:14,289 - INFO -   Total: 3422 de 7151
2026-03-07 19:27:15,294 - INFO - Pagina 712 (Modalidade: 8)
2026-03-07 19:27:15,294 - INFO - Requisicao (tentativa 1/5): https://pncp.gov.br/api/consulta/v1/contratacoes/publicacao
2026-03-07 19:27:16,611 - INFO - Requisicao bem-sucedida
2026-03-07 19:27:16,615 - INFO -   2 licitacoes TI nesta pagina
2026-03-07 19:27:16,616 - INFO -   Total: 3424 de 7161
2026-03-07 19:27:17,634 - INFO - Pagina 713 (Modalidade: 8)
2026-03-07 19:27:17,646 - INFO - Requisicao (tentativa 1/5): https://pncp.gov.br/api/consulta/v1/contratacoes/publicacao
2026-03-07 19:27:18,824 - INFO - Requisicao bem-sucedida
2026-03-07 19:27:18,825 - INFO -   8 licitacoes TI nesta pagina
2026-03-07 19:27:18,825 - INFO -   Total: 3432 de 7171
2026-03-07 19:27:19,828 - INFO - Pagina 714 (Modalidade: 8)
2026-03-07 19:27:19,831 - INFO - Requisicao (tentativa 1/5): https://pncp.gov.br/api/consulta/v1/contratacoes/publicacao
2026-03-07 19:27:20,327 - INFO - Requisicao bem-sucedida
2026-03-07 19:27:20,332 - INFO -   6 licitacoes TI nesta pagina
2026-03-07 19:27:20,333 - INFO -   Total: 3438 de 7181
2026-03-07 19:27:21,339 - INFO - Pagina 715 (Modalidade: 8)
2026-03-07 19:27:21,345 - INFO - Requisicao (tentativa 1/5): https://pncp.gov.br/api/consulta/v1/contratacoes/publicacao
2026-03-07 19:27:22,061 - INFO - Requisicao bem-sucedida
2026-03-07 19:27:22,064 - INFO -   4 licitacoes TI nesta pagina
2026-03-07 19:27:22,064 - INFO -   Total: 3442 de 7191
2026-03-07 19:27:23,068 - INFO - Pagina 716 (Modalidade: 8)
2026-03-07 19:27:23,081 - INFO - Requisicao (tentativa 1/5): https://pncp.gov.br/api/consulta/v1/contratacoes/publicacao
2026-03-07 19:27:23,886 - INFO - Requisicao bem-sucedida
2026-03-07 19:27:23,889 - INFO -   6 licitacoes TI nesta pagina
2026-03-07 19:27:23,889 - INFO -   Total: 3448 de 7201
2026-03-07 19:27:24,900 - INFO - Pagina 717 (Modalidade: 8)
2026-03-07 19:27:24,901 - INFO - Requisicao (tentativa 1/5): https://pncp.gov.br/api/consulta/v1/contratacoes/publicacao
2026-03-07 19:27:25,636 - INFO - Requisicao bem-sucedida
2026-03-07 19:27:25,637 - INFO -   2 licitacoes TI nesta pagina
2026-03-07 19:27:25,638 - INFO -   Total: 3450 de 7211
2026-03-07 19:27:26,645 - INFO - Pagina 718 (Modalidade: 8)
2026-03-07 19:27:26,646 - INFO - Requisicao (tentativa 1/5): https://pncp.gov.br/api/consulta/v1/contratacoes/publicacao
2026-03-07 19:28:19,250 - INFO - Requisicao bem-sucedida
2026-03-07 19:28:19,251 - INFO -   4 licitacoes TI nesta pagina
2026-03-07 19:28:19,251 - INFO -   Total: 3454 de 7221
2026-03-07 19:28:20,259 - INFO - Pagina 719 (Modalidade: 8)
2026-03-07 19:28:20,259 - INFO - Requisicao (tentativa 1/5): https://pncp.gov.br/api/consulta/v1/contratacoes/publicacao
2026-03-07 19:28:21,120 - INFO - Requisicao bem-sucedida
2026-03-07 19:28:21,121 - INFO -   5 licitacoes TI nesta pagina
2026-03-07 19:28:21,121 - INFO -   Total: 3459 de 7231
2026-03-07 19:28:22,131 - INFO - Pagina 720 (Modalidade: 8)
2026-03-07 19:28:22,133 - INFO - Requisicao (tentativa 1/5): https://pncp.gov.br/api/consulta/v1/contratacoes/publicacao
2026-03-07 19:28:24,071 - INFO - Requisicao bem-sucedida
2026-03-07 19:28:24,071 - INFO -   3 licitacoes TI nesta pagina
2026-03-07 19:28:24,071 - INFO -   Total: 3462 de 7241
2026-03-07 19:28:25,078 - INFO - Pagina 721 (Modalidade: 8)
2026-03-07 19:28:25,079 - INFO - Requisicao (tentativa 1/5): https://pncp.gov.br/api/consulta/v1/contratacoes/publicacao
2026-03-07 19:28:27,757 - INFO - Requisicao bem-sucedida
2026-03-07 19:28:27,757 - INFO -   3 licitacoes TI nesta pagina
2026-03-07 19:28:27,759 - INFO -   Total: 3465 de 7251
2026-03-07 19:28:28,762 - INFO - Pagina 722 (Modalidade: 8)
2026-03-07 19:28:28,763 - INFO - Requisicao (tentativa 1/5): https://pncp.gov.br/api/consulta/v1/contratacoes/publicacao
2026-03-07 19:28:30,165 - INFO - Requisicao bem-sucedida
2026-03-07 19:28:30,166 - INFO -   3 licitacoes TI nesta pagina
2026-03-07 19:28:30,166 - INFO -   Total: 3468 de 7261
2026-03-07 19:28:31,171 - INFO - Pagina 723 (Modalidade: 8)
2026-03-07 19:28:31,171 - INFO - Requisicao (tentativa 1/5): https://pncp.gov.br/api/consulta/v1/contratacoes/publicacao
2026-03-07 19:28:33,163 - INFO - Requisicao bem-sucedida
2026-03-07 19:28:33,165 - INFO -   5 licitacoes TI nesta pagina
2026-03-07 19:28:33,165 - INFO -   Total: 3473 de 7271
2026-03-07 19:28:34,172 - INFO - Pagina 724 (Modalidade: 8)
2026-03-07 19:28:34,173 - INFO - Requisicao (tentativa 1/5): https://pncp.gov.br/api/consulta/v1/contratacoes/publicacao
2026-03-07 19:28:35,881 - INFO - Requisicao bem-sucedida
2026-03-07 19:28:35,882 - INFO -   2 licitacoes TI nesta pagina
2026-03-07 19:28:35,882 - INFO -   Total: 3475 de 7281
2026-03-07 19:28:36,888 - INFO - Pagina 725 (Modalidade: 8)
2026-03-07 19:28:36,888 - INFO - Requisicao (tentativa 1/5): https://pncp.gov.br/api/consulta/v1/contratacoes/publicacao
2026-03-07 19:28:38,238 - INFO - Requisicao bem-sucedida
2026-03-07 19:28:38,241 - INFO -   5 licitacoes TI nesta pagina
2026-03-07 19:28:38,241 - INFO -   Total: 3480 de 7291
2026-03-07 19:28:39,251 - INFO - Pagina 726 (Modalidade: 8)
2026-03-07 19:28:39,251 - INFO - Requisicao (tentativa 1/5): https://pncp.gov.br/api/consulta/v1/contratacoes/publicacao
2026-03-07 19:28:41,358 - INFO - Requisicao bem-sucedida
2026-03-07 19:28:41,360 - INFO -   6 licitacoes TI nesta pagina
2026-03-07 19:28:41,360 - INFO -   Total: 3486 de 7301
2026-03-07 19:28:42,365 - INFO - Pagina 727 (Modalidade: 8)
2026-03-07 19:28:42,365 - INFO - Requisicao (tentativa 1/5): https://pncp.gov.br/api/consulta/v1/contratacoes/publicacao
2026-03-07 19:28:44,139 - INFO - Requisicao bem-sucedida
2026-03-07 19:28:44,140 - INFO -   4 licitacoes TI nesta pagina
2026-03-07 19:28:44,140 - INFO -   Total: 3490 de 7311
2026-03-07 19:28:45,142 - INFO - Pagina 728 (Modalidade: 8)
2026-03-07 19:28:45,142 - INFO - Requisicao (tentativa 1/5): https://pncp.gov.br/api/consulta/v1/contratacoes/publicacao
2026-03-07 19:28:45,824 - INFO - Requisicao bem-sucedida
2026-03-07 19:28:45,826 - INFO -   6 licitacoes TI nesta pagina
2026-03-07 19:28:45,826 - INFO -   Total: 3496 de 7321
2026-03-07 19:28:46,838 - INFO - Pagina 729 (Modalidade: 8)
2026-03-07 19:28:46,838 - INFO - Requisicao (tentativa 1/5): https://pncp.gov.br/api/consulta/v1/contratacoes/publicacao
2026-03-07 19:28:47,543 - INFO - Requisicao bem-sucedida
2026-03-07 19:28:47,544 - INFO -   4 licitacoes TI nesta pagina
2026-03-07 19:28:47,544 - INFO -   Total: 3500 de 7331
2026-03-07 19:28:48,552 - INFO - Pagina 730 (Modalidade: 8)
2026-03-07 19:28:48,553 - INFO - Requisicao (tentativa 1/5): https://pncp.gov.br/api/consulta/v1/contratacoes/publicacao
2026-03-07 19:28:50,388 - INFO - Requisicao bem-sucedida
2026-03-07 19:28:50,389 - INFO -   4 licitacoes TI nesta pagina
2026-03-07 19:28:50,389 - INFO -   Total: 3504 de 7341
2026-03-07 19:28:51,391 - INFO - Pagina 731 (Modalidade: 8)
2026-03-07 19:28:51,393 - INFO - Requisicao (tentativa 1/5): https://pncp.gov.br/api/consulta/v1/contratacoes/publicacao
2026-03-07 19:28:52,380 - INFO - Requisicao bem-sucedida
2026-03-07 19:28:52,381 - INFO -   5 licitacoes TI nesta pagina
2026-03-07 19:28:52,382 - INFO -   Total: 3509 de 7351
2026-03-07 19:28:53,389 - INFO - Pagina 732 (Modalidade: 8)
2026-03-07 19:28:53,391 - INFO - Requisicao (tentativa 1/5): https://pncp.gov.br/api/consulta/v1/contratacoes/publicacao
2026-03-07 19:28:54,538 - INFO - Requisicao bem-sucedida
2026-03-07 19:28:54,540 - INFO -   5 licitacoes TI nesta pagina
2026-03-07 19:28:54,542 - INFO -   Total: 3514 de 7361
2026-03-07 19:28:55,550 - INFO - Pagina 733 (Modalidade: 8)
2026-03-07 19:28:55,552 - INFO - Requisicao (tentativa 1/5): https://pncp.gov.br/api/consulta/v1/contratacoes/publicacao
2026-03-07 19:28:56,540 - INFO - Requisicao bem-sucedida
2026-03-07 19:28:56,541 - INFO -   4 licitacoes TI nesta pagina
2026-03-07 19:28:56,542 - INFO -   Total: 3518 de 7371
2026-03-07 19:28:57,557 - INFO - Pagina 734 (Modalidade: 8)
2026-03-07 19:28:57,558 - INFO - Requisicao (tentativa 1/5): https://pncp.gov.br/api/consulta/v1/contratacoes/publicacao
2026-03-07 19:28:58,040 - INFO - Requisicao bem-sucedida
2026-03-07 19:28:58,047 - INFO -   4 licitacoes TI nesta pagina
2026-03-07 19:28:58,047 - INFO -   Total: 3522 de 7381
2026-03-07 19:28:59,056 - INFO - Pagina 735 (Modalidade: 8)
2026-03-07 19:28:59,062 - INFO - Requisicao (tentativa 1/5): https://pncp.gov.br/api/consulta/v1/contratacoes/publicacao
2026-03-07 19:29:00,072 - INFO - Requisicao bem-sucedida
2026-03-07 19:29:00,073 - INFO -   3 licitacoes TI nesta pagina
2026-03-07 19:29:00,074 - INFO -   Total: 3525 de 7391
2026-03-07 19:29:01,083 - INFO - Pagina 736 (Modalidade: 8)
2026-03-07 19:29:01,083 - INFO - Requisicao (tentativa 1/5): https://pncp.gov.br/api/consulta/v1/contratacoes/publicacao
2026-03-07 19:29:03,702 - INFO - Requisicao bem-sucedida
2026-03-07 19:29:03,704 - INFO -   6 licitacoes TI nesta pagina
2026-03-07 19:29:03,704 - INFO -   Total: 3531 de 7401
2026-03-07 19:29:04,709 - INFO - Pagina 737 (Modalidade: 8)
2026-03-07 19:29:04,710 - INFO - Requisicao (tentativa 1/5): https://pncp.gov.br/api/consulta/v1/contratacoes/publicacao
2026-03-07 19:29:06,541 - INFO - Requisicao bem-sucedida
2026-03-07 19:29:06,544 - INFO -   7 licitacoes TI nesta pagina
2026-03-07 19:29:06,545 - INFO -   Total: 3538 de 7411
2026-03-07 19:29:07,560 - INFO - Pagina 738 (Modalidade: 8)
2026-03-07 19:29:07,566 - INFO - Requisicao (tentativa 1/5): https://pncp.gov.br/api/consulta/v1/contratacoes/publicacao
2026-03-07 19:29:08,103 - INFO - Requisicao bem-sucedida
2026-03-07 19:29:08,111 - INFO -   7 licitacoes TI nesta pagina
2026-03-07 19:29:08,112 - INFO -   Total: 3545 de 7421
2026-03-07 19:29:09,119 - INFO - Pagina 739 (Modalidade: 8)
2026-03-07 19:29:09,123 - INFO - Requisicao (tentativa 1/5): https://pncp.gov.br/api/consulta/v1/contratacoes/publicacao
2026-03-07 19:29:10,551 - INFO - Requisicao bem-sucedida
2026-03-07 19:29:10,551 - INFO -   2 licitacoes TI nesta pagina
2026-03-07 19:29:10,552 - INFO -   Total: 3547 de 7431
2026-03-07 19:29:11,553 - INFO - Pagina 740 (Modalidade: 8)
2026-03-07 19:29:11,553 - INFO - Requisicao (tentativa 1/5): https://pncp.gov.br/api/consulta/v1/contratacoes/publicacao
2026-03-07 19:29:51,866 - INFO - Requisicao bem-sucedida
2026-03-07 19:29:51,871 - INFO -   3 licitacoes TI nesta pagina
2026-03-07 19:29:51,871 - INFO -   Total: 3550 de 7441
2026-03-07 19:29:52,878 - INFO - Pagina 741 (Modalidade: 8)
2026-03-07 19:29:52,880 - INFO - Requisicao (tentativa 1/5): https://pncp.gov.br/api/consulta/v1/contratacoes/publicacao
2026-03-07 19:29:53,542 - INFO - Requisicao bem-sucedida
2026-03-07 19:29:53,549 - INFO -   5 licitacoes TI nesta pagina
2026-03-07 19:29:53,550 - INFO -   Total: 3555 de 7451
2026-03-07 19:29:54,559 - INFO - Pagina 742 (Modalidade: 8)
2026-03-07 19:29:54,559 - INFO - Requisicao (tentativa 1/5): https://pncp.gov.br/api/consulta/v1/contratacoes/publicacao
2026-03-07 19:29:55,231 - INFO - Requisicao bem-sucedida
2026-03-07 19:29:55,232 - INFO -   7 licitacoes TI nesta pagina
2026-03-07 19:29:55,232 - INFO -   Total: 3562 de 7461
2026-03-07 19:29:56,247 - INFO - Pagina 743 (Modalidade: 8)
2026-03-07 19:29:56,249 - INFO - Requisicao (tentativa 1/5): https://pncp.gov.br/api/consulta/v1/contratacoes/publicacao
2026-03-07 19:29:57,755 - INFO - Requisicao bem-sucedida
2026-03-07 19:29:57,757 - INFO -   7 licitacoes TI nesta pagina
2026-03-07 19:29:57,757 - INFO -   Total: 3569 de 7471
2026-03-07 19:29:58,759 - INFO - Pagina 744 (Modalidade: 8)
2026-03-07 19:29:58,759 - INFO - Requisicao (tentativa 1/5): https://pncp.gov.br/api/consulta/v1/contratacoes/publicacao
2026-03-07 19:29:59,835 - INFO - Requisicao bem-sucedida
2026-03-07 19:29:59,836 - INFO -   7 licitacoes TI nesta pagina
2026-03-07 19:29:59,837 - INFO -   Total: 3576 de 7481
2026-03-07 19:30:00,851 - INFO - Pagina 745 (Modalidade: 8)
2026-03-07 19:30:00,851 - INFO - Requisicao (tentativa 1/5): https://pncp.gov.br/api/consulta/v1/contratacoes/publicacao
2026-03-07 19:30:01,355 - INFO - Requisicao bem-sucedida
2026-03-07 19:30:01,356 - INFO -   4 licitacoes TI nesta pagina
2026-03-07 19:30:01,356 - INFO -   Total: 3580 de 7491
2026-03-07 19:30:02,369 - INFO - Pagina 746 (Modalidade: 8)
2026-03-07 19:30:02,370 - INFO - Requisicao (tentativa 1/5): https://pncp.gov.br/api/consulta/v1/contratacoes/publicacao
2026-03-07 19:30:03,259 - INFO - Requisicao bem-sucedida
2026-03-07 19:30:03,260 - INFO -   8 licitacoes TI nesta pagina
2026-03-07 19:30:03,260 - INFO -   Total: 3588 de 7501
2026-03-07 19:30:04,269 - INFO - Pagina 747 (Modalidade: 8)
2026-03-07 19:30:04,269 - INFO - Requisicao (tentativa 1/5): https://pncp.gov.br/api/consulta/v1/contratacoes/publicacao
2026-03-07 19:30:05,500 - INFO - Requisicao bem-sucedida
2026-03-07 19:30:05,501 - INFO -   4 licitacoes TI nesta pagina
2026-03-07 19:30:05,501 - INFO -   Total: 3592 de 7511
2026-03-07 19:30:06,509 - INFO - Pagina 748 (Modalidade: 8)
2026-03-07 19:30:06,509 - INFO - Requisicao (tentativa 1/5): https://pncp.gov.br/api/consulta/v1/contratacoes/publicacao
2026-03-07 19:30:07,557 - INFO - Requisicao bem-sucedida
2026-03-07 19:30:07,557 - INFO -   3 licitacoes TI nesta pagina
2026-03-07 19:30:07,558 - INFO -   Total: 3595 de 7521
2026-03-07 19:30:08,560 - INFO - Pagina 749 (Modalidade: 8)
2026-03-07 19:30:08,560 - INFO - Requisicao (tentativa 1/5): https://pncp.gov.br/api/consulta/v1/contratacoes/publicacao
2026-03-07 19:30:09,344 - INFO - Requisicao bem-sucedida
2026-03-07 19:30:09,346 - INFO -   6 licitacoes TI nesta pagina
2026-03-07 19:30:09,346 - INFO -   Total: 3601 de 7531
2026-03-07 19:30:10,351 - INFO - Pagina 750 (Modalidade: 8)
2026-03-07 19:30:10,351 - INFO - Requisicao (tentativa 1/5): https://pncp.gov.br/api/consulta/v1/contratacoes/publicacao
2026-03-07 19:30:11,159 - INFO - Requisicao bem-sucedida
2026-03-07 19:30:11,160 - INFO -   5 licitacoes TI nesta pagina
2026-03-07 19:30:11,161 - INFO -   Total: 3606 de 7541
2026-03-07 19:30:12,176 - INFO - Pagina 751 (Modalidade: 8)
2026-03-07 19:30:12,177 - INFO - Requisicao (tentativa 1/5): https://pncp.gov.br/api/consulta/v1/contratacoes/publicacao
2026-03-07 19:30:13,570 - INFO - Requisicao bem-sucedida
2026-03-07 19:30:13,571 - INFO -   7 licitacoes TI nesta pagina
2026-03-07 19:30:13,572 - INFO -   Total: 3613 de 7551
2026-03-07 19:30:14,582 - INFO - Pagina 752 (Modalidade: 8)
2026-03-07 19:30:14,583 - INFO - Requisicao (tentativa 1/5): https://pncp.gov.br/api/consulta/v1/contratacoes/publicacao
2026-03-07 19:30:15,654 - INFO - Requisicao bem-sucedida
2026-03-07 19:30:15,655 - INFO -   7 licitacoes TI nesta pagina
2026-03-07 19:30:15,655 - INFO -   Total: 3620 de 7561
2026-03-07 19:30:16,659 - INFO - Pagina 753 (Modalidade: 8)
2026-03-07 19:30:16,659 - INFO - Requisicao (tentativa 1/5): https://pncp.gov.br/api/consulta/v1/contratacoes/publicacao
2026-03-07 19:30:17,498 - INFO - Requisicao bem-sucedida
2026-03-07 19:30:17,499 - INFO -   6 licitacoes TI nesta pagina
2026-03-07 19:30:17,499 - INFO -   Total: 3626 de 7571
2026-03-07 19:30:18,507 - INFO - Pagina 754 (Modalidade: 8)
2026-03-07 19:30:18,507 - INFO - Requisicao (tentativa 1/5): https://pncp.gov.br/api/consulta/v1/contratacoes/publicacao
2026-03-07 19:30:18,990 - INFO - Requisicao bem-sucedida
2026-03-07 19:30:18,991 - INFO -   6 licitacoes TI nesta pagina
2026-03-07 19:30:18,991 - INFO -   Total: 3632 de 7581
2026-03-07 19:30:20,000 - INFO - Pagina 755 (Modalidade: 8)
2026-03-07 19:30:20,000 - INFO - Requisicao (tentativa 1/5): https://pncp.gov.br/api/consulta/v1/contratacoes/publicacao
2026-03-07 19:30:20,818 - INFO - Requisicao bem-sucedida
2026-03-07 19:30:20,819 - INFO -   4 licitacoes TI nesta pagina
2026-03-07 19:30:20,819 - INFO -   Total: 3636 de 7591
2026-03-07 19:30:21,828 - INFO - Pagina 756 (Modalidade: 8)
2026-03-07 19:30:21,829 - INFO - Requisicao (tentativa 1/5): https://pncp.gov.br/api/consulta/v1/contratacoes/publicacao
2026-03-07 19:30:22,517 - INFO - Requisicao bem-sucedida
2026-03-07 19:30:22,518 - INFO -   3 licitacoes TI nesta pagina
2026-03-07 19:30:22,518 - INFO -   Total: 3639 de 7601
2026-03-07 19:30:23,525 - INFO - Pagina 757 (Modalidade: 8)
2026-03-07 19:30:23,526 - INFO - Requisicao (tentativa 1/5): https://pncp.gov.br/api/consulta/v1/contratacoes/publicacao
2026-03-07 19:30:26,493 - INFO - Requisicao bem-sucedida
2026-03-07 19:30:26,495 - INFO -   6 licitacoes TI nesta pagina
2026-03-07 19:30:26,495 - INFO -   Total: 3645 de 7611
2026-03-07 19:30:27,508 - INFO - Pagina 758 (Modalidade: 8)
2026-03-07 19:30:27,508 - INFO - Requisicao (tentativa 1/5): https://pncp.gov.br/api/consulta/v1/contratacoes/publicacao
2026-03-07 19:30:28,477 - INFO - Requisicao bem-sucedida
2026-03-07 19:30:28,479 - INFO -   4 licitacoes TI nesta pagina
2026-03-07 19:30:28,479 - INFO -   Total: 3649 de 7621
2026-03-07 19:30:29,490 - INFO - Pagina 759 (Modalidade: 8)
2026-03-07 19:30:29,491 - INFO - Requisicao (tentativa 1/5): https://pncp.gov.br/api/consulta/v1/contratacoes/publicacao
2026-03-07 19:30:31,547 - INFO - Requisicao bem-sucedida
2026-03-07 19:30:31,549 - INFO -   5 licitacoes TI nesta pagina
2026-03-07 19:30:31,549 - INFO -   Total: 3654 de 7631
2026-03-07 19:30:32,553 - INFO - Pagina 760 (Modalidade: 8)
2026-03-07 19:30:32,553 - INFO - Requisicao (tentativa 1/5): https://pncp.gov.br/api/consulta/v1/contratacoes/publicacao
2026-03-07 19:31:50,319 - WARNING - Erro 500 do servidor PNCP
2026-03-07 19:31:50,319 - INFO - Aguardando 5s antes de tentar novamente...
2026-03-07 19:31:55,321 - INFO - Requisicao (tentativa 2/5): https://pncp.gov.br/api/consulta/v1/contratacoes/publicacao
2026-03-07 19:31:57,031 - INFO - Requisicao bem-sucedida
2026-03-07 19:31:57,032 - INFO -   7 licitacoes TI nesta pagina
2026-03-07 19:31:57,033 - INFO -   Total: 3661 de 7641
2026-03-07 19:31:58,037 - INFO - Pagina 761 (Modalidade: 8)
2026-03-07 19:31:58,038 - INFO - Requisicao (tentativa 1/5): https://pncp.gov.br/api/consulta/v1/contratacoes/publicacao
2026-03-07 19:31:58,788 - INFO - Requisicao bem-sucedida
2026-03-07 19:31:58,789 - INFO -   7 licitacoes TI nesta pagina
2026-03-07 19:31:58,789 - INFO -   Total: 3668 de 7651
2026-03-07 19:31:59,798 - INFO - Pagina 762 (Modalidade: 8)
2026-03-07 19:31:59,799 - INFO - Requisicao (tentativa 1/5): https://pncp.gov.br/api/consulta/v1/contratacoes/publicacao
2026-03-07 19:32:00,656 - INFO - Requisicao bem-sucedida
2026-03-07 19:32:00,657 - INFO -   7 licitacoes TI nesta pagina
2026-03-07 19:32:00,658 - INFO -   Total: 3675 de 7661
2026-03-07 19:32:01,667 - INFO - Pagina 763 (Modalidade: 8)
2026-03-07 19:32:01,667 - INFO - Requisicao (tentativa 1/5): https://pncp.gov.br/api/consulta/v1/contratacoes/publicacao
2026-03-07 19:32:02,324 - INFO - Requisicao bem-sucedida
2026-03-07 19:32:02,325 - INFO -   5 licitacoes TI nesta pagina
2026-03-07 19:32:02,325 - INFO -   Total: 3680 de 7671
2026-03-07 19:32:03,328 - INFO - Pagina 764 (Modalidade: 8)
2026-03-07 19:32:03,329 - INFO - Requisicao (tentativa 1/5): https://pncp.gov.br/api/consulta/v1/contratacoes/publicacao
2026-03-07 19:32:03,942 - INFO - Requisicao bem-sucedida
2026-03-07 19:32:03,943 - INFO -   3 licitacoes TI nesta pagina
2026-03-07 19:32:03,944 - INFO -   Total: 3683 de 7681
2026-03-07 19:32:04,952 - INFO - Pagina 765 (Modalidade: 8)
2026-03-07 19:32:04,952 - INFO - Requisicao (tentativa 1/5): https://pncp.gov.br/api/consulta/v1/contratacoes/publicacao
2026-03-07 19:32:06,392 - INFO - Requisicao bem-sucedida
2026-03-07 19:32:06,393 - INFO -   3 licitacoes TI nesta pagina
2026-03-07 19:32:06,394 - INFO -   Total: 3686 de 7691
2026-03-07 19:32:07,403 - INFO - Pagina 766 (Modalidade: 8)
2026-03-07 19:32:07,403 - INFO - Requisicao (tentativa 1/5): https://pncp.gov.br/api/consulta/v1/contratacoes/publicacao
2026-03-07 19:32:08,752 - INFO - Requisicao bem-sucedida
2026-03-07 19:32:08,755 - INFO -   8 licitacoes TI nesta pagina
2026-03-07 19:32:08,755 - INFO -   Total: 3694 de 7701
2026-03-07 19:32:09,756 - INFO - Pagina 767 (Modalidade: 8)
2026-03-07 19:32:09,757 - INFO - Requisicao (tentativa 1/5): https://pncp.gov.br/api/consulta/v1/contratacoes/publicacao
2026-03-07 19:32:10,818 - INFO - Requisicao bem-sucedida
2026-03-07 19:32:10,819 - INFO -   5 licitacoes TI nesta pagina
2026-03-07 19:32:10,819 - INFO -   Total: 3699 de 7711
2026-03-07 19:32:11,828 - INFO - Pagina 768 (Modalidade: 8)
2026-03-07 19:32:11,828 - INFO - Requisicao (tentativa 1/5): https://pncp.gov.br/api/consulta/v1/contratacoes/publicacao
2026-03-07 19:32:13,319 - INFO - Requisicao bem-sucedida
2026-03-07 19:32:13,320 - INFO -   7 licitacoes TI nesta pagina
2026-03-07 19:32:13,320 - INFO -   Total: 3706 de 7721
2026-03-07 19:32:14,327 - INFO - Pagina 769 (Modalidade: 8)
2026-03-07 19:32:14,328 - INFO - Requisicao (tentativa 1/5): https://pncp.gov.br/api/consulta/v1/contratacoes/publicacao
2026-03-07 19:32:16,202 - INFO - Requisicao bem-sucedida
2026-03-07 19:32:16,203 - INFO -   4 licitacoes TI nesta pagina
2026-03-07 19:32:16,203 - INFO -   Total: 3710 de 7731
2026-03-07 19:32:17,214 - INFO - Pagina 770 (Modalidade: 8)
2026-03-07 19:32:17,214 - INFO - Requisicao (tentativa 1/5): https://pncp.gov.br/api/consulta/v1/contratacoes/publicacao
2026-03-07 19:33:38,726 - WARNING - Erro 500 do servidor PNCP
2026-03-07 19:33:38,726 - INFO - Aguardando 5s antes de tentar novamente...
2026-03-07 19:33:43,730 - INFO - Requisicao (tentativa 2/5): https://pncp.gov.br/api/consulta/v1/contratacoes/publicacao
2026-03-07 19:33:44,251 - INFO - Requisicao bem-sucedida
2026-03-07 19:33:44,251 - INFO -   9 licitacoes TI nesta pagina
2026-03-07 19:33:44,252 - INFO -   Total: 3719 de 7741
2026-03-07 19:33:45,257 - INFO - Pagina 771 (Modalidade: 8)
2026-03-07 19:33:45,257 - INFO - Requisicao (tentativa 1/5): https://pncp.gov.br/api/consulta/v1/contratacoes/publicacao
2026-03-07 19:33:46,658 - INFO - Requisicao bem-sucedida
2026-03-07 19:33:46,659 - INFO -   3 licitacoes TI nesta pagina
2026-03-07 19:33:46,659 - INFO -   Total: 3722 de 7751
2026-03-07 19:33:47,673 - INFO - Pagina 772 (Modalidade: 8)
2026-03-07 19:33:47,674 - INFO - Requisicao (tentativa 1/5): https://pncp.gov.br/api/consulta/v1/contratacoes/publicacao
2026-03-07 19:33:48,286 - INFO - Requisicao bem-sucedida
2026-03-07 19:33:48,287 - INFO -   2 licitacoes TI nesta pagina
2026-03-07 19:33:48,288 - INFO -   Total: 3724 de 7761
2026-03-07 19:33:49,288 - INFO - Pagina 773 (Modalidade: 8)
2026-03-07 19:33:49,289 - INFO - Requisicao (tentativa 1/5): https://pncp.gov.br/api/consulta/v1/contratacoes/publicacao
2026-03-07 19:33:49,826 - INFO - Requisicao bem-sucedida
2026-03-07 19:33:49,827 - INFO -   5 licitacoes TI nesta pagina
2026-03-07 19:33:49,828 - INFO -   Total: 3729 de 7771
2026-03-07 19:33:50,839 - INFO - Pagina 774 (Modalidade: 8)
2026-03-07 19:33:50,839 - INFO - Requisicao (tentativa 1/5): https://pncp.gov.br/api/consulta/v1/contratacoes/publicacao
2026-03-07 19:33:52,097 - INFO - Requisicao bem-sucedida
2026-03-07 19:33:52,098 - INFO -   1 licitacoes TI nesta pagina
2026-03-07 19:33:52,098 - INFO -   Total: 3730 de 7781
2026-03-07 19:33:53,112 - INFO - Pagina 775 (Modalidade: 8)
2026-03-07 19:33:53,113 - INFO - Requisicao (tentativa 1/5): https://pncp.gov.br/api/consulta/v1/contratacoes/publicacao
2026-03-07 19:33:54,694 - INFO - Requisicao bem-sucedida
2026-03-07 19:33:54,696 - INFO -   7 licitacoes TI nesta pagina
2026-03-07 19:33:54,696 - INFO -   Total: 3737 de 7791
2026-03-07 19:33:55,698 - INFO - Pagina 776 (Modalidade: 8)
2026-03-07 19:33:55,698 - INFO - Requisicao (tentativa 1/5): https://pncp.gov.br/api/consulta/v1/contratacoes/publicacao
2026-03-07 19:33:56,822 - INFO - Requisicao bem-sucedida
2026-03-07 19:33:56,823 - INFO -   3 licitacoes TI nesta pagina
2026-03-07 19:33:56,824 - INFO -   Total: 3740 de 7801
2026-03-07 19:33:57,826 - INFO - Pagina 777 (Modalidade: 8)
2026-03-07 19:33:57,827 - INFO - Requisicao (tentativa 1/5): https://pncp.gov.br/api/consulta/v1/contratacoes/publicacao
2026-03-07 19:33:58,118 - INFO - Requisicao bem-sucedida
2026-03-07 19:33:58,121 - INFO -   6 licitacoes TI nesta pagina
2026-03-07 19:33:58,121 - INFO -   Total: 3746 de 7811
2026-03-07 19:33:59,136 - INFO - Pagina 778 (Modalidade: 8)
2026-03-07 19:33:59,136 - INFO - Requisicao (tentativa 1/5): https://pncp.gov.br/api/consulta/v1/contratacoes/publicacao
2026-03-07 19:33:59,557 - INFO - Requisicao bem-sucedida
2026-03-07 19:33:59,558 - INFO -   5 licitacoes TI nesta pagina
2026-03-07 19:33:59,559 - INFO -   Total: 3751 de 7821
2026-03-07 19:34:00,573 - INFO - Pagina 779 (Modalidade: 8)
2026-03-07 19:34:00,574 - INFO - Requisicao (tentativa 1/5): https://pncp.gov.br/api/consulta/v1/contratacoes/publicacao
2026-03-07 19:34:01,048 - INFO - Requisicao bem-sucedida
2026-03-07 19:34:01,050 - INFO -   5 licitacoes TI nesta pagina
2026-03-07 19:34:01,050 - INFO -   Total: 3756 de 7831
2026-03-07 19:34:02,063 - INFO - Pagina 780 (Modalidade: 8)
2026-03-07 19:34:02,063 - INFO - Requisicao (tentativa 1/5): https://pncp.gov.br/api/consulta/v1/contratacoes/publicacao
2026-03-07 19:34:02,989 - INFO - Requisicao bem-sucedida
2026-03-07 19:34:02,990 - INFO -   4 licitacoes TI nesta pagina
2026-03-07 19:34:02,990 - INFO -   Total: 3760 de 7841
2026-03-07 19:34:03,998 - INFO - Pagina 781 (Modalidade: 8)
2026-03-07 19:34:03,998 - INFO - Requisicao (tentativa 1/5): https://pncp.gov.br/api/consulta/v1/contratacoes/publicacao
2026-03-07 19:36:04,002 - WARNING - Timeout na requisicao (tentativa 1/5)
2026-03-07 19:36:06,012 - INFO - Requisicao (tentativa 2/5): https://pncp.gov.br/api/consulta/v1/contratacoes/publicacao
2026-03-07 19:36:06,430 - INFO - Requisicao bem-sucedida
2026-03-07 19:36:06,431 - INFO -   4 licitacoes TI nesta pagina
2026-03-07 19:36:06,432 - INFO -   Total: 3764 de 7851
2026-03-07 19:36:07,448 - INFO - Pagina 782 (Modalidade: 8)
2026-03-07 19:36:07,448 - INFO - Requisicao (tentativa 1/5): https://pncp.gov.br/api/consulta/v1/contratacoes/publicacao
2026-03-07 19:36:08,448 - INFO - Requisicao bem-sucedida
2026-03-07 19:36:08,451 - INFO -   5 licitacoes TI nesta pagina
2026-03-07 19:36:08,451 - INFO -   Total: 3769 de 7861
2026-03-07 19:36:09,452 - INFO - Pagina 783 (Modalidade: 8)
2026-03-07 19:36:09,453 - INFO - Requisicao (tentativa 1/5): https://pncp.gov.br/api/consulta/v1/contratacoes/publicacao
2026-03-07 19:36:10,507 - INFO - Requisicao bem-sucedida
2026-03-07 19:36:10,508 - INFO -   4 licitacoes TI nesta pagina
2026-03-07 19:36:10,508 - INFO -   Total: 3773 de 7871
2026-03-07 19:36:11,520 - INFO - Pagina 784 (Modalidade: 8)
2026-03-07 19:36:11,520 - INFO - Requisicao (tentativa 1/5): https://pncp.gov.br/api/consulta/v1/contratacoes/publicacao
2026-03-07 19:36:12,198 - INFO - Requisicao bem-sucedida
2026-03-07 19:36:12,200 - INFO -   7 licitacoes TI nesta pagina
2026-03-07 19:36:12,200 - INFO -   Total: 3780 de 7881
2026-03-07 19:36:13,214 - INFO - Pagina 785 (Modalidade: 8)
2026-03-07 19:36:13,215 - INFO - Requisicao (tentativa 1/5): https://pncp.gov.br/api/consulta/v1/contratacoes/publicacao
2026-03-07 19:36:14,405 - INFO - Requisicao bem-sucedida
2026-03-07 19:36:14,406 - INFO -   5 licitacoes TI nesta pagina
2026-03-07 19:36:14,406 - INFO -   Total: 3785 de 7891
2026-03-07 19:36:15,414 - INFO - Pagina 786 (Modalidade: 8)
2026-03-07 19:36:15,414 - INFO - Requisicao (tentativa 1/5): https://pncp.gov.br/api/consulta/v1/contratacoes/publicacao
2026-03-07 19:36:15,774 - INFO - Requisicao bem-sucedida
2026-03-07 19:36:15,775 - INFO -   4 licitacoes TI nesta pagina
2026-03-07 19:36:15,775 - INFO -   Total: 3789 de 7901
2026-03-07 19:36:16,781 - INFO - Pagina 787 (Modalidade: 8)
2026-03-07 19:36:16,782 - INFO - Requisicao (tentativa 1/5): https://pncp.gov.br/api/consulta/v1/contratacoes/publicacao
2026-03-07 19:36:17,318 - INFO - Requisicao bem-sucedida
2026-03-07 19:36:17,319 - INFO -   3 licitacoes TI nesta pagina
2026-03-07 19:36:17,319 - INFO -   Total: 3792 de 7911
2026-03-07 19:36:18,319 - INFO - Pagina 788 (Modalidade: 8)
2026-03-07 19:36:18,319 - INFO - Requisicao (tentativa 1/5): https://pncp.gov.br/api/consulta/v1/contratacoes/publicacao
2026-03-07 19:36:19,131 - INFO - Requisicao bem-sucedida
2026-03-07 19:36:19,133 - INFO -   2 licitacoes TI nesta pagina
2026-03-07 19:36:19,133 - INFO -   Total: 3794 de 7921
2026-03-07 19:36:20,144 - INFO - Pagina 789 (Modalidade: 8)
2026-03-07 19:36:20,144 - INFO - Requisicao (tentativa 1/5): https://pncp.gov.br/api/consulta/v1/contratacoes/publicacao
2026-03-07 19:36:20,670 - INFO - Requisicao bem-sucedida
2026-03-07 19:36:20,671 - INFO -   4 licitacoes TI nesta pagina
2026-03-07 19:36:20,671 - INFO -   Total: 3798 de 7931
2026-03-07 19:36:21,685 - INFO - Pagina 790 (Modalidade: 8)
2026-03-07 19:36:21,685 - INFO - Requisicao (tentativa 1/5): https://pncp.gov.br/api/consulta/v1/contratacoes/publicacao
2026-03-07 19:36:22,274 - INFO - Requisicao bem-sucedida
2026-03-07 19:36:22,275 - INFO -   5 licitacoes TI nesta pagina
2026-03-07 19:36:22,275 - INFO -   Total: 3803 de 7941
2026-03-07 19:36:23,290 - INFO - Pagina 791 (Modalidade: 8)
2026-03-07 19:36:23,290 - INFO - Requisicao (tentativa 1/5): https://pncp.gov.br/api/consulta/v1/contratacoes/publicacao
2026-03-07 19:36:24,681 - INFO - Requisicao bem-sucedida
2026-03-07 19:36:24,682 - INFO -   4 licitacoes TI nesta pagina
2026-03-07 19:36:24,682 - INFO -   Total: 3807 de 7951
2026-03-07 19:36:25,683 - INFO - Pagina 792 (Modalidade: 8)
2026-03-07 19:36:25,684 - INFO - Requisicao (tentativa 1/5): https://pncp.gov.br/api/consulta/v1/contratacoes/publicacao
2026-03-07 19:36:26,006 - INFO - Requisicao bem-sucedida
2026-03-07 19:36:26,007 - INFO -   7 licitacoes TI nesta pagina
2026-03-07 19:36:26,007 - INFO -   Total: 3814 de 7961
2026-03-07 19:36:27,024 - INFO - Pagina 793 (Modalidade: 8)
2026-03-07 19:36:27,030 - INFO - Requisicao (tentativa 1/5): https://pncp.gov.br/api/consulta/v1/contratacoes/publicacao
2026-03-07 19:38:11,689 - WARNING - Erro 500 do servidor PNCP
2026-03-07 19:38:11,689 - INFO - Aguardando 5s antes de tentar novamente...
2026-03-07 19:38:16,701 - INFO - Requisicao (tentativa 2/5): https://pncp.gov.br/api/consulta/v1/contratacoes/publicacao
2026-03-07 19:38:17,156 - INFO - Requisicao bem-sucedida
2026-03-07 19:38:17,157 - INFO -   4 licitacoes TI nesta pagina
2026-03-07 19:38:17,158 - INFO -   Total: 3818 de 7971
2026-03-07 19:38:18,165 - INFO - Pagina 794 (Modalidade: 8)
2026-03-07 19:38:18,165 - INFO - Requisicao (tentativa 1/5): https://pncp.gov.br/api/consulta/v1/contratacoes/publicacao
2026-03-07 19:38:19,065 - INFO - Requisicao bem-sucedida
2026-03-07 19:38:19,068 - INFO -   6 licitacoes TI nesta pagina
2026-03-07 19:38:19,068 - INFO -   Total: 3824 de 7981
2026-03-07 19:38:20,069 - INFO - Pagina 795 (Modalidade: 8)
2026-03-07 19:38:20,069 - INFO - Requisicao (tentativa 1/5): https://pncp.gov.br/api/consulta/v1/contratacoes/publicacao
2026-03-07 19:38:20,521 - INFO - Requisicao bem-sucedida
2026-03-07 19:38:20,523 - INFO -   7 licitacoes TI nesta pagina
2026-03-07 19:38:20,523 - INFO -   Total: 3831 de 7991
2026-03-07 19:38:21,534 - INFO - Pagina 796 (Modalidade: 8)
2026-03-07 19:38:21,534 - INFO - Requisicao (tentativa 1/5): https://pncp.gov.br/api/consulta/v1/contratacoes/publicacao
2026-03-07 19:38:22,425 - INFO - Requisicao bem-sucedida
2026-03-07 19:38:22,427 - INFO -   6 licitacoes TI nesta pagina
2026-03-07 19:38:22,428 - INFO -   Total: 3837 de 8001
2026-03-07 19:38:23,436 - INFO - Pagina 797 (Modalidade: 8)
2026-03-07 19:38:23,436 - INFO - Requisicao (tentativa 1/5): https://pncp.gov.br/api/consulta/v1/contratacoes/publicacao
2026-03-07 19:38:23,977 - INFO - Requisicao bem-sucedida
2026-03-07 19:38:23,978 - INFO -   6 licitacoes TI nesta pagina
2026-03-07 19:38:23,978 - INFO -   Total: 3843 de 8011
2026-03-07 19:38:24,980 - INFO - Pagina 798 (Modalidade: 8)
2026-03-07 19:38:24,981 - INFO - Requisicao (tentativa 1/5): https://pncp.gov.br/api/consulta/v1/contratacoes/publicacao
2026-03-07 19:38:25,646 - INFO - Requisicao bem-sucedida
2026-03-07 19:38:25,647 - INFO -   6 licitacoes TI nesta pagina
2026-03-07 19:38:25,647 - INFO -   Total: 3849 de 8021
2026-03-07 19:38:26,659 - INFO - Pagina 799 (Modalidade: 8)
2026-03-07 19:38:26,659 - INFO - Requisicao (tentativa 1/5): https://pncp.gov.br/api/consulta/v1/contratacoes/publicacao
2026-03-07 19:38:27,243 - INFO - Requisicao bem-sucedida
2026-03-07 19:38:27,244 - INFO -   7 licitacoes TI nesta pagina
2026-03-07 19:38:27,244 - INFO -   Total: 3856 de 8031
2026-03-07 19:38:28,250 - INFO - Pagina 800 (Modalidade: 8)
2026-03-07 19:38:28,251 - INFO - Requisicao (tentativa 1/5): https://pncp.gov.br/api/consulta/v1/contratacoes/publicacao
2026-03-07 19:38:29,971 - INFO - Requisicao bem-sucedida
2026-03-07 19:38:29,973 - INFO -   8 licitacoes TI nesta pagina
2026-03-07 19:38:29,973 - INFO -   Total: 3864 de 8041
2026-03-07 19:38:30,981 - INFO - Pagina 801 (Modalidade: 8)
2026-03-07 19:38:30,983 - INFO - Requisicao (tentativa 1/5): https://pncp.gov.br/api/consulta/v1/contratacoes/publicacao
2026-03-07 19:38:32,278 - INFO - Requisicao bem-sucedida
2026-03-07 19:38:32,280 - INFO -   7 licitacoes TI nesta pagina
2026-03-07 19:38:32,281 - INFO -   Total: 3871 de 8051
2026-03-07 19:38:33,292 - INFO - Pagina 802 (Modalidade: 8)
2026-03-07 19:38:33,292 - INFO - Requisicao (tentativa 1/5): https://pncp.gov.br/api/consulta/v1/contratacoes/publicacao
2026-03-07 19:38:33,792 - INFO - Requisicao bem-sucedida
2026-03-07 19:38:33,793 - INFO -   6 licitacoes TI nesta pagina
2026-03-07 19:38:33,794 - INFO -   Total: 3877 de 8061
2026-03-07 19:38:34,805 - INFO - Pagina 803 (Modalidade: 8)
2026-03-07 19:38:34,805 - INFO - Requisicao (tentativa 1/5): https://pncp.gov.br/api/consulta/v1/contratacoes/publicacao
2026-03-07 19:38:35,202 - INFO - Requisicao bem-sucedida
2026-03-07 19:38:35,204 - INFO -   3 licitacoes TI nesta pagina
2026-03-07 19:38:35,204 - INFO -   Total: 3880 de 8071
2026-03-07 19:38:36,219 - INFO - Pagina 804 (Modalidade: 8)
2026-03-07 19:38:36,220 - INFO - Requisicao (tentativa 1/5): https://pncp.gov.br/api/consulta/v1/contratacoes/publicacao
2026-03-07 19:38:37,011 - INFO - Requisicao bem-sucedida
2026-03-07 19:38:37,014 - INFO -   4 licitacoes TI nesta pagina
2026-03-07 19:38:37,014 - INFO -   Total: 3884 de 8081
2026-03-07 19:38:38,017 - INFO - Pagina 805 (Modalidade: 8)
2026-03-07 19:38:38,018 - INFO - Requisicao (tentativa 1/5): https://pncp.gov.br/api/consulta/v1/contratacoes/publicacao
2026-03-07 19:38:39,362 - INFO - Requisicao bem-sucedida
2026-03-07 19:38:39,363 - INFO -   8 licitacoes TI nesta pagina
2026-03-07 19:38:39,364 - INFO -   Total: 3892 de 8091
2026-03-07 19:38:40,370 - INFO - Pagina 806 (Modalidade: 8)
2026-03-07 19:38:40,371 - INFO - Requisicao (tentativa 1/5): https://pncp.gov.br/api/consulta/v1/contratacoes/publicacao
2026-03-07 19:40:13,263 - WARNING - Erro 500 do servidor PNCP
2026-03-07 19:40:13,264 - INFO - Aguardando 5s antes de tentar novamente...
2026-03-07 19:40:18,274 - INFO - Requisicao (tentativa 2/5): https://pncp.gov.br/api/consulta/v1/contratacoes/publicacao
2026-03-07 19:40:19,825 - INFO - Requisicao bem-sucedida
2026-03-07 19:40:19,827 - INFO -   4 licitacoes TI nesta pagina
2026-03-07 19:40:19,828 - INFO -   Total: 3896 de 8101
2026-03-07 19:40:20,831 - INFO - Pagina 807 (Modalidade: 8)
2026-03-07 19:40:20,832 - INFO - Requisicao (tentativa 1/5): https://pncp.gov.br/api/consulta/v1/contratacoes/publicacao
2026-03-07 19:40:21,308 - INFO - Requisicao bem-sucedida
2026-03-07 19:40:21,309 - INFO -   2 licitacoes TI nesta pagina
2026-03-07 19:40:21,309 - INFO -   Total: 3898 de 8111
2026-03-07 19:40:22,320 - INFO - Pagina 808 (Modalidade: 8)
2026-03-07 19:40:22,322 - INFO - Requisicao (tentativa 1/5): https://pncp.gov.br/api/consulta/v1/contratacoes/publicacao
2026-03-07 19:40:22,850 - INFO - Requisicao bem-sucedida
2026-03-07 19:40:22,851 - INFO -   5 licitacoes TI nesta pagina
2026-03-07 19:40:22,851 - INFO -   Total: 3903 de 8121
2026-03-07 19:40:23,856 - INFO - Pagina 809 (Modalidade: 8)
2026-03-07 19:40:23,857 - INFO - Requisicao (tentativa 1/5): https://pncp.gov.br/api/consulta/v1/contratacoes/publicacao
2026-03-07 19:40:25,723 - INFO - Requisicao bem-sucedida
2026-03-07 19:40:25,725 - INFO -   5 licitacoes TI nesta pagina
2026-03-07 19:40:25,725 - INFO -   Total: 3908 de 8131
2026-03-07 19:40:26,726 - INFO - Pagina 810 (Modalidade: 8)
2026-03-07 19:40:26,727 - INFO - Requisicao (tentativa 1/5): https://pncp.gov.br/api/consulta/v1/contratacoes/publicacao
2026-03-07 19:40:27,363 - INFO - Requisicao bem-sucedida
2026-03-07 19:40:27,365 - INFO -   4 licitacoes TI nesta pagina
2026-03-07 19:40:27,365 - INFO -   Total: 3912 de 8141
2026-03-07 19:40:28,377 - INFO - Pagina 811 (Modalidade: 8)
2026-03-07 19:40:28,378 - INFO - Requisicao (tentativa 1/5): https://pncp.gov.br/api/consulta/v1/contratacoes/publicacao
2026-03-07 19:40:29,058 - INFO - Requisicao bem-sucedida
2026-03-07 19:40:29,060 - INFO -   4 licitacoes TI nesta pagina
2026-03-07 19:40:29,060 - INFO -   Total: 3916 de 8151
2026-03-07 19:40:30,063 - INFO - Pagina 812 (Modalidade: 8)
2026-03-07 19:40:30,063 - INFO - Requisicao (tentativa 1/5): https://pncp.gov.br/api/consulta/v1/contratacoes/publicacao
2026-03-07 19:40:30,932 - INFO - Requisicao bem-sucedida
2026-03-07 19:40:30,933 - INFO -   5 licitacoes TI nesta pagina
2026-03-07 19:40:30,933 - INFO -   Total: 3921 de 8161
2026-03-07 19:40:31,948 - INFO - Pagina 813 (Modalidade: 8)
2026-03-07 19:40:31,948 - INFO - Requisicao (tentativa 1/5): https://pncp.gov.br/api/consulta/v1/contratacoes/publicacao
2026-03-07 19:40:32,537 - INFO - Requisicao bem-sucedida
2026-03-07 19:40:32,539 - INFO -   6 licitacoes TI nesta pagina
2026-03-07 19:40:32,539 - INFO -   Total: 3927 de 8171
2026-03-07 19:40:33,541 - INFO - Pagina 814 (Modalidade: 8)
2026-03-07 19:40:33,542 - INFO - Requisicao (tentativa 1/5): https://pncp.gov.br/api/consulta/v1/contratacoes/publicacao
2026-03-07 19:40:35,731 - INFO - Requisicao bem-sucedida
2026-03-07 19:40:35,733 - INFO -   5 licitacoes TI nesta pagina
2026-03-07 19:40:35,733 - INFO -   Total: 3932 de 8181
2026-03-07 19:40:36,739 - INFO - Pagina 815 (Modalidade: 8)
2026-03-07 19:40:36,739 - INFO - Requisicao (tentativa 1/5): https://pncp.gov.br/api/consulta/v1/contratacoes/publicacao
2026-03-07 19:40:37,831 - INFO - Requisicao bem-sucedida
2026-03-07 19:40:37,832 - INFO -   6 licitacoes TI nesta pagina
2026-03-07 19:40:37,832 - INFO -   Total: 3938 de 8191
2026-03-07 19:40:38,839 - INFO - Pagina 816 (Modalidade: 8)
2026-03-07 19:40:38,840 - INFO - Requisicao (tentativa 1/5): https://pncp.gov.br/api/consulta/v1/contratacoes/publicacao
2026-03-07 19:40:39,691 - INFO - Requisicao bem-sucedida
2026-03-07 19:40:39,692 - INFO -   5 licitacoes TI nesta pagina
2026-03-07 19:40:39,692 - INFO -   Total: 3943 de 8201
2026-03-07 19:40:40,704 - INFO - Pagina 817 (Modalidade: 8)
2026-03-07 19:40:40,704 - INFO - Requisicao (tentativa 1/5): https://pncp.gov.br/api/consulta/v1/contratacoes/publicacao
2026-03-07 19:40:41,320 - INFO - Requisicao bem-sucedida
2026-03-07 19:40:41,321 - INFO -   3 licitacoes TI nesta pagina
2026-03-07 19:40:41,322 - INFO -   Total: 3946 de 8211
2026-03-07 19:40:42,328 - INFO - Pagina 818 (Modalidade: 8)
2026-03-07 19:40:42,329 - INFO - Requisicao (tentativa 1/5): https://pncp.gov.br/api/consulta/v1/contratacoes/publicacao
2026-03-07 19:40:43,250 - INFO - Requisicao bem-sucedida
2026-03-07 19:40:43,251 - INFO -   2 licitacoes TI nesta pagina
2026-03-07 19:40:43,252 - INFO -   Total: 3948 de 8221
2026-03-07 19:40:44,252 - INFO - Pagina 819 (Modalidade: 8)
2026-03-07 19:40:44,252 - INFO - Requisicao (tentativa 1/5): https://pncp.gov.br/api/consulta/v1/contratacoes/publicacao
2026-03-07 19:40:45,270 - INFO - Requisicao bem-sucedida
2026-03-07 19:40:45,271 - INFO -   5 licitacoes TI nesta pagina
2026-03-07 19:40:45,271 - INFO -   Total: 3953 de 8231
2026-03-07 19:40:46,282 - INFO - Pagina 820 (Modalidade: 8)
2026-03-07 19:40:46,282 - INFO - Requisicao (tentativa 1/5): https://pncp.gov.br/api/consulta/v1/contratacoes/publicacao
2026-03-07 19:40:47,063 - INFO - Requisicao bem-sucedida
2026-03-07 19:40:47,064 - INFO -   4 licitacoes TI nesta pagina
2026-03-07 19:40:47,064 - INFO -   Total: 3957 de 8241
2026-03-07 19:40:48,076 - INFO - Pagina 821 (Modalidade: 8)
2026-03-07 19:40:48,077 - INFO - Requisicao (tentativa 1/5): https://pncp.gov.br/api/consulta/v1/contratacoes/publicacao
2026-03-07 19:40:48,439 - INFO - Requisicao bem-sucedida
2026-03-07 19:40:48,440 - INFO -   4 licitacoes TI nesta pagina
2026-03-07 19:40:48,440 - INFO -   Total: 3961 de 8251
2026-03-07 19:40:49,449 - INFO - Pagina 822 (Modalidade: 8)
2026-03-07 19:40:49,449 - INFO - Requisicao (tentativa 1/5): https://pncp.gov.br/api/consulta/v1/contratacoes/publicacao
2026-03-07 19:42:34,357 - WARNING - Erro 500 do servidor PNCP
2026-03-07 19:42:34,359 - INFO - Aguardando 5s antes de tentar novamente...
2026-03-07 19:42:39,364 - INFO - Requisicao (tentativa 2/5): https://pncp.gov.br/api/consulta/v1/contratacoes/publicacao
2026-03-07 19:42:40,392 - INFO - Requisicao bem-sucedida
2026-03-07 19:42:40,393 - INFO -   0 licitacoes TI nesta pagina
2026-03-07 19:42:40,393 - INFO -   Total: 3961 de 8261
2026-03-07 19:42:41,395 - INFO - Pagina 823 (Modalidade: 8)
2026-03-07 19:42:41,396 - INFO - Requisicao (tentativa 1/5): https://pncp.gov.br/api/consulta/v1/contratacoes/publicacao
2026-03-07 19:42:43,543 - INFO - Requisicao bem-sucedida
2026-03-07 19:42:43,545 - INFO -   5 licitacoes TI nesta pagina
2026-03-07 19:42:43,545 - INFO -   Total: 3966 de 8271
2026-03-07 19:42:44,551 - INFO - Pagina 824 (Modalidade: 8)
2026-03-07 19:42:44,552 - INFO - Requisicao (tentativa 1/5): https://pncp.gov.br/api/consulta/v1/contratacoes/publicacao
2026-03-07 19:42:45,966 - INFO - Requisicao bem-sucedida
2026-03-07 19:42:45,967 - INFO -   7 licitacoes TI nesta pagina
2026-03-07 19:42:45,967 - INFO -   Total: 3973 de 8281
2026-03-07 19:42:46,969 - INFO - Pagina 825 (Modalidade: 8)
2026-03-07 19:42:46,970 - INFO - Requisicao (tentativa 1/5): https://pncp.gov.br/api/consulta/v1/contratacoes/publicacao
2026-03-07 19:42:47,545 - INFO - Requisicao bem-sucedida
2026-03-07 19:42:47,546 - INFO -   5 licitacoes TI nesta pagina
2026-03-07 19:42:47,547 - INFO -   Total: 3978 de 8291
2026-03-07 19:42:48,557 - INFO - Pagina 826 (Modalidade: 8)
2026-03-07 19:42:48,557 - INFO - Requisicao (tentativa 1/5): https://pncp.gov.br/api/consulta/v1/contratacoes/publicacao
2026-03-07 19:42:49,187 - INFO - Requisicao bem-sucedida
2026-03-07 19:42:49,188 - INFO -   5 licitacoes TI nesta pagina
2026-03-07 19:42:49,189 - INFO -   Total: 3983 de 8301
2026-03-07 19:42:50,203 - INFO - Pagina 827 (Modalidade: 8)
2026-03-07 19:42:50,203 - INFO - Requisicao (tentativa 1/5): https://pncp.gov.br/api/consulta/v1/contratacoes/publicacao
2026-03-07 19:42:51,661 - INFO - Requisicao bem-sucedida
2026-03-07 19:42:51,662 - INFO -   0 licitacoes TI nesta pagina
2026-03-07 19:42:51,662 - INFO -   Total: 3983 de 8311
2026-03-07 19:42:52,669 - INFO - Pagina 828 (Modalidade: 8)
2026-03-07 19:42:52,670 - INFO - Requisicao (tentativa 1/5): https://pncp.gov.br/api/consulta/v1/contratacoes/publicacao
2026-03-07 19:42:53,810 - INFO - Requisicao bem-sucedida
2026-03-07 19:42:53,812 - INFO -   3 licitacoes TI nesta pagina
2026-03-07 19:42:53,812 - INFO -   Total: 3986 de 8321
2026-03-07 19:42:54,820 - INFO - Pagina 829 (Modalidade: 8)
2026-03-07 19:42:54,821 - INFO - Requisicao (tentativa 1/5): https://pncp.gov.br/api/consulta/v1/contratacoes/publicacao
2026-03-07 19:42:55,268 - INFO - Requisicao bem-sucedida
2026-03-07 19:42:55,270 - INFO -   3 licitacoes TI nesta pagina
2026-03-07 19:42:55,270 - INFO -   Total: 3989 de 8331
2026-03-07 19:42:56,278 - INFO - Pagina 830 (Modalidade: 8)
2026-03-07 19:42:56,278 - INFO - Requisicao (tentativa 1/5): https://pncp.gov.br/api/consulta/v1/contratacoes/publicacao
2026-03-07 19:42:57,362 - INFO - Requisicao bem-sucedida
2026-03-07 19:42:57,364 - INFO -   2 licitacoes TI nesta pagina
2026-03-07 19:42:57,365 - INFO -   Total: 3991 de 8341
2026-03-07 19:42:58,367 - INFO - Pagina 831 (Modalidade: 8)
2026-03-07 19:42:58,367 - INFO - Requisicao (tentativa 1/5): https://pncp.gov.br/api/consulta/v1/contratacoes/publicacao
2026-03-07 19:43:00,312 - INFO - Requisicao bem-sucedida
2026-03-07 19:43:00,314 - INFO -   3 licitacoes TI nesta pagina
2026-03-07 19:43:00,314 - INFO -   Total: 3994 de 8351
2026-03-07 19:43:01,327 - INFO - Pagina 832 (Modalidade: 8)
2026-03-07 19:43:01,328 - INFO - Requisicao (tentativa 1/5): https://pncp.gov.br/api/consulta/v1/contratacoes/publicacao
2026-03-07 19:43:01,702 - INFO - Requisicao bem-sucedida
2026-03-07 19:43:01,703 - INFO -   0 licitacoes TI nesta pagina
2026-03-07 19:43:01,703 - INFO -   Total: 3994 de 8361
2026-03-07 19:43:02,709 - INFO - Pagina 833 (Modalidade: 8)
2026-03-07 19:43:02,709 - INFO - Requisicao (tentativa 1/5): https://pncp.gov.br/api/consulta/v1/contratacoes/publicacao
2026-03-07 19:43:04,159 - INFO - Requisicao bem-sucedida
2026-03-07 19:43:04,160 - INFO -   1 licitacoes TI nesta pagina
2026-03-07 19:43:04,160 - INFO -   Total: 3995 de 8371
2026-03-07 19:43:05,165 - INFO - Pagina 834 (Modalidade: 8)
2026-03-07 19:43:05,165 - INFO - Requisicao (tentativa 1/5): https://pncp.gov.br/api/consulta/v1/contratacoes/publicacao
2026-03-07 19:43:06,968 - INFO - Requisicao bem-sucedida
2026-03-07 19:43:06,969 - INFO -   4 licitacoes TI nesta pagina
2026-03-07 19:43:06,970 - INFO -   Total: 3999 de 8381
2026-03-07 19:43:07,974 - INFO - Pagina 835 (Modalidade: 8)
2026-03-07 19:43:07,975 - INFO - Requisicao (tentativa 1/5): https://pncp.gov.br/api/consulta/v1/contratacoes/publicacao
2026-03-07 19:43:08,484 - INFO - Requisicao bem-sucedida
2026-03-07 19:43:08,485 - INFO -   2 licitacoes TI nesta pagina
2026-03-07 19:43:08,485 - INFO -   Total: 4001 de 8391
2026-03-07 19:43:09,494 - INFO - Pagina 836 (Modalidade: 8)
2026-03-07 19:43:09,494 - INFO - Requisicao (tentativa 1/5): https://pncp.gov.br/api/consulta/v1/contratacoes/publicacao
2026-03-07 19:43:10,469 - INFO - Requisicao bem-sucedida
2026-03-07 19:43:10,470 - INFO -   4 licitacoes TI nesta pagina
2026-03-07 19:43:10,471 - INFO -   Total: 4005 de 8401
2026-03-07 19:43:11,483 - INFO - Pagina 837 (Modalidade: 8)
2026-03-07 19:43:11,484 - INFO - Requisicao (tentativa 1/5): https://pncp.gov.br/api/consulta/v1/contratacoes/publicacao
2026-03-07 19:43:12,168 - INFO - Requisicao bem-sucedida
2026-03-07 19:43:12,169 - INFO -   8 licitacoes TI nesta pagina
2026-03-07 19:43:12,169 - INFO -   Total: 4013 de 8411
2026-03-07 19:43:13,184 - INFO - Pagina 838 (Modalidade: 8)
2026-03-07 19:43:13,184 - INFO - Requisicao (tentativa 1/5): https://pncp.gov.br/api/consulta/v1/contratacoes/publicacao
2026-03-07 19:43:13,483 - INFO - Requisicao bem-sucedida
2026-03-07 19:43:13,486 - INFO -   5 licitacoes TI nesta pagina
2026-03-07 19:43:13,486 - INFO -   Total: 4018 de 8421
2026-03-07 19:43:14,489 - INFO - Pagina 839 (Modalidade: 8)
2026-03-07 19:43:14,489 - INFO - Requisicao (tentativa 1/5): https://pncp.gov.br/api/consulta/v1/contratacoes/publicacao
2026-03-07 19:43:15,203 - INFO - Requisicao bem-sucedida
2026-03-07 19:43:15,204 - INFO -   4 licitacoes TI nesta pagina
2026-03-07 19:43:15,204 - INFO -   Total: 4022 de 8431
2026-03-07 19:43:16,206 - INFO - Pagina 840 (Modalidade: 8)
2026-03-07 19:43:16,206 - INFO - Requisicao (tentativa 1/5): https://pncp.gov.br/api/consulta/v1/contratacoes/publicacao
2026-03-07 19:43:16,719 - INFO - Requisicao bem-sucedida
2026-03-07 19:43:16,720 - INFO -   3 licitacoes TI nesta pagina
2026-03-07 19:43:16,720 - INFO -   Total: 4025 de 8441
2026-03-07 19:43:17,729 - INFO - Pagina 841 (Modalidade: 8)
2026-03-07 19:43:17,730 - INFO - Requisicao (tentativa 1/5): https://pncp.gov.br/api/consulta/v1/contratacoes/publicacao
2026-03-07 19:43:18,031 - INFO - Requisicao bem-sucedida
2026-03-07 19:43:18,032 - INFO -   7 licitacoes TI nesta pagina
2026-03-07 19:43:18,032 - INFO -   Total: 4032 de 8451
2026-03-07 19:43:19,039 - INFO - Pagina 842 (Modalidade: 8)
2026-03-07 19:43:19,040 - INFO - Requisicao (tentativa 1/5): https://pncp.gov.br/api/consulta/v1/contratacoes/publicacao
2026-03-07 19:43:19,347 - INFO - Requisicao bem-sucedida
2026-03-07 19:43:19,350 - INFO -   1 licitacoes TI nesta pagina
2026-03-07 19:43:19,350 - INFO -   Total: 4033 de 8461
2026-03-07 19:43:20,353 - INFO - Pagina 843 (Modalidade: 8)
2026-03-07 19:43:20,354 - INFO - Requisicao (tentativa 1/5): https://pncp.gov.br/api/consulta/v1/contratacoes/publicacao
2026-03-07 19:44:04,936 - WARNING - Erro 500 do servidor PNCP
2026-03-07 19:44:04,937 - INFO - Aguardando 5s antes de tentar novamente...
2026-03-07 19:44:09,941 - INFO - Requisicao (tentativa 2/5): https://pncp.gov.br/api/consulta/v1/contratacoes/publicacao
2026-03-07 19:44:10,244 - INFO - Requisicao bem-sucedida
2026-03-07 19:44:10,245 - INFO -   7 licitacoes TI nesta pagina
2026-03-07 19:44:10,246 - INFO -   Total: 4040 de 8471
2026-03-07 19:44:11,251 - INFO - Pagina 844 (Modalidade: 8)
2026-03-07 19:44:11,252 - INFO - Requisicao (tentativa 1/5): https://pncp.gov.br/api/consulta/v1/contratacoes/publicacao
2026-03-07 19:44:11,561 - INFO - Requisicao bem-sucedida
2026-03-07 19:44:11,564 - INFO -   7 licitacoes TI nesta pagina
2026-03-07 19:44:11,565 - INFO -   Total: 4047 de 8481
2026-03-07 19:44:12,571 - INFO - Pagina 845 (Modalidade: 8)
2026-03-07 19:44:12,573 - INFO - Requisicao (tentativa 1/5): https://pncp.gov.br/api/consulta/v1/contratacoes/publicacao
2026-03-07 19:44:42,609 - WARNING - Erro 500 do servidor PNCP
2026-03-07 19:44:42,609 - INFO - Aguardando 5s antes de tentar novamente...
2026-03-07 19:44:47,614 - INFO - Requisicao (tentativa 2/5): https://pncp.gov.br/api/consulta/v1/contratacoes/publicacao
2026-03-07 19:44:48,361 - INFO - Requisicao bem-sucedida
2026-03-07 19:44:48,364 - INFO -   6 licitacoes TI nesta pagina
2026-03-07 19:44:48,364 - INFO -   Total: 4053 de 8491
2026-03-07 19:44:49,374 - INFO - Pagina 846 (Modalidade: 8)
2026-03-07 19:44:49,375 - INFO - Requisicao (tentativa 1/5): https://pncp.gov.br/api/consulta/v1/contratacoes/publicacao
2026-03-07 19:44:49,660 - INFO - Requisicao bem-sucedida
2026-03-07 19:44:49,661 - INFO -   8 licitacoes TI nesta pagina
2026-03-07 19:44:49,661 - INFO -   Total: 4061 de 8501
2026-03-07 19:44:50,666 - INFO - Pagina 847 (Modalidade: 8)
2026-03-07 19:44:50,667 - INFO - Requisicao (tentativa 1/5): https://pncp.gov.br/api/consulta/v1/contratacoes/publicacao
2026-03-07 19:44:51,303 - INFO - Requisicao bem-sucedida
2026-03-07 19:44:51,304 - INFO -   3 licitacoes TI nesta pagina
2026-03-07 19:44:51,304 - INFO -   Total: 4064 de 8511
2026-03-07 19:44:52,309 - INFO - Pagina 848 (Modalidade: 8)
2026-03-07 19:44:52,309 - INFO - Requisicao (tentativa 1/5): https://pncp.gov.br/api/consulta/v1/contratacoes/publicacao
2026-03-07 19:44:52,586 - INFO - Requisicao bem-sucedida
2026-03-07 19:44:52,587 - INFO -   6 licitacoes TI nesta pagina
2026-03-07 19:44:52,588 - INFO -   Total: 4070 de 8521
2026-03-07 19:44:53,589 - INFO - Pagina 849 (Modalidade: 8)
2026-03-07 19:44:53,589 - INFO - Requisicao (tentativa 1/5): https://pncp.gov.br/api/consulta/v1/contratacoes/publicacao
2026-03-07 19:44:53,883 - INFO - Requisicao bem-sucedida
2026-03-07 19:44:53,886 - INFO -   5 licitacoes TI nesta pagina
2026-03-07 19:44:53,887 - INFO -   Total: 4075 de 8531
2026-03-07 19:44:54,902 - INFO - Pagina 850 (Modalidade: 8)
2026-03-07 19:44:54,903 - INFO - Requisicao (tentativa 1/5): https://pncp.gov.br/api/consulta/v1/contratacoes/publicacao
2026-03-07 19:44:55,649 - INFO - Requisicao bem-sucedida
2026-03-07 19:44:55,651 - INFO -   4 licitacoes TI nesta pagina
2026-03-07 19:44:55,651 - INFO -   Total: 4079 de 8541
2026-03-07 19:44:56,652 - INFO - Pagina 851 (Modalidade: 8)
2026-03-07 19:44:56,656 - INFO - Requisicao (tentativa 1/5): https://pncp.gov.br/api/consulta/v1/contratacoes/publicacao
2026-03-07 19:44:57,126 - INFO - Requisicao bem-sucedida
2026-03-07 19:44:57,127 - INFO -   5 licitacoes TI nesta pagina
2026-03-07 19:44:57,127 - INFO -   Total: 4084 de 8551
2026-03-07 19:44:58,130 - INFO - Pagina 852 (Modalidade: 8)
2026-03-07 19:44:58,131 - INFO - Requisicao (tentativa 1/5): https://pncp.gov.br/api/consulta/v1/contratacoes/publicacao
2026-03-07 19:44:58,699 - INFO - Requisicao bem-sucedida
2026-03-07 19:44:58,699 - INFO -   4 licitacoes TI nesta pagina
2026-03-07 19:44:58,700 - INFO -   Total: 4088 de 8561
2026-03-07 19:44:59,701 - INFO - Pagina 853 (Modalidade: 8)
2026-03-07 19:44:59,701 - INFO - Requisicao (tentativa 1/5): https://pncp.gov.br/api/consulta/v1/contratacoes/publicacao
2026-03-07 19:45:41,005 - WARNING - Erro 500 do servidor PNCP
2026-03-07 19:45:41,006 - INFO - Aguardando 5s antes de tentar novamente...
2026-03-07 19:45:46,013 - INFO - Requisicao (tentativa 2/5): https://pncp.gov.br/api/consulta/v1/contratacoes/publicacao
2026-03-07 19:45:46,822 - INFO - Requisicao bem-sucedida
2026-03-07 19:45:46,823 - INFO -   7 licitacoes TI nesta pagina
2026-03-07 19:45:46,824 - INFO -   Total: 4095 de 8571
2026-03-07 19:45:47,826 - INFO - Pagina 854 (Modalidade: 8)
2026-03-07 19:45:47,828 - INFO - Requisicao (tentativa 1/5): https://pncp.gov.br/api/consulta/v1/contratacoes/publicacao
2026-03-07 19:45:48,429 - INFO - Requisicao bem-sucedida
2026-03-07 19:45:48,431 - INFO -   3 licitacoes TI nesta pagina
2026-03-07 19:45:48,433 - INFO -   Total: 4098 de 8581
2026-03-07 19:45:49,445 - INFO - Pagina 855 (Modalidade: 8)
2026-03-07 19:45:49,446 - INFO - Requisicao (tentativa 1/5): https://pncp.gov.br/api/consulta/v1/contratacoes/publicacao
2026-03-07 19:45:49,742 - INFO - Requisicao bem-sucedida
2026-03-07 19:45:49,743 - INFO -   3 licitacoes TI nesta pagina
2026-03-07 19:45:49,744 - INFO -   Total: 4101 de 8591
2026-03-07 19:45:50,749 - INFO - Pagina 856 (Modalidade: 8)
2026-03-07 19:45:50,749 - INFO - Requisicao (tentativa 1/5): https://pncp.gov.br/api/consulta/v1/contratacoes/publicacao
2026-03-07 19:45:51,345 - INFO - Requisicao bem-sucedida
2026-03-07 19:45:51,347 - INFO -   5 licitacoes TI nesta pagina
2026-03-07 19:45:51,347 - INFO -   Total: 4106 de 8601
2026-03-07 19:45:52,360 - INFO - Pagina 857 (Modalidade: 8)
2026-03-07 19:45:52,361 - INFO - Requisicao (tentativa 1/5): https://pncp.gov.br/api/consulta/v1/contratacoes/publicacao
2026-03-07 19:45:52,658 - INFO - Requisicao bem-sucedida
2026-03-07 19:45:52,660 - INFO -   6 licitacoes TI nesta pagina
2026-03-07 19:45:52,661 - INFO -   Total: 4112 de 8611
2026-03-07 19:45:53,670 - INFO - Pagina 858 (Modalidade: 8)
2026-03-07 19:45:53,670 - INFO - Requisicao (tentativa 1/5): https://pncp.gov.br/api/consulta/v1/contratacoes/publicacao
2026-03-07 19:45:54,266 - INFO - Requisicao bem-sucedida
2026-03-07 19:45:54,267 - INFO -   5 licitacoes TI nesta pagina
2026-03-07 19:45:54,267 - INFO -   Total: 4117 de 8621
2026-03-07 19:45:55,278 - INFO - Pagina 859 (Modalidade: 8)
2026-03-07 19:45:55,279 - INFO - Requisicao (tentativa 1/5): https://pncp.gov.br/api/consulta/v1/contratacoes/publicacao
2026-03-07 19:46:30,458 - INFO - Requisicao bem-sucedida
2026-03-07 19:46:30,461 - INFO -   6 licitacoes TI nesta pagina
2026-03-07 19:46:30,461 - INFO -   Total: 4123 de 8631
2026-03-07 19:46:31,473 - INFO - Pagina 860 (Modalidade: 8)
2026-03-07 19:46:31,474 - INFO - Requisicao (tentativa 1/5): https://pncp.gov.br/api/consulta/v1/contratacoes/publicacao
2026-03-07 19:47:02,442 - WARNING - Erro 500 do servidor PNCP
2026-03-07 19:47:02,442 - INFO - Aguardando 5s antes de tentar novamente...
2026-03-07 19:47:07,448 - INFO - Requisicao (tentativa 2/5): https://pncp.gov.br/api/consulta/v1/contratacoes/publicacao
2026-03-07 19:47:07,949 - INFO - Requisicao bem-sucedida
2026-03-07 19:47:07,951 - INFO -   6 licitacoes TI nesta pagina
2026-03-07 19:47:07,952 - INFO -   Total: 4129 de 8641
2026-03-07 19:47:08,959 - INFO - Pagina 861 (Modalidade: 8)
2026-03-07 19:47:08,960 - INFO - Requisicao (tentativa 1/5): https://pncp.gov.br/api/consulta/v1/contratacoes/publicacao
2026-03-07 19:47:09,538 - INFO - Requisicao bem-sucedida
2026-03-07 19:47:09,539 - INFO -   5 licitacoes TI nesta pagina
2026-03-07 19:47:09,539 - INFO -   Total: 4134 de 8651
2026-03-07 19:47:10,551 - INFO - Pagina 862 (Modalidade: 8)
2026-03-07 19:47:10,553 - INFO - Requisicao (tentativa 1/5): https://pncp.gov.br/api/consulta/v1/contratacoes/publicacao
2026-03-07 19:47:11,135 - INFO - Requisicao bem-sucedida
2026-03-07 19:47:11,136 - INFO -   8 licitacoes TI nesta pagina
2026-03-07 19:47:11,138 - INFO -   Total: 4142 de 8661
2026-03-07 19:47:12,142 - INFO - Pagina 863 (Modalidade: 8)
2026-03-07 19:47:12,143 - INFO - Requisicao (tentativa 1/5): https://pncp.gov.br/api/consulta/v1/contratacoes/publicacao
2026-03-07 19:47:12,464 - INFO - Requisicao bem-sucedida
2026-03-07 19:47:12,467 - INFO -   7 licitacoes TI nesta pagina
2026-03-07 19:47:12,467 - INFO -   Total: 4149 de 8671
2026-03-07 19:47:13,482 - INFO - Pagina 864 (Modalidade: 8)
2026-03-07 19:47:13,482 - INFO - Requisicao (tentativa 1/5): https://pncp.gov.br/api/consulta/v1/contratacoes/publicacao
2026-03-07 19:47:13,770 - INFO - Requisicao bem-sucedida
2026-03-07 19:47:13,771 - INFO -   3 licitacoes TI nesta pagina
2026-03-07 19:47:13,772 - INFO -   Total: 4152 de 8681
2026-03-07 19:47:14,779 - INFO - Pagina 865 (Modalidade: 8)
2026-03-07 19:47:14,779 - INFO - Requisicao (tentativa 1/5): https://pncp.gov.br/api/consulta/v1/contratacoes/publicacao
2026-03-07 19:47:15,086 - INFO - Requisicao bem-sucedida
2026-03-07 19:47:15,087 - INFO -   3 licitacoes TI nesta pagina
2026-03-07 19:47:15,087 - INFO -   Total: 4155 de 8691
2026-03-07 19:47:16,089 - INFO - Pagina 866 (Modalidade: 8)
2026-03-07 19:47:16,089 - INFO - Requisicao (tentativa 1/5): https://pncp.gov.br/api/consulta/v1/contratacoes/publicacao
2026-03-07 19:47:16,541 - INFO - Requisicao bem-sucedida
2026-03-07 19:47:16,542 - INFO -   6 licitacoes TI nesta pagina
2026-03-07 19:47:16,542 - INFO -   Total: 4161 de 8701
2026-03-07 19:47:17,554 - INFO - Pagina 867 (Modalidade: 8)
2026-03-07 19:47:17,555 - INFO - Requisicao (tentativa 1/5): https://pncp.gov.br/api/consulta/v1/contratacoes/publicacao
2026-03-07 19:47:18,174 - INFO - Requisicao bem-sucedida
2026-03-07 19:47:18,175 - INFO -   4 licitacoes TI nesta pagina
2026-03-07 19:47:18,175 - INFO -   Total: 4165 de 8711
2026-03-07 19:47:19,185 - INFO - Pagina 868 (Modalidade: 8)
2026-03-07 19:47:19,186 - INFO - Requisicao (tentativa 1/5): https://pncp.gov.br/api/consulta/v1/contratacoes/publicacao
2026-03-07 19:47:19,790 - INFO - Requisicao bem-sucedida
2026-03-07 19:47:19,791 - INFO -   3 licitacoes TI nesta pagina
2026-03-07 19:47:19,793 - INFO -   Total: 4168 de 8721
2026-03-07 19:47:20,806 - INFO - Pagina 869 (Modalidade: 8)
2026-03-07 19:47:20,807 - INFO - Requisicao (tentativa 1/5): https://pncp.gov.br/api/consulta/v1/contratacoes/publicacao
2026-03-07 19:47:21,186 - INFO - Requisicao bem-sucedida
2026-03-07 19:47:21,186 - INFO -   2 licitacoes TI nesta pagina
2026-03-07 19:47:21,187 - INFO -   Total: 4170 de 8731
2026-03-07 19:47:22,198 - INFO - Pagina 870 (Modalidade: 8)
2026-03-07 19:47:22,199 - INFO - Requisicao (tentativa 1/5): https://pncp.gov.br/api/consulta/v1/contratacoes/publicacao
2026-03-07 19:47:22,769 - INFO - Requisicao bem-sucedida
2026-03-07 19:47:22,770 - INFO -   8 licitacoes TI nesta pagina
2026-03-07 19:47:22,770 - INFO -   Total: 4178 de 8741
2026-03-07 19:47:23,785 - INFO - Pagina 871 (Modalidade: 8)
2026-03-07 19:47:23,786 - INFO - Requisicao (tentativa 1/5): https://pncp.gov.br/api/consulta/v1/contratacoes/publicacao
2026-03-07 19:47:24,210 - INFO - Requisicao bem-sucedida
2026-03-07 19:47:24,210 - INFO -   4 licitacoes TI nesta pagina
2026-03-07 19:47:24,211 - INFO -   Total: 4182 de 8751
2026-03-07 19:47:25,216 - INFO - Pagina 872 (Modalidade: 8)
2026-03-07 19:47:25,216 - INFO - Requisicao (tentativa 1/5): https://pncp.gov.br/api/consulta/v1/contratacoes/publicacao
2026-03-07 19:47:25,777 - INFO - Requisicao bem-sucedida
2026-03-07 19:47:25,778 - INFO -   6 licitacoes TI nesta pagina
2026-03-07 19:47:25,779 - INFO -   Total: 4188 de 8761
2026-03-07 19:47:26,792 - INFO - Pagina 873 (Modalidade: 8)
2026-03-07 19:47:26,793 - INFO - Requisicao (tentativa 1/5): https://pncp.gov.br/api/consulta/v1/contratacoes/publicacao
2026-03-07 19:47:27,128 - INFO - Requisicao bem-sucedida
2026-03-07 19:47:27,130 - INFO -   3 licitacoes TI nesta pagina
2026-03-07 19:47:27,130 - INFO -   Total: 4191 de 8771
2026-03-07 19:47:28,131 - INFO - Pagina 874 (Modalidade: 8)
2026-03-07 19:47:28,132 - INFO - Requisicao (tentativa 1/5): https://pncp.gov.br/api/consulta/v1/contratacoes/publicacao
2026-03-07 19:47:28,839 - INFO - Requisicao bem-sucedida
2026-03-07 19:47:28,841 - INFO -   3 licitacoes TI nesta pagina
2026-03-07 19:47:28,841 - INFO -   Total: 4194 de 8781
2026-03-07 19:47:29,856 - INFO - Pagina 875 (Modalidade: 8)
2026-03-07 19:47:29,856 - INFO - Requisicao (tentativa 1/5): https://pncp.gov.br/api/consulta/v1/contratacoes/publicacao
2026-03-07 19:47:30,145 - INFO - Requisicao bem-sucedida
2026-03-07 19:47:30,146 - INFO -   2 licitacoes TI nesta pagina
2026-03-07 19:47:30,146 - INFO -   Total: 4196 de 8791
2026-03-07 19:47:31,160 - INFO - Pagina 876 (Modalidade: 8)
2026-03-07 19:47:31,162 - INFO - Requisicao (tentativa 1/5): https://pncp.gov.br/api/consulta/v1/contratacoes/publicacao
2026-03-07 19:47:31,680 - INFO - Requisicao bem-sucedida
2026-03-07 19:47:31,681 - INFO -   9 licitacoes TI nesta pagina
2026-03-07 19:47:31,682 - INFO -   Total: 4205 de 8801
2026-03-07 19:47:32,682 - INFO - Pagina 877 (Modalidade: 8)
2026-03-07 19:47:32,683 - INFO - Requisicao (tentativa 1/5): https://pncp.gov.br/api/consulta/v1/contratacoes/publicacao
2026-03-07 19:47:33,293 - INFO - Requisicao bem-sucedida
2026-03-07 19:47:33,294 - INFO -   5 licitacoes TI nesta pagina
2026-03-07 19:47:33,294 - INFO -   Total: 4210 de 8811
2026-03-07 19:47:34,309 - INFO - Pagina 878 (Modalidade: 8)
2026-03-07 19:47:34,309 - INFO - Requisicao (tentativa 1/5): https://pncp.gov.br/api/consulta/v1/contratacoes/publicacao
2026-03-07 19:47:35,087 - INFO - Requisicao bem-sucedida
2026-03-07 19:47:35,090 - INFO -   2 licitacoes TI nesta pagina
2026-03-07 19:47:35,091 - INFO -   Total: 4212 de 8821
2026-03-07 19:47:36,097 - INFO - Pagina 879 (Modalidade: 8)
2026-03-07 19:47:36,098 - INFO - Requisicao (tentativa 1/5): https://pncp.gov.br/api/consulta/v1/contratacoes/publicacao
2026-03-07 19:47:36,754 - INFO - Requisicao bem-sucedida
2026-03-07 19:47:36,756 - INFO -   3 licitacoes TI nesta pagina
2026-03-07 19:47:36,756 - INFO -   Total: 4215 de 8831
2026-03-07 19:47:37,764 - INFO - Pagina 880 (Modalidade: 8)
2026-03-07 19:47:37,764 - INFO - Requisicao (tentativa 1/5): https://pncp.gov.br/api/consulta/v1/contratacoes/publicacao
2026-03-07 19:47:38,049 - INFO - Requisicao bem-sucedida
2026-03-07 19:47:38,050 - INFO -   3 licitacoes TI nesta pagina
2026-03-07 19:47:38,051 - INFO -   Total: 4218 de 8841
2026-03-07 19:47:39,057 - INFO - Pagina 881 (Modalidade: 8)
2026-03-07 19:47:39,057 - INFO - Requisicao (tentativa 1/5): https://pncp.gov.br/api/consulta/v1/contratacoes/publicacao
2026-03-07 19:47:39,341 - INFO - Requisicao bem-sucedida
2026-03-07 19:47:39,342 - INFO -   3 licitacoes TI nesta pagina
2026-03-07 19:47:39,342 - INFO -   Total: 4221 de 8851
2026-03-07 19:47:40,352 - INFO - Pagina 882 (Modalidade: 8)
2026-03-07 19:47:40,352 - INFO - Requisicao (tentativa 1/5): https://pncp.gov.br/api/consulta/v1/contratacoes/publicacao
2026-03-07 19:47:40,644 - INFO - Requisicao bem-sucedida
2026-03-07 19:47:40,645 - INFO -   6 licitacoes TI nesta pagina
2026-03-07 19:47:40,645 - INFO -   Total: 4227 de 8861
2026-03-07 19:47:41,660 - INFO - Pagina 883 (Modalidade: 8)
2026-03-07 19:47:41,661 - INFO - Requisicao (tentativa 1/5): https://pncp.gov.br/api/consulta/v1/contratacoes/publicacao
2026-03-07 19:47:42,262 - INFO - Requisicao bem-sucedida
2026-03-07 19:47:42,264 - INFO -   5 licitacoes TI nesta pagina
2026-03-07 19:47:42,264 - INFO -   Total: 4232 de 8871
2026-03-07 19:47:43,267 - INFO - Pagina 884 (Modalidade: 8)
2026-03-07 19:47:43,268 - INFO - Requisicao (tentativa 1/5): https://pncp.gov.br/api/consulta/v1/contratacoes/publicacao
2026-03-07 19:47:43,592 - INFO - Requisicao bem-sucedida
2026-03-07 19:47:43,594 - INFO -   3 licitacoes TI nesta pagina
2026-03-07 19:47:43,594 - INFO -   Total: 4235 de 8881
2026-03-07 19:47:44,607 - INFO - Pagina 885 (Modalidade: 8)
2026-03-07 19:47:44,608 - INFO - Requisicao (tentativa 1/5): https://pncp.gov.br/api/consulta/v1/contratacoes/publicacao
2026-03-07 19:47:45,200 - INFO - Requisicao bem-sucedida
2026-03-07 19:47:45,202 - INFO -   5 licitacoes TI nesta pagina
2026-03-07 19:47:45,203 - INFO -   Total: 4240 de 8891
2026-03-07 19:47:46,210 - INFO - Pagina 886 (Modalidade: 8)
2026-03-07 19:47:46,210 - INFO - Requisicao (tentativa 1/5): https://pncp.gov.br/api/consulta/v1/contratacoes/publicacao
2026-03-07 19:47:46,533 - INFO - Requisicao bem-sucedida
2026-03-07 19:47:46,534 - INFO -   4 licitacoes TI nesta pagina
2026-03-07 19:47:46,534 - INFO -   Total: 4244 de 8901
2026-03-07 19:47:47,547 - INFO - Pagina 887 (Modalidade: 8)
2026-03-07 19:47:47,547 - INFO - Requisicao (tentativa 1/5): https://pncp.gov.br/api/consulta/v1/contratacoes/publicacao
2026-03-07 19:47:47,862 - INFO - Requisicao bem-sucedida
2026-03-07 19:47:47,863 - INFO -   4 licitacoes TI nesta pagina
2026-03-07 19:47:47,863 - INFO -   Total: 4248 de 8911
2026-03-07 19:47:48,868 - INFO - Pagina 888 (Modalidade: 8)
2026-03-07 19:47:48,868 - INFO - Requisicao (tentativa 1/5): https://pncp.gov.br/api/consulta/v1/contratacoes/publicacao
2026-03-07 19:47:49,487 - INFO - Requisicao bem-sucedida
2026-03-07 19:47:49,488 - INFO -   3 licitacoes TI nesta pagina
2026-03-07 19:47:49,488 - INFO -   Total: 4251 de 8921
2026-03-07 19:47:50,501 - INFO - Pagina 889 (Modalidade: 8)
2026-03-07 19:47:50,502 - INFO - Requisicao (tentativa 1/5): https://pncp.gov.br/api/consulta/v1/contratacoes/publicacao
2026-03-07 19:47:50,792 - INFO - Requisicao bem-sucedida
2026-03-07 19:47:50,793 - INFO -   3 licitacoes TI nesta pagina
2026-03-07 19:47:50,793 - INFO -   Total: 4254 de 8931
2026-03-07 19:47:51,809 - INFO - Pagina 890 (Modalidade: 8)
2026-03-07 19:47:51,809 - INFO - Requisicao (tentativa 1/5): https://pncp.gov.br/api/consulta/v1/contratacoes/publicacao
2026-03-07 19:47:52,471 - INFO - Requisicao bem-sucedida
2026-03-07 19:47:52,474 - INFO -   3 licitacoes TI nesta pagina
2026-03-07 19:47:52,474 - INFO -   Total: 4257 de 8941
2026-03-07 19:47:53,484 - INFO - Pagina 891 (Modalidade: 8)
2026-03-07 19:47:53,485 - INFO - Requisicao (tentativa 1/5): https://pncp.gov.br/api/consulta/v1/contratacoes/publicacao
2026-03-07 19:47:53,794 - INFO - Requisicao bem-sucedida
2026-03-07 19:47:53,795 - INFO -   5 licitacoes TI nesta pagina
2026-03-07 19:47:53,795 - INFO -   Total: 4262 de 8951
2026-03-07 19:47:54,810 - INFO - Pagina 892 (Modalidade: 8)
2026-03-07 19:47:54,811 - INFO - Requisicao (tentativa 1/5): https://pncp.gov.br/api/consulta/v1/contratacoes/publicacao
2026-03-07 19:47:55,120 - INFO - Requisicao bem-sucedida
2026-03-07 19:47:55,122 - INFO -   4 licitacoes TI nesta pagina
2026-03-07 19:47:55,122 - INFO -   Total: 4266 de 8961
2026-03-07 19:47:56,135 - INFO - Pagina 893 (Modalidade: 8)
2026-03-07 19:47:56,135 - INFO - Requisicao (tentativa 1/5): https://pncp.gov.br/api/consulta/v1/contratacoes/publicacao
2026-03-07 19:47:56,730 - INFO - Requisicao bem-sucedida
2026-03-07 19:47:56,732 - INFO -   6 licitacoes TI nesta pagina
2026-03-07 19:47:56,733 - INFO -   Total: 4272 de 8971
2026-03-07 19:47:57,733 - INFO - Pagina 894 (Modalidade: 8)
2026-03-07 19:47:57,734 - INFO - Requisicao (tentativa 1/5): https://pncp.gov.br/api/consulta/v1/contratacoes/publicacao
2026-03-07 19:48:27,774 - WARNING - Erro 500 do servidor PNCP
2026-03-07 19:48:27,775 - INFO - Aguardando 5s antes de tentar novamente...
2026-03-07 19:48:32,785 - INFO - Requisicao (tentativa 2/5): https://pncp.gov.br/api/consulta/v1/contratacoes/publicacao
2026-03-07 19:48:33,434 - INFO - Requisicao bem-sucedida
2026-03-07 19:48:33,436 - INFO -   5 licitacoes TI nesta pagina
2026-03-07 19:48:33,436 - INFO -   Total: 4277 de 8981
2026-03-07 19:48:34,442 - INFO - Pagina 895 (Modalidade: 8)
2026-03-07 19:48:34,442 - INFO - Requisicao (tentativa 1/5): https://pncp.gov.br/api/consulta/v1/contratacoes/publicacao
2026-03-07 19:48:34,737 - INFO - Requisicao bem-sucedida
2026-03-07 19:48:34,738 - INFO -   4 licitacoes TI nesta pagina
2026-03-07 19:48:34,738 - INFO -   Total: 4281 de 8991
2026-03-07 19:48:35,749 - INFO - Pagina 896 (Modalidade: 8)
2026-03-07 19:48:35,749 - INFO - Requisicao (tentativa 1/5): https://pncp.gov.br/api/consulta/v1/contratacoes/publicacao
2026-03-07 19:49:16,449 - WARNING - Erro 500 do servidor PNCP
2026-03-07 19:49:16,449 - INFO - Aguardando 5s antes de tentar novamente...
2026-03-07 19:49:21,460 - INFO - Requisicao (tentativa 2/5): https://pncp.gov.br/api/consulta/v1/contratacoes/publicacao
2026-03-07 19:49:21,749 - INFO - Requisicao bem-sucedida
2026-03-07 19:49:21,751 - INFO -   4 licitacoes TI nesta pagina
2026-03-07 19:49:21,751 - INFO -   Total: 4285 de 9001
2026-03-07 19:49:22,758 - INFO - Pagina 897 (Modalidade: 8)
2026-03-07 19:49:22,758 - INFO - Requisicao (tentativa 1/5): https://pncp.gov.br/api/consulta/v1/contratacoes/publicacao
2026-03-07 19:49:23,354 - INFO - Requisicao bem-sucedida
2026-03-07 19:49:23,356 - INFO -   5 licitacoes TI nesta pagina
2026-03-07 19:49:23,356 - INFO -   Total: 4290 de 9011
2026-03-07 19:49:24,364 - INFO - Pagina 898 (Modalidade: 8)
2026-03-07 19:49:24,364 - INFO - Requisicao (tentativa 1/5): https://pncp.gov.br/api/consulta/v1/contratacoes/publicacao
2026-03-07 19:49:24,650 - INFO - Requisicao bem-sucedida
2026-03-07 19:49:24,652 - INFO -   8 licitacoes TI nesta pagina
2026-03-07 19:49:24,653 - INFO -   Total: 4298 de 9021
2026-03-07 19:49:25,657 - INFO - Pagina 899 (Modalidade: 8)
2026-03-07 19:49:25,657 - INFO - Requisicao (tentativa 1/5): https://pncp.gov.br/api/consulta/v1/contratacoes/publicacao
2026-03-07 19:49:26,264 - INFO - Requisicao bem-sucedida
2026-03-07 19:49:26,266 - INFO -   5 licitacoes TI nesta pagina
2026-03-07 19:49:26,266 - INFO -   Total: 4303 de 9031
2026-03-07 19:49:27,276 - INFO - Pagina 900 (Modalidade: 8)
2026-03-07 19:49:27,278 - INFO - Requisicao (tentativa 1/5): https://pncp.gov.br/api/consulta/v1/contratacoes/publicacao
2026-03-07 19:49:27,701 - INFO - Requisicao bem-sucedida
2026-03-07 19:49:27,702 - INFO -   4 licitacoes TI nesta pagina
2026-03-07 19:49:27,702 - INFO -   Total: 4307 de 9041
2026-03-07 19:49:28,718 - INFO - Pagina 901 (Modalidade: 8)
2026-03-07 19:49:28,718 - INFO - Requisicao (tentativa 1/5): https://pncp.gov.br/api/consulta/v1/contratacoes/publicacao
2026-03-07 19:49:29,458 - INFO - Requisicao bem-sucedida
2026-03-07 19:49:29,460 - INFO -   5 licitacoes TI nesta pagina
2026-03-07 19:49:29,460 - INFO -   Total: 4312 de 9051
2026-03-07 19:49:30,468 - INFO - Pagina 902 (Modalidade: 8)
2026-03-07 19:49:30,469 - INFO - Requisicao (tentativa 1/5): https://pncp.gov.br/api/consulta/v1/contratacoes/publicacao
2026-03-07 19:49:30,753 - INFO - Requisicao bem-sucedida
2026-03-07 19:49:30,755 - INFO -   6 licitacoes TI nesta pagina
2026-03-07 19:49:30,755 - INFO -   Total: 4318 de 9061
2026-03-07 19:49:31,757 - INFO - Pagina 903 (Modalidade: 8)
2026-03-07 19:49:31,757 - INFO - Requisicao (tentativa 1/5): https://pncp.gov.br/api/consulta/v1/contratacoes/publicacao
2026-03-07 19:49:32,059 - INFO - Requisicao bem-sucedida
2026-03-07 19:49:32,060 - INFO -   7 licitacoes TI nesta pagina
2026-03-07 19:49:32,060 - INFO -   Total: 4325 de 9071
2026-03-07 19:49:33,065 - INFO - Pagina 904 (Modalidade: 8)
2026-03-07 19:49:33,065 - INFO - Requisicao (tentativa 1/5): https://pncp.gov.br/api/consulta/v1/contratacoes/publicacao
2026-03-07 19:49:33,355 - INFO - Requisicao bem-sucedida
2026-03-07 19:49:33,357 - INFO -   3 licitacoes TI nesta pagina
2026-03-07 19:49:33,357 - INFO -   Total: 4328 de 9081
2026-03-07 19:49:34,365 - INFO - Pagina 905 (Modalidade: 8)
2026-03-07 19:49:34,366 - INFO - Requisicao (tentativa 1/5): https://pncp.gov.br/api/consulta/v1/contratacoes/publicacao
2026-03-07 19:50:18,081 - WARNING - Erro 500 do servidor PNCP
2026-03-07 19:50:18,082 - INFO - Aguardando 5s antes de tentar novamente...
2026-03-07 19:50:23,087 - INFO - Requisicao (tentativa 2/5): https://pncp.gov.br/api/consulta/v1/contratacoes/publicacao
2026-03-07 19:50:23,383 - INFO - Requisicao bem-sucedida
2026-03-07 19:50:23,384 - INFO -   5 licitacoes TI nesta pagina
2026-03-07 19:50:23,384 - INFO -   Total: 4333 de 9091
2026-03-07 19:50:24,397 - INFO - Pagina 906 (Modalidade: 8)
2026-03-07 19:50:24,398 - INFO - Requisicao (tentativa 1/5): https://pncp.gov.br/api/consulta/v1/contratacoes/publicacao
2026-03-07 19:50:24,698 - INFO - Requisicao bem-sucedida
2026-03-07 19:50:24,699 - INFO -   7 licitacoes TI nesta pagina
2026-03-07 19:50:24,700 - INFO -   Total: 4340 de 9101
2026-03-07 19:50:25,709 - INFO - Pagina 907 (Modalidade: 8)
2026-03-07 19:50:25,709 - INFO - Requisicao (tentativa 1/5): https://pncp.gov.br/api/consulta/v1/contratacoes/publicacao
2026-03-07 19:50:26,025 - INFO - Requisicao bem-sucedida
2026-03-07 19:50:26,026 - INFO -   5 licitacoes TI nesta pagina
2026-03-07 19:50:26,027 - INFO -   Total: 4345 de 9111
2026-03-07 19:50:27,033 - INFO - Pagina 908 (Modalidade: 8)
2026-03-07 19:50:27,033 - INFO - Requisicao (tentativa 1/5): https://pncp.gov.br/api/consulta/v1/contratacoes/publicacao
2026-03-07 19:50:27,633 - INFO - Requisicao bem-sucedida
2026-03-07 19:50:27,636 - INFO -   4 licitacoes TI nesta pagina
2026-03-07 19:50:27,636 - INFO -   Total: 4349 de 9121
2026-03-07 19:50:28,642 - INFO - Pagina 909 (Modalidade: 8)
2026-03-07 19:50:28,642 - INFO - Requisicao (tentativa 1/5): https://pncp.gov.br/api/consulta/v1/contratacoes/publicacao
2026-03-07 19:50:28,930 - INFO - Requisicao bem-sucedida
2026-03-07 19:50:28,931 - INFO -   4 licitacoes TI nesta pagina
2026-03-07 19:50:28,932 - INFO -   Total: 4353 de 9131
2026-03-07 19:50:29,934 - INFO - Pagina 910 (Modalidade: 8)
2026-03-07 19:50:29,934 - INFO - Requisicao (tentativa 1/5): https://pncp.gov.br/api/consulta/v1/contratacoes/publicacao
2026-03-07 19:50:30,235 - INFO - Requisicao bem-sucedida
2026-03-07 19:50:30,236 - INFO -   5 licitacoes TI nesta pagina
2026-03-07 19:50:30,236 - INFO -   Total: 4358 de 9141
2026-03-07 19:50:31,248 - INFO - Pagina 911 (Modalidade: 8)
2026-03-07 19:50:31,249 - INFO - Requisicao (tentativa 1/5): https://pncp.gov.br/api/consulta/v1/contratacoes/publicacao
2026-03-07 19:51:16,906 - WARNING - Erro 500 do servidor PNCP
2026-03-07 19:51:16,906 - INFO - Aguardando 5s antes de tentar novamente...
2026-03-07 19:51:21,921 - INFO - Requisicao (tentativa 2/5): https://pncp.gov.br/api/consulta/v1/contratacoes/publicacao
2026-03-07 19:51:22,212 - INFO - Requisicao bem-sucedida
2026-03-07 19:51:22,213 - INFO -   7 licitacoes TI nesta pagina
2026-03-07 19:51:22,213 - INFO -   Total: 4365 de 9151
2026-03-07 19:51:23,215 - INFO - Pagina 912 (Modalidade: 8)
2026-03-07 19:51:23,215 - INFO - Requisicao (tentativa 1/5): https://pncp.gov.br/api/consulta/v1/contratacoes/publicacao
2026-03-07 19:51:23,816 - INFO - Requisicao bem-sucedida
2026-03-07 19:51:23,818 - INFO -   3 licitacoes TI nesta pagina
2026-03-07 19:51:23,819 - INFO -   Total: 4368 de 9161
2026-03-07 19:51:24,832 - INFO - Pagina 913 (Modalidade: 8)
2026-03-07 19:51:24,833 - INFO - Requisicao (tentativa 1/5): https://pncp.gov.br/api/consulta/v1/contratacoes/publicacao
2026-03-07 19:51:25,119 - INFO - Requisicao bem-sucedida
2026-03-07 19:51:25,120 - INFO -   4 licitacoes TI nesta pagina
2026-03-07 19:51:25,121 - INFO -   Total: 4372 de 9171
2026-03-07 19:51:26,127 - INFO - Pagina 914 (Modalidade: 8)
2026-03-07 19:51:26,128 - INFO - Requisicao (tentativa 1/5): https://pncp.gov.br/api/consulta/v1/contratacoes/publicacao
2026-03-07 19:51:26,443 - INFO - Requisicao bem-sucedida
2026-03-07 19:51:26,444 - INFO -   5 licitacoes TI nesta pagina
2026-03-07 19:51:26,444 - INFO -   Total: 4377 de 9181
2026-03-07 19:51:27,453 - INFO - Pagina 915 (Modalidade: 8)
2026-03-07 19:51:27,453 - INFO - Requisicao (tentativa 1/5): https://pncp.gov.br/api/consulta/v1/contratacoes/publicacao
2026-03-07 19:51:27,775 - INFO - Requisicao bem-sucedida
2026-03-07 19:51:27,775 - INFO -   5 licitacoes TI nesta pagina
2026-03-07 19:51:27,775 - INFO -   Total: 4382 de 9191
2026-03-07 19:51:28,776 - INFO - Pagina 916 (Modalidade: 8)
2026-03-07 19:51:28,777 - INFO - Requisicao (tentativa 1/5): https://pncp.gov.br/api/consulta/v1/contratacoes/publicacao
2026-03-07 19:51:29,079 - INFO - Requisicao bem-sucedida
2026-03-07 19:51:29,080 - INFO -   6 licitacoes TI nesta pagina
2026-03-07 19:51:29,080 - INFO -   Total: 4388 de 9201
2026-03-07 19:51:30,095 - INFO - Pagina 917 (Modalidade: 8)
2026-03-07 19:51:30,095 - INFO - Requisicao (tentativa 1/5): https://pncp.gov.br/api/consulta/v1/contratacoes/publicacao
2026-03-07 19:51:30,435 - INFO - Requisicao bem-sucedida
2026-03-07 19:51:30,436 - INFO -   7 licitacoes TI nesta pagina
2026-03-07 19:51:30,436 - INFO -   Total: 4395 de 9211
2026-03-07 19:51:31,450 - INFO - Pagina 918 (Modalidade: 8)
2026-03-07 19:51:31,452 - INFO - Requisicao (tentativa 1/5): https://pncp.gov.br/api/consulta/v1/contratacoes/publicacao
2026-03-07 19:51:32,075 - INFO - Requisicao bem-sucedida
2026-03-07 19:51:32,077 - INFO -   2 licitacoes TI nesta pagina
2026-03-07 19:51:32,077 - INFO -   Total: 4397 de 9221
2026-03-07 19:51:33,088 - INFO - Pagina 919 (Modalidade: 8)
2026-03-07 19:51:33,088 - INFO - Requisicao (tentativa 1/5): https://pncp.gov.br/api/consulta/v1/contratacoes/publicacao
2026-03-07 19:51:33,408 - INFO - Requisicao bem-sucedida
2026-03-07 19:51:33,409 - INFO -   5 licitacoes TI nesta pagina
2026-03-07 19:51:33,409 - INFO -   Total: 4402 de 9231
2026-03-07 19:51:34,411 - INFO - Pagina 920 (Modalidade: 8)
2026-03-07 19:51:34,411 - INFO - Requisicao (tentativa 1/5): https://pncp.gov.br/api/consulta/v1/contratacoes/publicacao
2026-03-07 19:51:35,035 - INFO - Requisicao bem-sucedida
2026-03-07 19:51:35,035 - INFO -   4 licitacoes TI nesta pagina
2026-03-07 19:51:35,037 - INFO -   Total: 4406 de 9241
2026-03-07 19:51:36,049 - INFO - Pagina 921 (Modalidade: 8)
2026-03-07 19:51:36,050 - INFO - Requisicao (tentativa 1/5): https://pncp.gov.br/api/consulta/v1/contratacoes/publicacao
2026-03-07 19:51:36,377 - INFO - Requisicao bem-sucedida
2026-03-07 19:51:36,378 - INFO -   6 licitacoes TI nesta pagina
2026-03-07 19:51:36,378 - INFO -   Total: 4412 de 9251
2026-03-07 19:51:37,389 - INFO - Pagina 922 (Modalidade: 8)
2026-03-07 19:51:37,389 - INFO - Requisicao (tentativa 1/5): https://pncp.gov.br/api/consulta/v1/contratacoes/publicacao
2026-03-07 19:51:37,958 - INFO - Requisicao bem-sucedida
2026-03-07 19:51:37,959 - INFO -   4 licitacoes TI nesta pagina
2026-03-07 19:51:37,960 - INFO -   Total: 4416 de 9261
2026-03-07 19:51:38,962 - INFO - Pagina 923 (Modalidade: 8)
2026-03-07 19:51:38,963 - INFO - Requisicao (tentativa 1/5): https://pncp.gov.br/api/consulta/v1/contratacoes/publicacao
2026-03-07 19:51:39,723 - INFO - Requisicao bem-sucedida
2026-03-07 19:51:39,725 - INFO -   1 licitacoes TI nesta pagina
2026-03-07 19:51:39,725 - INFO -   Total: 4417 de 9271
2026-03-07 19:51:40,740 - INFO - Pagina 924 (Modalidade: 8)
2026-03-07 19:51:40,741 - INFO - Requisicao (tentativa 1/5): https://pncp.gov.br/api/consulta/v1/contratacoes/publicacao
2026-03-07 19:51:41,344 - INFO - Requisicao bem-sucedida
2026-03-07 19:51:41,347 - INFO -   3 licitacoes TI nesta pagina
2026-03-07 19:51:41,348 - INFO -   Total: 4420 de 9281
2026-03-07 19:51:42,360 - INFO - Pagina 925 (Modalidade: 8)
2026-03-07 19:51:42,361 - INFO - Requisicao (tentativa 1/5): https://pncp.gov.br/api/consulta/v1/contratacoes/publicacao
2026-03-07 19:51:42,950 - INFO - Requisicao bem-sucedida
2026-03-07 19:51:42,953 - INFO -   6 licitacoes TI nesta pagina
2026-03-07 19:51:42,954 - INFO -   Total: 4426 de 9291
2026-03-07 19:51:43,964 - INFO - Pagina 926 (Modalidade: 8)
2026-03-07 19:51:43,971 - INFO - Requisicao (tentativa 1/5): https://pncp.gov.br/api/consulta/v1/contratacoes/publicacao
2026-03-07 19:51:44,263 - INFO - Requisicao bem-sucedida
2026-03-07 19:51:44,265 - INFO -   7 licitacoes TI nesta pagina
2026-03-07 19:51:44,266 - INFO -   Total: 4433 de 9301
2026-03-07 19:51:45,275 - INFO - Pagina 927 (Modalidade: 8)
2026-03-07 19:51:45,275 - INFO - Requisicao (tentativa 1/5): https://pncp.gov.br/api/consulta/v1/contratacoes/publicacao
2026-03-07 19:51:45,873 - INFO - Requisicao bem-sucedida
2026-03-07 19:51:45,877 - INFO -   3 licitacoes TI nesta pagina
2026-03-07 19:51:45,878 - INFO -   Total: 4436 de 9311
2026-03-07 19:51:46,893 - INFO - Pagina 928 (Modalidade: 8)
2026-03-07 19:51:46,896 - INFO - Requisicao (tentativa 1/5): https://pncp.gov.br/api/consulta/v1/contratacoes/publicacao
2026-03-07 19:51:47,187 - INFO - Requisicao bem-sucedida
2026-03-07 19:51:47,189 - INFO -   4 licitacoes TI nesta pagina
2026-03-07 19:51:47,189 - INFO -   Total: 4440 de 9321
2026-03-07 19:51:48,197 - INFO - Pagina 929 (Modalidade: 8)
2026-03-07 19:51:48,198 - INFO - Requisicao (tentativa 1/5): https://pncp.gov.br/api/consulta/v1/contratacoes/publicacao
2026-03-07 19:51:48,791 - INFO - Requisicao bem-sucedida
2026-03-07 19:51:48,796 - INFO -   9 licitacoes TI nesta pagina
2026-03-07 19:51:48,796 - INFO -   Total: 4449 de 9331
2026-03-07 19:51:49,802 - INFO - Pagina 930 (Modalidade: 8)
2026-03-07 19:51:49,808 - INFO - Requisicao (tentativa 1/5): https://pncp.gov.br/api/consulta/v1/contratacoes/publicacao
2026-03-07 19:51:50,390 - INFO - Requisicao bem-sucedida
2026-03-07 19:51:50,394 - INFO -   5 licitacoes TI nesta pagina
2026-03-07 19:51:50,395 - INFO -   Total: 4454 de 9341
2026-03-07 19:51:51,407 - INFO - Pagina 931 (Modalidade: 8)
2026-03-07 19:51:51,410 - INFO - Requisicao (tentativa 1/5): https://pncp.gov.br/api/consulta/v1/contratacoes/publicacao
2026-03-07 19:52:21,975 - WARNING - Erro 500 do servidor PNCP
2026-03-07 19:52:21,977 - INFO - Aguardando 5s antes de tentar novamente...
2026-03-07 19:52:26,985 - INFO - Requisicao (tentativa 2/5): https://pncp.gov.br/api/consulta/v1/contratacoes/publicacao
2026-03-07 19:53:17,943 - WARNING - Erro 500 do servidor PNCP
2026-03-07 19:53:17,944 - INFO - Aguardando 10s antes de tentar novamente...
2026-03-07 19:53:27,956 - INFO - Requisicao (tentativa 3/5): https://pncp.gov.br/api/consulta/v1/contratacoes/publicacao
2026-03-07 19:54:18,262 - INFO - Requisicao bem-sucedida
2026-03-07 19:54:18,263 - INFO -   6 licitacoes TI nesta pagina
2026-03-07 19:54:18,263 - INFO -   Total: 4460 de 9351
2026-03-07 19:54:19,269 - INFO - Pagina 932 (Modalidade: 8)
2026-03-07 19:54:19,270 - INFO - Requisicao (tentativa 1/5): https://pncp.gov.br/api/consulta/v1/contratacoes/publicacao
2026-03-07 19:54:19,560 - INFO - Requisicao bem-sucedida
2026-03-07 19:54:19,561 - INFO -   5 licitacoes TI nesta pagina
2026-03-07 19:54:19,561 - INFO -   Total: 4465 de 9361
2026-03-07 19:54:20,563 - INFO - Pagina 933 (Modalidade: 8)
2026-03-07 19:54:20,564 - INFO - Requisicao (tentativa 1/5): https://pncp.gov.br/api/consulta/v1/contratacoes/publicacao
2026-03-07 19:54:20,994 - INFO - Requisicao bem-sucedida
2026-03-07 19:54:20,995 - INFO -   5 licitacoes TI nesta pagina
2026-03-07 19:54:20,996 - INFO -   Total: 4470 de 9371
2026-03-07 19:54:22,011 - INFO - Pagina 934 (Modalidade: 8)
2026-03-07 19:54:22,011 - INFO - Requisicao (tentativa 1/5): https://pncp.gov.br/api/consulta/v1/contratacoes/publicacao
2026-03-07 19:54:22,607 - INFO - Requisicao bem-sucedida
2026-03-07 19:54:22,608 - INFO -   3 licitacoes TI nesta pagina
2026-03-07 19:54:22,608 - INFO -   Total: 4473 de 9381
2026-03-07 19:54:23,618 - INFO - Pagina 935 (Modalidade: 8)
2026-03-07 19:54:23,618 - INFO - Requisicao (tentativa 1/5): https://pncp.gov.br/api/consulta/v1/contratacoes/publicacao
2026-03-07 19:54:24,212 - INFO - Requisicao bem-sucedida
2026-03-07 19:54:24,214 - INFO -   8 licitacoes TI nesta pagina
2026-03-07 19:54:24,214 - INFO -   Total: 4481 de 9391
2026-03-07 19:54:25,220 - INFO - Pagina 936 (Modalidade: 8)
2026-03-07 19:54:25,220 - INFO - Requisicao (tentativa 1/5): https://pncp.gov.br/api/consulta/v1/contratacoes/publicacao
2026-03-07 19:54:25,867 - INFO - Requisicao bem-sucedida
2026-03-07 19:54:25,868 - INFO -   4 licitacoes TI nesta pagina
2026-03-07 19:54:25,868 - INFO -   Total: 4485 de 9401
2026-03-07 19:54:26,874 - INFO - Pagina 937 (Modalidade: 8)
2026-03-07 19:54:26,874 - INFO - Requisicao (tentativa 1/5): https://pncp.gov.br/api/consulta/v1/contratacoes/publicacao
2026-03-07 19:54:27,523 - INFO - Requisicao bem-sucedida
2026-03-07 19:54:27,526 - INFO -   5 licitacoes TI nesta pagina
2026-03-07 19:54:27,526 - INFO -   Total: 4490 de 9411
2026-03-07 19:54:28,529 - INFO - Pagina 938 (Modalidade: 8)
2026-03-07 19:54:28,529 - INFO - Requisicao (tentativa 1/5): https://pncp.gov.br/api/consulta/v1/contratacoes/publicacao
2026-03-07 19:54:28,851 - INFO - Requisicao bem-sucedida
2026-03-07 19:54:28,853 - INFO -   4 licitacoes TI nesta pagina
2026-03-07 19:54:28,853 - INFO -   Total: 4494 de 9421
2026-03-07 19:54:29,857 - INFO - Pagina 939 (Modalidade: 8)
2026-03-07 19:54:29,858 - INFO - Requisicao (tentativa 1/5): https://pncp.gov.br/api/consulta/v1/contratacoes/publicacao
2026-03-07 19:54:30,536 - INFO - Requisicao bem-sucedida
2026-03-07 19:54:30,539 - INFO -   6 licitacoes TI nesta pagina
2026-03-07 19:54:30,539 - INFO -   Total: 4500 de 9431
2026-03-07 19:54:31,541 - INFO - Pagina 940 (Modalidade: 8)
2026-03-07 19:54:31,541 - INFO - Requisicao (tentativa 1/5): https://pncp.gov.br/api/consulta/v1/contratacoes/publicacao
2026-03-07 19:54:31,843 - INFO - Requisicao bem-sucedida
2026-03-07 19:54:31,845 - INFO -   4 licitacoes TI nesta pagina
2026-03-07 19:54:31,845 - INFO -   Total: 4504 de 9441
2026-03-07 19:54:32,860 - INFO - Pagina 941 (Modalidade: 8)
2026-03-07 19:54:32,861 - INFO - Requisicao (tentativa 1/5): https://pncp.gov.br/api/consulta/v1/contratacoes/publicacao
2026-03-07 19:54:33,483 - INFO - Requisicao bem-sucedida
2026-03-07 19:54:33,485 - INFO -   5 licitacoes TI nesta pagina
2026-03-07 19:54:33,486 - INFO -   Total: 4509 de 9451
2026-03-07 19:54:34,488 - INFO - Pagina 942 (Modalidade: 8)
2026-03-07 19:54:34,489 - INFO - Requisicao (tentativa 1/5): https://pncp.gov.br/api/consulta/v1/contratacoes/publicacao
2026-03-07 19:54:34,801 - INFO - Requisicao bem-sucedida
2026-03-07 19:54:34,802 - INFO -   5 licitacoes TI nesta pagina
2026-03-07 19:54:34,802 - INFO -   Total: 4514 de 9461
2026-03-07 19:54:35,812 - INFO - Pagina 943 (Modalidade: 8)
2026-03-07 19:54:35,813 - INFO - Requisicao (tentativa 1/5): https://pncp.gov.br/api/consulta/v1/contratacoes/publicacao
2026-03-07 19:54:36,457 - INFO - Requisicao bem-sucedida
2026-03-07 19:54:36,458 - INFO -   4 licitacoes TI nesta pagina
2026-03-07 19:54:36,458 - INFO -   Total: 4518 de 9471
2026-03-07 19:54:37,464 - INFO - Pagina 944 (Modalidade: 8)
2026-03-07 19:54:37,465 - INFO - Requisicao (tentativa 1/5): https://pncp.gov.br/api/consulta/v1/contratacoes/publicacao
2026-03-07 19:54:38,084 - INFO - Requisicao bem-sucedida
2026-03-07 19:54:38,085 - INFO -   5 licitacoes TI nesta pagina
2026-03-07 19:54:38,086 - INFO -   Total: 4523 de 9481
2026-03-07 19:54:39,096 - INFO - Pagina 945 (Modalidade: 8)
2026-03-07 19:54:39,096 - INFO - Requisicao (tentativa 1/5): https://pncp.gov.br/api/consulta/v1/contratacoes/publicacao
2026-03-07 19:54:39,791 - INFO - Requisicao bem-sucedida
2026-03-07 19:54:39,793 - INFO -   6 licitacoes TI nesta pagina
2026-03-07 19:54:39,794 - INFO -   Total: 4529 de 9491
2026-03-07 19:54:40,804 - INFO - Pagina 946 (Modalidade: 8)
2026-03-07 19:54:40,805 - INFO - Requisicao (tentativa 1/5): https://pncp.gov.br/api/consulta/v1/contratacoes/publicacao
2026-03-07 19:54:41,292 - INFO - Requisicao bem-sucedida
2026-03-07 19:54:41,293 - INFO -   8 licitacoes TI nesta pagina
2026-03-07 19:54:41,293 - INFO -   Total: 4537 de 9501
2026-03-07 19:54:42,298 - INFO - Pagina 947 (Modalidade: 8)
2026-03-07 19:54:42,299 - INFO - Requisicao (tentativa 1/5): https://pncp.gov.br/api/consulta/v1/contratacoes/publicacao
2026-03-07 19:54:42,601 - INFO - Requisicao bem-sucedida
2026-03-07 19:54:42,602 - INFO -   6 licitacoes TI nesta pagina
2026-03-07 19:54:42,603 - INFO -   Total: 4543 de 9511
2026-03-07 19:54:43,615 - INFO - Pagina 948 (Modalidade: 8)
2026-03-07 19:54:43,615 - INFO - Requisicao (tentativa 1/5): https://pncp.gov.br/api/consulta/v1/contratacoes/publicacao
2026-03-07 19:56:20,659 - WARNING - Erro 500 do servidor PNCP
2026-03-07 19:56:20,659 - INFO - Aguardando 5s antes de tentar novamente...
2026-03-07 19:56:25,675 - INFO - Requisicao (tentativa 2/5): https://pncp.gov.br/api/consulta/v1/contratacoes/publicacao
2026-03-07 19:56:26,301 - INFO - Requisicao bem-sucedida
2026-03-07 19:56:26,304 - INFO -   6 licitacoes TI nesta pagina
2026-03-07 19:56:26,304 - INFO -   Total: 4549 de 9521
2026-03-07 19:56:27,312 - INFO - Pagina 949 (Modalidade: 8)
2026-03-07 19:56:27,312 - INFO - Requisicao (tentativa 1/5): https://pncp.gov.br/api/consulta/v1/contratacoes/publicacao
2026-03-07 19:56:27,916 - INFO - Requisicao bem-sucedida
2026-03-07 19:56:27,917 - INFO -   8 licitacoes TI nesta pagina
2026-03-07 19:56:27,918 - INFO -   Total: 4557 de 9531
2026-03-07 19:56:28,920 - INFO - Pagina 950 (Modalidade: 8)
2026-03-07 19:56:28,921 - INFO - Requisicao (tentativa 1/5): https://pncp.gov.br/api/consulta/v1/contratacoes/publicacao
2026-03-07 19:56:29,508 - INFO - Requisicao bem-sucedida
2026-03-07 19:56:29,511 - INFO -   8 licitacoes TI nesta pagina
2026-03-07 19:56:29,512 - INFO -   Total: 4565 de 9541
2026-03-07 19:56:30,526 - INFO - Pagina 951 (Modalidade: 8)
2026-03-07 19:56:30,526 - INFO - Requisicao (tentativa 1/5): https://pncp.gov.br/api/consulta/v1/contratacoes/publicacao
2026-03-07 19:56:31,189 - INFO - Requisicao bem-sucedida
2026-03-07 19:56:31,191 - INFO -   3 licitacoes TI nesta pagina
2026-03-07 19:56:31,191 - INFO -   Total: 4568 de 9551
2026-03-07 19:56:32,191 - INFO - Pagina 952 (Modalidade: 8)
2026-03-07 19:56:32,191 - INFO - Requisicao (tentativa 1/5): https://pncp.gov.br/api/consulta/v1/contratacoes/publicacao
2026-03-07 19:56:32,767 - INFO - Requisicao bem-sucedida
2026-03-07 19:56:32,769 - INFO -   5 licitacoes TI nesta pagina
2026-03-07 19:56:32,769 - INFO -   Total: 4573 de 9561
2026-03-07 19:56:33,777 - INFO - Pagina 953 (Modalidade: 8)
2026-03-07 19:56:33,778 - INFO - Requisicao (tentativa 1/5): https://pncp.gov.br/api/consulta/v1/contratacoes/publicacao
2026-03-07 19:56:34,545 - INFO - Requisicao bem-sucedida
2026-03-07 19:56:34,546 - INFO -   3 licitacoes TI nesta pagina
2026-03-07 19:56:34,547 - INFO -   Total: 4576 de 9571
2026-03-07 19:56:35,554 - INFO - Pagina 954 (Modalidade: 8)
2026-03-07 19:56:35,555 - INFO - Requisicao (tentativa 1/5): https://pncp.gov.br/api/consulta/v1/contratacoes/publicacao
2026-03-07 19:57:24,960 - INFO - Requisicao bem-sucedida
2026-03-07 19:57:24,962 - INFO -   4 licitacoes TI nesta pagina
2026-03-07 19:57:24,962 - INFO -   Total: 4580 de 9581
2026-03-07 19:57:25,969 - INFO - Pagina 955 (Modalidade: 8)
2026-03-07 19:57:25,970 - INFO - Requisicao (tentativa 1/5): https://pncp.gov.br/api/consulta/v1/contratacoes/publicacao
2026-03-07 19:57:26,599 - INFO - Requisicao bem-sucedida
2026-03-07 19:57:26,600 - INFO -   7 licitacoes TI nesta pagina
2026-03-07 19:57:26,600 - INFO -   Total: 4587 de 9591
2026-03-07 19:57:27,603 - INFO - Pagina 956 (Modalidade: 8)
2026-03-07 19:57:27,604 - INFO - Requisicao (tentativa 1/5): https://pncp.gov.br/api/consulta/v1/contratacoes/publicacao
2026-03-07 19:57:28,176 - INFO - Requisicao bem-sucedida
2026-03-07 19:57:28,177 - INFO -   5 licitacoes TI nesta pagina
2026-03-07 19:57:28,177 - INFO -   Total: 4592 de 9601
2026-03-07 19:57:29,182 - INFO - Pagina 957 (Modalidade: 8)
2026-03-07 19:57:29,183 - INFO - Requisicao (tentativa 1/5): https://pncp.gov.br/api/consulta/v1/contratacoes/publicacao
2026-03-07 19:57:29,733 - INFO - Requisicao bem-sucedida
2026-03-07 19:57:29,734 - INFO -   10 licitacoes TI nesta pagina
2026-03-07 19:57:29,735 - INFO -   Total: 4602 de 9611
2026-03-07 19:57:30,748 - INFO - Pagina 958 (Modalidade: 8)
2026-03-07 19:57:30,748 - INFO - Requisicao (tentativa 1/5): https://pncp.gov.br/api/consulta/v1/contratacoes/publicacao
2026-03-07 19:57:31,110 - INFO - Requisicao bem-sucedida
2026-03-07 19:57:31,112 - INFO -   5 licitacoes TI nesta pagina
2026-03-07 19:57:31,112 - INFO -   Total: 4607 de 9621
2026-03-07 19:57:32,117 - INFO - Pagina 959 (Modalidade: 8)
2026-03-07 19:57:32,117 - INFO - Requisicao (tentativa 1/5): https://pncp.gov.br/api/consulta/v1/contratacoes/publicacao
2026-03-07 19:57:32,425 - INFO - Requisicao bem-sucedida
2026-03-07 19:57:32,426 - INFO -   3 licitacoes TI nesta pagina
2026-03-07 19:57:32,427 - INFO -   Total: 4610 de 9631
2026-03-07 19:57:33,441 - INFO - Pagina 960 (Modalidade: 8)
2026-03-07 19:57:33,443 - INFO - Requisicao (tentativa 1/5): https://pncp.gov.br/api/consulta/v1/contratacoes/publicacao
2026-03-07 19:57:34,009 - INFO - Requisicao bem-sucedida
2026-03-07 19:57:34,011 - INFO -   0 licitacoes TI nesta pagina
2026-03-07 19:57:34,011 - INFO -   Total: 4610 de 9641
2026-03-07 19:57:35,015 - INFO - Pagina 961 (Modalidade: 8)
2026-03-07 19:57:35,015 - INFO - Requisicao (tentativa 1/5): https://pncp.gov.br/api/consulta/v1/contratacoes/publicacao
2026-03-07 19:58:48,855 - WARNING - Erro 500 do servidor PNCP
2026-03-07 19:58:48,856 - INFO - Aguardando 5s antes de tentar novamente...
2026-03-07 19:58:53,870 - INFO - Requisicao (tentativa 2/5): https://pncp.gov.br/api/consulta/v1/contratacoes/publicacao
2026-03-07 19:58:54,160 - INFO - Requisicao bem-sucedida
2026-03-07 19:58:54,161 - INFO -   7 licitacoes TI nesta pagina
2026-03-07 19:58:54,161 - INFO -   Total: 4617 de 9651
2026-03-07 19:58:55,163 - INFO - Pagina 962 (Modalidade: 8)
2026-03-07 19:58:55,163 - INFO - Requisicao (tentativa 1/5): https://pncp.gov.br/api/consulta/v1/contratacoes/publicacao
2026-03-07 19:58:55,937 - INFO - Requisicao bem-sucedida
2026-03-07 19:58:55,938 - INFO -   3 licitacoes TI nesta pagina
2026-03-07 19:58:55,939 - INFO -   Total: 4620 de 9661
2026-03-07 19:58:56,954 - INFO - Pagina 963 (Modalidade: 8)
2026-03-07 19:58:56,954 - INFO - Requisicao (tentativa 1/5): https://pncp.gov.br/api/consulta/v1/contratacoes/publicacao
2026-03-07 19:58:57,769 - INFO - Requisicao bem-sucedida
2026-03-07 19:58:57,771 - INFO -   6 licitacoes TI nesta pagina
2026-03-07 19:58:57,771 - INFO -   Total: 4626 de 9671
2026-03-07 19:58:58,785 - INFO - Pagina 964 (Modalidade: 8)
2026-03-07 19:58:58,785 - INFO - Requisicao (tentativa 1/5): https://pncp.gov.br/api/consulta/v1/contratacoes/publicacao
2026-03-07 19:58:59,467 - INFO - Requisicao bem-sucedida
2026-03-07 19:58:59,468 - INFO -   0 licitacoes TI nesta pagina
2026-03-07 19:58:59,469 - INFO -   Total: 4626 de 9681
2026-03-07 19:59:00,484 - INFO - Pagina 965 (Modalidade: 8)
2026-03-07 19:59:00,484 - INFO - Requisicao (tentativa 1/5): https://pncp.gov.br/api/consulta/v1/contratacoes/publicacao
2026-03-07 19:59:01,100 - INFO - Requisicao bem-sucedida
2026-03-07 19:59:01,103 - INFO -   6 licitacoes TI nesta pagina
2026-03-07 19:59:01,103 - INFO -   Total: 4632 de 9691
2026-03-07 19:59:02,117 - INFO - Pagina 966 (Modalidade: 8)
2026-03-07 19:59:02,118 - INFO - Requisicao (tentativa 1/5): https://pncp.gov.br/api/consulta/v1/contratacoes/publicacao
2026-03-07 19:59:02,408 - INFO - Requisicao bem-sucedida
2026-03-07 19:59:02,410 - INFO -   2 licitacoes TI nesta pagina
2026-03-07 19:59:02,410 - INFO -   Total: 4634 de 9701
2026-03-07 19:59:03,426 - INFO - Pagina 967 (Modalidade: 8)
2026-03-07 19:59:03,426 - INFO - Requisicao (tentativa 1/5): https://pncp.gov.br/api/consulta/v1/contratacoes/publicacao
2026-03-07 19:59:03,704 - INFO - Requisicao bem-sucedida
2026-03-07 19:59:03,706 - INFO -   2 licitacoes TI nesta pagina
2026-03-07 19:59:03,706 - INFO -   Total: 4636 de 9711
2026-03-07 19:59:04,719 - INFO - Pagina 968 (Modalidade: 8)
2026-03-07 19:59:04,720 - INFO - Requisicao (tentativa 1/5): https://pncp.gov.br/api/consulta/v1/contratacoes/publicacao
2026-03-07 19:59:05,335 - INFO - Requisicao bem-sucedida
2026-03-07 19:59:05,336 - INFO -   3 licitacoes TI nesta pagina
2026-03-07 19:59:05,337 - INFO -   Total: 4639 de 9721
2026-03-07 19:59:06,342 - INFO - Pagina 969 (Modalidade: 8)
2026-03-07 19:59:06,343 - INFO - Requisicao (tentativa 1/5): https://pncp.gov.br/api/consulta/v1/contratacoes/publicacao
2026-03-07 19:59:06,900 - INFO - Requisicao bem-sucedida
2026-03-07 19:59:06,901 - INFO -   1 licitacoes TI nesta pagina
2026-03-07 19:59:06,902 - INFO -   Total: 4640 de 9731
2026-03-07 19:59:07,912 - INFO - Pagina 970 (Modalidade: 8)
2026-03-07 19:59:07,913 - INFO - Requisicao (tentativa 1/5): https://pncp.gov.br/api/consulta/v1/contratacoes/publicacao
2026-03-07 19:59:08,520 - INFO - Requisicao bem-sucedida
2026-03-07 19:59:08,522 - INFO -   9 licitacoes TI nesta pagina
2026-03-07 19:59:08,523 - INFO -   Total: 4649 de 9741
2026-03-07 19:59:09,532 - INFO - Pagina 971 (Modalidade: 8)
2026-03-07 19:59:09,532 - INFO - Requisicao (tentativa 1/5): https://pncp.gov.br/api/consulta/v1/contratacoes/publicacao
2026-03-07 19:59:09,835 - INFO - Requisicao bem-sucedida
2026-03-07 19:59:09,836 - INFO -   7 licitacoes TI nesta pagina
2026-03-07 19:59:09,836 - INFO -   Total: 4656 de 9751
2026-03-07 19:59:10,843 - INFO - Pagina 972 (Modalidade: 8)
2026-03-07 19:59:10,843 - INFO - Requisicao (tentativa 1/5): https://pncp.gov.br/api/consulta/v1/contratacoes/publicacao
2026-03-07 19:59:11,170 - INFO - Requisicao bem-sucedida
2026-03-07 19:59:11,172 - INFO -   4 licitacoes TI nesta pagina
2026-03-07 19:59:11,173 - INFO -   Total: 4660 de 9761
2026-03-07 19:59:12,184 - INFO - Pagina 973 (Modalidade: 8)
2026-03-07 19:59:12,184 - INFO - Requisicao (tentativa 1/5): https://pncp.gov.br/api/consulta/v1/contratacoes/publicacao
2026-03-07 20:00:51,626 - WARNING - Erro 500 do servidor PNCP
2026-03-07 20:00:51,626 - INFO - Aguardando 5s antes de tentar novamente...
2026-03-07 20:00:56,641 - INFO - Requisicao (tentativa 2/5): https://pncp.gov.br/api/consulta/v1/contratacoes/publicacao
2026-03-07 20:00:57,265 - INFO - Requisicao bem-sucedida
2026-03-07 20:00:57,266 - INFO -   7 licitacoes TI nesta pagina
2026-03-07 20:00:57,266 - INFO -   Total: 4667 de 9771
2026-03-07 20:00:58,280 - INFO - Pagina 974 (Modalidade: 8)
2026-03-07 20:00:58,280 - INFO - Requisicao (tentativa 1/5): https://pncp.gov.br/api/consulta/v1/contratacoes/publicacao
2026-03-07 20:00:58,848 - INFO - Requisicao bem-sucedida
2026-03-07 20:00:58,850 - INFO -   6 licitacoes TI nesta pagina
2026-03-07 20:00:58,850 - INFO -   Total: 4673 de 9781
2026-03-07 20:00:59,864 - INFO - Pagina 975 (Modalidade: 8)
2026-03-07 20:00:59,864 - INFO - Requisicao (tentativa 1/5): https://pncp.gov.br/api/consulta/v1/contratacoes/publicacao
2026-03-07 20:01:00,630 - INFO - Requisicao bem-sucedida
2026-03-07 20:01:00,631 - INFO -   8 licitacoes TI nesta pagina
2026-03-07 20:01:00,631 - INFO -   Total: 4681 de 9791
2026-03-07 20:01:01,644 - INFO - Pagina 976 (Modalidade: 8)
2026-03-07 20:01:01,644 - INFO - Requisicao (tentativa 1/5): https://pncp.gov.br/api/consulta/v1/contratacoes/publicacao
2026-03-07 20:01:02,295 - INFO - Requisicao bem-sucedida
2026-03-07 20:01:02,296 - INFO -   6 licitacoes TI nesta pagina
2026-03-07 20:01:02,296 - INFO -   Total: 4687 de 9801
2026-03-07 20:01:03,300 - INFO - Pagina 977 (Modalidade: 8)
2026-03-07 20:01:03,304 - INFO - Requisicao (tentativa 1/5): https://pncp.gov.br/api/consulta/v1/contratacoes/publicacao
2026-03-07 20:01:03,686 - INFO - Requisicao bem-sucedida
2026-03-07 20:01:03,688 - INFO -   4 licitacoes TI nesta pagina
2026-03-07 20:01:03,688 - INFO -   Total: 4691 de 9811
2026-03-07 20:01:04,689 - INFO - Pagina 978 (Modalidade: 8)
2026-03-07 20:01:04,689 - INFO - Requisicao (tentativa 1/5): https://pncp.gov.br/api/consulta/v1/contratacoes/publicacao
2026-03-07 20:01:04,983 - INFO - Requisicao bem-sucedida
2026-03-07 20:01:04,984 - INFO -   8 licitacoes TI nesta pagina
2026-03-07 20:01:04,985 - INFO -   Total: 4699 de 9821
2026-03-07 20:01:05,996 - INFO - Pagina 979 (Modalidade: 8)
2026-03-07 20:01:05,997 - INFO - Requisicao (tentativa 1/5): https://pncp.gov.br/api/consulta/v1/contratacoes/publicacao
2026-03-07 20:01:06,630 - INFO - Requisicao bem-sucedida
2026-03-07 20:01:06,632 - INFO -   8 licitacoes TI nesta pagina
2026-03-07 20:01:06,632 - INFO -   Total: 4707 de 9831
2026-03-07 20:01:07,637 - INFO - Pagina 980 (Modalidade: 8)
2026-03-07 20:01:07,639 - INFO - Requisicao (tentativa 1/5): https://pncp.gov.br/api/consulta/v1/contratacoes/publicacao
2026-03-07 20:01:07,951 - INFO - Requisicao bem-sucedida
2026-03-07 20:01:07,977 - INFO -   7 licitacoes TI nesta pagina
2026-03-07 20:01:07,978 - INFO -   Total: 4714 de 9841
2026-03-07 20:01:08,990 - INFO - Pagina 981 (Modalidade: 8)
2026-03-07 20:01:08,993 - INFO - Requisicao (tentativa 1/5): https://pncp.gov.br/api/consulta/v1/contratacoes/publicacao
2026-03-07 20:01:09,669 - INFO - Requisicao bem-sucedida
2026-03-07 20:01:09,670 - INFO -   6 licitacoes TI nesta pagina
2026-03-07 20:01:09,671 - INFO -   Total: 4720 de 9851
2026-03-07 20:01:10,672 - INFO - Pagina 982 (Modalidade: 8)
2026-03-07 20:01:10,678 - INFO - Requisicao (tentativa 1/5): https://pncp.gov.br/api/consulta/v1/contratacoes/publicacao
2026-03-07 20:01:11,276 - INFO - Requisicao bem-sucedida
2026-03-07 20:01:11,276 - INFO -   4 licitacoes TI nesta pagina
2026-03-07 20:01:11,277 - INFO -   Total: 4724 de 9861
2026-03-07 20:01:12,292 - INFO - Pagina 983 (Modalidade: 8)
2026-03-07 20:01:12,294 - INFO - Requisicao (tentativa 1/5): https://pncp.gov.br/api/consulta/v1/contratacoes/publicacao
2026-03-07 20:01:12,681 - INFO - Requisicao bem-sucedida
2026-03-07 20:01:12,682 - INFO -   4 licitacoes TI nesta pagina
2026-03-07 20:01:12,682 - INFO -   Total: 4728 de 9871
2026-03-07 20:01:13,697 - INFO - Pagina 984 (Modalidade: 8)
2026-03-07 20:01:13,706 - INFO - Requisicao (tentativa 1/5): https://pncp.gov.br/api/consulta/v1/contratacoes/publicacao
2026-03-07 20:01:14,606 - INFO - Requisicao bem-sucedida
2026-03-07 20:01:14,614 - INFO -   4 licitacoes TI nesta pagina
2026-03-07 20:01:14,614 - INFO -   Total: 4732 de 9881
2026-03-07 20:01:15,630 - INFO - Pagina 985 (Modalidade: 8)
2026-03-07 20:01:15,631 - INFO - Requisicao (tentativa 1/5): https://pncp.gov.br/api/consulta/v1/contratacoes/publicacao
2026-03-07 20:01:16,311 - INFO - Requisicao bem-sucedida
2026-03-07 20:01:16,312 - INFO -   3 licitacoes TI nesta pagina
2026-03-07 20:01:16,313 - INFO -   Total: 4735 de 9891
2026-03-07 20:01:17,325 - INFO - Pagina 986 (Modalidade: 8)
2026-03-07 20:01:17,327 - INFO - Requisicao (tentativa 1/5): https://pncp.gov.br/api/consulta/v1/contratacoes/publicacao
2026-03-07 20:01:17,986 - INFO - Requisicao bem-sucedida
2026-03-07 20:01:17,988 - INFO -   4 licitacoes TI nesta pagina
2026-03-07 20:01:17,988 - INFO -   Total: 4739 de 9901
2026-03-07 20:01:19,003 - INFO - Pagina 987 (Modalidade: 8)
2026-03-07 20:01:19,018 - INFO - Requisicao (tentativa 1/5): https://pncp.gov.br/api/consulta/v1/contratacoes/publicacao
2026-03-07 20:01:19,609 - INFO - Requisicao bem-sucedida
2026-03-07 20:01:19,612 - INFO -   4 licitacoes TI nesta pagina
2026-03-07 20:01:19,613 - INFO -   Total: 4743 de 9911
2026-03-07 20:01:20,618 - INFO - Pagina 988 (Modalidade: 8)
2026-03-07 20:01:20,618 - INFO - Requisicao (tentativa 1/5): https://pncp.gov.br/api/consulta/v1/contratacoes/publicacao
2026-03-07 20:01:21,240 - INFO - Requisicao bem-sucedida
2026-03-07 20:01:21,240 - INFO -   7 licitacoes TI nesta pagina
2026-03-07 20:01:21,240 - INFO -   Total: 4750 de 9921
2026-03-07 20:01:22,248 - INFO - Pagina 989 (Modalidade: 8)
2026-03-07 20:01:22,249 - INFO - Requisicao (tentativa 1/5): https://pncp.gov.br/api/consulta/v1/contratacoes/publicacao
2026-03-07 20:01:23,303 - INFO - Requisicao bem-sucedida
2026-03-07 20:01:23,305 - INFO -   2 licitacoes TI nesta pagina
2026-03-07 20:01:23,306 - INFO -   Total: 4752 de 9931
2026-03-07 20:01:24,318 - INFO - Pagina 990 (Modalidade: 8)
2026-03-07 20:01:24,319 - INFO - Requisicao (tentativa 1/5): https://pncp.gov.br/api/consulta/v1/contratacoes/publicacao
2026-03-07 20:01:24,949 - INFO - Requisicao bem-sucedida
2026-03-07 20:01:24,950 - INFO -   6 licitacoes TI nesta pagina
2026-03-07 20:01:24,951 - INFO -   Total: 4758 de 9941
2026-03-07 20:01:25,958 - INFO - Pagina 991 (Modalidade: 8)
2026-03-07 20:01:25,958 - INFO - Requisicao (tentativa 1/5): https://pncp.gov.br/api/consulta/v1/contratacoes/publicacao
2026-03-07 20:01:26,878 - INFO - Requisicao bem-sucedida
2026-03-07 20:01:26,880 - INFO -   6 licitacoes TI nesta pagina
2026-03-07 20:01:26,880 - INFO -   Total: 4764 de 9951
2026-03-07 20:01:27,891 - INFO - Pagina 992 (Modalidade: 8)
2026-03-07 20:01:27,892 - INFO - Requisicao (tentativa 1/5): https://pncp.gov.br/api/consulta/v1/contratacoes/publicacao
2026-03-07 20:01:28,547 - INFO - Requisicao bem-sucedida
2026-03-07 20:01:28,549 - INFO -   5 licitacoes TI nesta pagina
2026-03-07 20:01:28,549 - INFO -   Total: 4769 de 9961
2026-03-07 20:01:29,559 - INFO - Pagina 993 (Modalidade: 8)
2026-03-07 20:01:29,559 - INFO - Requisicao (tentativa 1/5): https://pncp.gov.br/api/consulta/v1/contratacoes/publicacao
2026-03-07 20:01:30,179 - INFO - Requisicao bem-sucedida
2026-03-07 20:01:30,180 - INFO -   7 licitacoes TI nesta pagina
2026-03-07 20:01:30,181 - INFO -   Total: 4776 de 9971
2026-03-07 20:01:31,184 - INFO - Pagina 994 (Modalidade: 8)
2026-03-07 20:01:31,185 - INFO - Requisicao (tentativa 1/5): https://pncp.gov.br/api/consulta/v1/contratacoes/publicacao
2026-03-07 20:01:31,687 - INFO - Requisicao bem-sucedida
2026-03-07 20:01:31,689 - INFO -   6 licitacoes TI nesta pagina
2026-03-07 20:01:31,689 - INFO -   Total: 4782 de 9981
2026-03-07 20:01:32,698 - INFO - Pagina 995 (Modalidade: 8)
2026-03-07 20:01:32,699 - INFO - Requisicao (tentativa 1/5): https://pncp.gov.br/api/consulta/v1/contratacoes/publicacao
2026-03-07 20:01:33,605 - INFO - Requisicao bem-sucedida
2026-03-07 20:01:33,608 - INFO -   4 licitacoes TI nesta pagina
2026-03-07 20:01:33,608 - INFO -   Total: 4786 de 9991
2026-03-07 20:01:34,623 - INFO - Pagina 996 (Modalidade: 8)
2026-03-07 20:01:34,623 - INFO - Requisicao (tentativa 1/5): https://pncp.gov.br/api/consulta/v1/contratacoes/publicacao
2026-03-07 20:01:34,941 - INFO - Requisicao bem-sucedida
2026-03-07 20:01:34,943 - INFO -   5 licitacoes TI nesta pagina
2026-03-07 20:01:34,944 - INFO -   Total: 4791 de 10001
2026-03-07 20:01:35,959 - INFO - Pagina 997 (Modalidade: 8)
2026-03-07 20:01:35,959 - INFO - Requisicao (tentativa 1/5): https://pncp.gov.br/api/consulta/v1/contratacoes/publicacao
2026-03-07 20:01:36,292 - INFO - Requisicao bem-sucedida
2026-03-07 20:01:36,292 - INFO -   4 licitacoes TI nesta pagina
2026-03-07 20:01:36,293 - INFO -   Total: 4795 de 10011
2026-03-07 20:01:37,298 - INFO - Pagina 998 (Modalidade: 8)
2026-03-07 20:01:37,298 - INFO - Requisicao (tentativa 1/5): https://pncp.gov.br/api/consulta/v1/contratacoes/publicacao
2026-03-07 20:01:38,117 - INFO - Requisicao bem-sucedida
2026-03-07 20:01:38,119 - INFO -   5 licitacoes TI nesta pagina
2026-03-07 20:01:38,120 - INFO -   Total: 4800 de 10021
2026-03-07 20:01:39,126 - INFO - Pagina 999 (Modalidade: 8)
2026-03-07 20:01:39,127 - INFO - Requisicao (tentativa 1/5): https://pncp.gov.br/api/consulta/v1/contratacoes/publicacao
2026-03-07 20:01:39,732 - INFO - Requisicao bem-sucedida
2026-03-07 20:01:39,733 - INFO -   4 licitacoes TI nesta pagina
2026-03-07 20:01:39,734 - INFO -   Total: 4804 de 10031
2026-03-07 20:01:40,740 - INFO - Pagina 1000 (Modalidade: 8)
2026-03-07 20:01:40,740 - INFO - Requisicao (tentativa 1/5): https://pncp.gov.br/api/consulta/v1/contratacoes/publicacao
2026-03-07 20:01:41,547 - INFO - Requisicao bem-sucedida
2026-03-07 20:01:41,550 - INFO -   7 licitacoes TI nesta pagina
2026-03-07 20:01:41,551 - INFO -   Total: 4811 de 10041
2026-03-07 20:01:42,564 - INFO - Pagina 1001 (Modalidade: 8)
2026-03-07 20:01:42,565 - INFO - Requisicao (tentativa 1/5): https://pncp.gov.br/api/consulta/v1/contratacoes/publicacao
2026-03-07 20:01:43,433 - INFO - Requisicao bem-sucedida
2026-03-07 20:01:43,493 - INFO -   7 licitacoes TI nesta pagina
2026-03-07 20:01:43,494 - INFO -   Total: 4818 de 10051
2026-03-07 20:01:44,495 - INFO - Pagina 1002 (Modalidade: 8)
2026-03-07 20:01:44,502 - INFO - Requisicao (tentativa 1/5): https://pncp.gov.br/api/consulta/v1/contratacoes/publicacao
2026-03-07 20:01:45,172 - INFO - Requisicao bem-sucedida
2026-03-07 20:01:45,174 - INFO -   3 licitacoes TI nesta pagina
2026-03-07 20:01:45,175 - INFO -   Total: 4821 de 10061
2026-03-07 20:01:46,184 - INFO - Pagina 1003 (Modalidade: 8)
2026-03-07 20:01:46,194 - INFO - Requisicao (tentativa 1/5): https://pncp.gov.br/api/consulta/v1/contratacoes/publicacao
2026-03-07 20:01:47,057 - INFO - Requisicao bem-sucedida
2026-03-07 20:01:47,076 - INFO -   6 licitacoes TI nesta pagina
2026-03-07 20:01:47,076 - INFO -   Total: 4827 de 10071
2026-03-07 20:01:48,082 - INFO - Pagina 1004 (Modalidade: 8)
2026-03-07 20:01:48,088 - INFO - Requisicao (tentativa 1/5): https://pncp.gov.br/api/consulta/v1/contratacoes/publicacao
2026-03-07 20:01:48,540 - INFO - Requisicao bem-sucedida
2026-03-07 20:01:48,545 - INFO -   7 licitacoes TI nesta pagina
2026-03-07 20:01:48,545 - INFO -   Total: 4834 de 10081
2026-03-07 20:01:49,561 - INFO - Pagina 1005 (Modalidade: 8)
2026-03-07 20:01:49,565 - INFO - Requisicao (tentativa 1/5): https://pncp.gov.br/api/consulta/v1/contratacoes/publicacao
2026-03-07 20:01:49,863 - INFO - Requisicao bem-sucedida
2026-03-07 20:01:49,867 - INFO -   9 licitacoes TI nesta pagina
2026-03-07 20:01:49,868 - INFO -   Total: 4843 de 10091
2026-03-07 20:01:50,883 - INFO - Pagina 1006 (Modalidade: 8)
2026-03-07 20:01:50,890 - INFO - Requisicao (tentativa 1/5): https://pncp.gov.br/api/consulta/v1/contratacoes/publicacao
2026-03-07 20:01:51,539 - INFO - Requisicao bem-sucedida
2026-03-07 20:01:51,542 - INFO -   9 licitacoes TI nesta pagina
2026-03-07 20:01:51,542 - INFO -   Total: 4852 de 10101
2026-03-07 20:01:52,549 - INFO - Pagina 1007 (Modalidade: 8)
2026-03-07 20:01:52,549 - INFO - Requisicao (tentativa 1/5): https://pncp.gov.br/api/consulta/v1/contratacoes/publicacao
2026-03-07 20:01:53,204 - INFO - Requisicao bem-sucedida
2026-03-07 20:01:53,208 - INFO -   6 licitacoes TI nesta pagina
2026-03-07 20:01:53,208 - INFO -   Total: 4858 de 10111
2026-03-07 20:01:54,214 - INFO - Pagina 1008 (Modalidade: 8)
2026-03-07 20:01:54,215 - INFO - Requisicao (tentativa 1/5): https://pncp.gov.br/api/consulta/v1/contratacoes/publicacao
2026-03-07 20:01:54,852 - INFO - Requisicao bem-sucedida
2026-03-07 20:01:54,853 - INFO -   5 licitacoes TI nesta pagina
2026-03-07 20:01:54,853 - INFO -   Total: 4863 de 10121
2026-03-07 20:01:55,865 - INFO - Pagina 1009 (Modalidade: 8)
2026-03-07 20:01:55,866 - INFO - Requisicao (tentativa 1/5): https://pncp.gov.br/api/consulta/v1/contratacoes/publicacao
2026-03-07 20:01:56,803 - INFO - Requisicao bem-sucedida
2026-03-07 20:01:56,813 - INFO -   6 licitacoes TI nesta pagina
2026-03-07 20:01:56,814 - INFO -   Total: 4869 de 10131
2026-03-07 20:01:57,817 - INFO - Pagina 1010 (Modalidade: 8)
2026-03-07 20:01:57,822 - INFO - Requisicao (tentativa 1/5): https://pncp.gov.br/api/consulta/v1/contratacoes/publicacao
2026-03-07 20:01:58,689 - INFO - Requisicao bem-sucedida
2026-03-07 20:01:58,690 - INFO -   5 licitacoes TI nesta pagina
2026-03-07 20:01:58,691 - INFO -   Total: 4874 de 10141
2026-03-07 20:01:59,703 - INFO - Pagina 1011 (Modalidade: 8)
2026-03-07 20:01:59,704 - INFO - Requisicao (tentativa 1/5): https://pncp.gov.br/api/consulta/v1/contratacoes/publicacao
2026-03-07 20:02:00,065 - INFO - Requisicao bem-sucedida
2026-03-07 20:02:00,066 - INFO -   6 licitacoes TI nesta pagina
2026-03-07 20:02:00,068 - INFO -   Total: 4880 de 10151
2026-03-07 20:02:01,073 - INFO - Pagina 1012 (Modalidade: 8)
2026-03-07 20:02:01,074 - INFO - Requisicao (tentativa 1/5): https://pncp.gov.br/api/consulta/v1/contratacoes/publicacao
2026-03-07 20:02:01,743 - INFO - Requisicao bem-sucedida
2026-03-07 20:02:01,745 - INFO -   5 licitacoes TI nesta pagina
2026-03-07 20:02:01,745 - INFO -   Total: 4885 de 10161
2026-03-07 20:02:02,758 - INFO - Pagina 1013 (Modalidade: 8)
2026-03-07 20:02:02,759 - INFO - Requisicao (tentativa 1/5): https://pncp.gov.br/api/consulta/v1/contratacoes/publicacao
2026-03-07 20:02:03,435 - INFO - Requisicao bem-sucedida
2026-03-07 20:02:03,436 - INFO -   4 licitacoes TI nesta pagina
2026-03-07 20:02:03,437 - INFO -   Total: 4889 de 10171
2026-03-07 20:02:04,439 - INFO - Pagina 1014 (Modalidade: 8)
2026-03-07 20:02:04,440 - INFO - Requisicao (tentativa 1/5): https://pncp.gov.br/api/consulta/v1/contratacoes/publicacao
2026-03-07 20:04:04,458 - WARNING - Timeout na requisicao (tentativa 1/5)
2026-03-07 20:04:06,470 - INFO - Requisicao (tentativa 2/5): https://pncp.gov.br/api/consulta/v1/contratacoes/publicacao
2026-03-07 20:04:07,744 - INFO - Requisicao bem-sucedida
2026-03-07 20:04:07,745 - INFO -   6 licitacoes TI nesta pagina
2026-03-07 20:04:07,745 - INFO -   Total: 4895 de 10181
2026-03-07 20:04:08,757 - INFO - Pagina 1015 (Modalidade: 8)
2026-03-07 20:04:08,757 - INFO - Requisicao (tentativa 1/5): https://pncp.gov.br/api/consulta/v1/contratacoes/publicacao
2026-03-07 20:04:10,011 - INFO - Requisicao bem-sucedida
2026-03-07 20:04:10,013 - INFO -   5 licitacoes TI nesta pagina
2026-03-07 20:04:10,013 - INFO -   Total: 4900 de 10191
2026-03-07 20:04:11,023 - INFO - Pagina 1016 (Modalidade: 8)
2026-03-07 20:04:11,023 - INFO - Requisicao (tentativa 1/5): https://pncp.gov.br/api/consulta/v1/contratacoes/publicacao
2026-03-07 20:04:12,481 - INFO - Requisicao bem-sucedida
2026-03-07 20:04:12,484 - INFO -   5 licitacoes TI nesta pagina
2026-03-07 20:04:12,485 - INFO -   Total: 4905 de 10201
2026-03-07 20:04:13,499 - INFO - Pagina 1017 (Modalidade: 8)
2026-03-07 20:04:13,499 - INFO - Requisicao (tentativa 1/5): https://pncp.gov.br/api/consulta/v1/contratacoes/publicacao
2026-03-07 20:04:14,568 - INFO - Requisicao bem-sucedida
2026-03-07 20:04:14,570 - INFO -   8 licitacoes TI nesta pagina
2026-03-07 20:04:14,570 - INFO -   Total: 4913 de 10211
2026-03-07 20:04:15,578 - INFO - Pagina 1018 (Modalidade: 8)
2026-03-07 20:04:15,579 - INFO - Requisicao (tentativa 1/5): https://pncp.gov.br/api/consulta/v1/contratacoes/publicacao
2026-03-07 20:06:15,590 - WARNING - Timeout na requisicao (tentativa 1/5)
2026-03-07 20:06:17,602 - INFO - Requisicao (tentativa 2/5): https://pncp.gov.br/api/consulta/v1/contratacoes/publicacao
2026-03-07 20:08:18,016 - WARNING - Timeout na requisicao (tentativa 2/5)
2026-03-07 20:08:20,038 - INFO - Requisicao (tentativa 3/5): https://pncp.gov.br/api/consulta/v1/contratacoes/publicacao
2026-03-07 20:08:21,823 - INFO - Requisicao bem-sucedida
2026-03-07 20:08:21,826 - INFO -   5 licitacoes TI nesta pagina
2026-03-07 20:08:21,826 - INFO -   Total: 4918 de 10221
2026-03-07 20:08:22,841 - INFO - Pagina 1019 (Modalidade: 8)
2026-03-07 20:08:22,879 - INFO - Requisicao (tentativa 1/5): https://pncp.gov.br/api/consulta/v1/contratacoes/publicacao
2026-03-07 20:08:27,580 - INFO - Requisicao bem-sucedida
2026-03-07 20:08:27,581 - INFO -   5 licitacoes TI nesta pagina
2026-03-07 20:08:27,581 - INFO -   Total: 4923 de 10231
2026-03-07 20:08:28,591 - INFO - Pagina 1020 (Modalidade: 8)
2026-03-07 20:08:28,593 - INFO - Requisicao (tentativa 1/5): https://pncp.gov.br/api/consulta/v1/contratacoes/publicacao
2026-03-07 20:08:37,057 - INFO - Requisicao bem-sucedida
2026-03-07 20:08:37,058 - INFO -   7 licitacoes TI nesta pagina
2026-03-07 20:08:37,059 - INFO -   Total: 4930 de 10241
2026-03-07 20:08:38,062 - INFO - Pagina 1021 (Modalidade: 8)
2026-03-07 20:08:38,062 - INFO - Requisicao (tentativa 1/5): https://pncp.gov.br/api/consulta/v1/contratacoes/publicacao
2026-03-07 20:08:42,074 - INFO - Requisicao bem-sucedida
2026-03-07 20:08:42,079 - INFO -   7 licitacoes TI nesta pagina
2026-03-07 20:08:42,079 - INFO -   Total: 4937 de 10251
2026-03-07 20:08:43,086 - INFO - Pagina 1022 (Modalidade: 8)
2026-03-07 20:08:43,087 - INFO - Requisicao (tentativa 1/5): https://pncp.gov.br/api/consulta/v1/contratacoes/publicacao
2026-03-07 20:10:43,110 - WARNING - Timeout na requisicao (tentativa 1/5)
2026-03-07 20:10:45,126 - INFO - Requisicao (tentativa 2/5): https://pncp.gov.br/api/consulta/v1/contratacoes/publicacao
2026-03-07 20:10:49,407 - INFO - Requisicao bem-sucedida
2026-03-07 20:10:49,409 - INFO -   4 licitacoes TI nesta pagina
2026-03-07 20:10:49,410 - INFO -   Total: 4941 de 10261
2026-03-07 20:10:50,423 - INFO - Pagina 1023 (Modalidade: 8)
2026-03-07 20:10:50,425 - INFO - Requisicao (tentativa 1/5): https://pncp.gov.br/api/consulta/v1/contratacoes/publicacao
2026-03-07 20:10:57,097 - INFO - Requisicao bem-sucedida
2026-03-07 20:10:57,105 - INFO -   4 licitacoes TI nesta pagina
2026-03-07 20:10:57,106 - INFO -   Total: 4945 de 10271
2026-03-07 20:10:58,106 - INFO - Pagina 1024 (Modalidade: 8)
2026-03-07 20:10:58,107 - INFO - Requisicao (tentativa 1/5): https://pncp.gov.br/api/consulta/v1/contratacoes/publicacao
2026-03-07 20:11:03,054 - INFO - Requisicao bem-sucedida
2026-03-07 20:11:03,057 - INFO -   7 licitacoes TI nesta pagina
2026-03-07 20:11:03,057 - INFO -   Total: 4952 de 10281
2026-03-07 20:11:04,062 - INFO - Pagina 1025 (Modalidade: 8)
2026-03-07 20:11:04,063 - INFO - Requisicao (tentativa 1/5): https://pncp.gov.br/api/consulta/v1/contratacoes/publicacao
2026-03-07 20:11:06,172 - INFO - Requisicao bem-sucedida
2026-03-07 20:11:06,173 - INFO -   3 licitacoes TI nesta pagina
2026-03-07 20:11:06,173 - INFO -   Total: 4955 de 10291
2026-03-07 20:11:07,184 - INFO - Pagina 1026 (Modalidade: 8)
2026-03-07 20:11:07,203 - INFO - Requisicao (tentativa 1/5): https://pncp.gov.br/api/consulta/v1/contratacoes/publicacao
2026-03-07 20:11:08,646 - INFO - Requisicao bem-sucedida
2026-03-07 20:11:08,648 - INFO -   6 licitacoes TI nesta pagina
2026-03-07 20:11:08,648 - INFO -   Total: 4961 de 10301
2026-03-07 20:11:09,661 - INFO - Pagina 1027 (Modalidade: 8)
2026-03-07 20:11:09,661 - INFO - Requisicao (tentativa 1/5): https://pncp.gov.br/api/consulta/v1/contratacoes/publicacao
2026-03-07 20:11:11,229 - INFO - Requisicao bem-sucedida
2026-03-07 20:11:11,230 - INFO -   4 licitacoes TI nesta pagina
2026-03-07 20:11:11,230 - INFO -   Total: 4965 de 10311
2026-03-07 20:11:12,238 - INFO - Pagina 1028 (Modalidade: 8)
2026-03-07 20:11:12,240 - INFO - Requisicao (tentativa 1/5): https://pncp.gov.br/api/consulta/v1/contratacoes/publicacao
2026-03-07 20:11:16,176 - INFO - Requisicao bem-sucedida
2026-03-07 20:11:16,179 - INFO -   6 licitacoes TI nesta pagina
2026-03-07 20:11:16,179 - INFO -   Total: 4971 de 10321
2026-03-07 20:11:17,186 - INFO - Pagina 1029 (Modalidade: 8)
2026-03-07 20:11:17,186 - INFO - Requisicao (tentativa 1/5): https://pncp.gov.br/api/consulta/v1/contratacoes/publicacao
2026-03-07 20:11:22,066 - INFO - Requisicao bem-sucedida
2026-03-07 20:11:22,068 - INFO -   7 licitacoes TI nesta pagina
2026-03-07 20:11:22,068 - INFO -   Total: 4978 de 10331
2026-03-07 20:11:23,081 - INFO - Pagina 1030 (Modalidade: 8)
2026-03-07 20:11:23,082 - INFO - Requisicao (tentativa 1/5): https://pncp.gov.br/api/consulta/v1/contratacoes/publicacao
2026-03-07 20:11:24,638 - INFO - Requisicao bem-sucedida
2026-03-07 20:11:24,639 - INFO -   3 licitacoes TI nesta pagina
2026-03-07 20:11:24,639 - INFO -   Total: 4981 de 10341
2026-03-07 20:11:25,642 - INFO - Pagina 1031 (Modalidade: 8)
2026-03-07 20:11:25,643 - INFO - Requisicao (tentativa 1/5): https://pncp.gov.br/api/consulta/v1/contratacoes/publicacao
2026-03-07 20:11:27,827 - INFO - Requisicao bem-sucedida
2026-03-07 20:11:27,843 - INFO -   8 licitacoes TI nesta pagina
2026-03-07 20:11:27,843 - INFO -   Total: 4989 de 10351
2026-03-07 20:11:28,858 - INFO - Pagina 1032 (Modalidade: 8)
2026-03-07 20:11:28,858 - INFO - Requisicao (tentativa 1/5): https://pncp.gov.br/api/consulta/v1/contratacoes/publicacao
2026-03-07 20:11:31,242 - INFO - Requisicao bem-sucedida
2026-03-07 20:11:31,245 - INFO -   6 licitacoes TI nesta pagina
2026-03-07 20:11:31,246 - INFO -   Total: 4995 de 10361
2026-03-07 20:11:32,255 - INFO - Pagina 1033 (Modalidade: 8)
2026-03-07 20:11:32,255 - INFO - Requisicao (tentativa 1/5): https://pncp.gov.br/api/consulta/v1/contratacoes/publicacao
2026-03-07 20:11:33,386 - INFO - Requisicao bem-sucedida
2026-03-07 20:11:33,388 - INFO - Limite de 5000 licitacoes atingido
2026-03-07 20:11:33,389 - INFO - Limite de licitacoes atingido
2026-03-07 20:11:33,390 - INFO - 
============================================================
2026-03-07 20:11:33,391 - INFO - COLETA FINALIZADA
2026-03-07 20:11:33,391 - INFO - Total de licitacoes verificadas: 10368
2026-03-07 20:11:33,391 - INFO - Licitacoes de TI encontradas: 5000
2026-03-07 20:11:33,391 - INFO - Licitacoes duplicadas evitadas: 0
2026-03-07 20:11:33,392 - INFO - ============================================================
2026-03-07 20:11:33,410 - INFO - Removendo duplicatas...
2026-03-07 20:11:33,869 - INFO - Exportando para Excel: radar_licitacoes_TI_PRO.xlsx
2026-03-07 20:11:34,796 - ERROR - ✗ Erro ao exportar Excel: [Errno 13] Permission denied: 'radar_licitacoes_TI_PRO.xlsx'
2026-03-07 20:11:34,805 - INFO - Exportando para CSV: dados/licitacoes.csv
2026-03-07 20:11:34,973 - INFO - ✓ CSV exportado com sucesso: 5000 registros
2026-03-07 20:11:35,009 - INFO - 
============================================================
2026-03-07 20:11:35,010 - INFO - RESUMO DA EXECUCAO
2026-03-07 20:11:35,010 - INFO - ============================================================
2026-03-07 20:11:35,010 - INFO - Total de licitacoes coletadas: 5000
2026-03-07 20:11:35,010 - INFO - Total de orgaos: 1997
2026-03-07 20:11:35,011 - INFO - Total de estados: 27
2026-03-07 20:11:35,011 - INFO - Valor total (R$): 4,227,977,232,479.78
2026-03-07 20:11:35,011 - INFO - Maior licitacao (R$): 4,227,392,338,560.00
2026-03-07 20:11:35,011 - INFO - 
Top 5 orgaos que mais contratam TI:
2026-03-07 20:11:35,012 - INFO -   1. MUNICIPIO DE VILA PROPICIO: 236 licitacoes
2026-03-07 20:11:35,012 - INFO -   2. ESTADO DO CEARA: 216 licitacoes
2026-03-07 20:11:35,012 - INFO -   3. MUNICIPIO DE ANDRADAS: 67 licitacoes
2026-03-07 20:11:35,012 - INFO -   4. COMANDO DA MARINHA: 54 licitacoes
2026-03-07 20:11:35,012 - INFO -   5. MUNICIPIO DE MAMBAI: 52 licitacoes
2026-03-07 20:11:35,013 - INFO - ============================================================
2026-03-07 20:11:35,020 - INFO - Estado salvo em radar_state.json
2026-03-07 20:11:35,020 - INFO - 
EXECUCAO CONCLUIDA COM SUCESSO

